age,income,credit_score,debt_to_income,loan_amount,employment_status,loan_purpose,predicted_probability
62,74645.75,765.2,0.2139,12727.3,employed,education,0.10777343223024001
59,110085.04,714.8,0.2943,20156.91,employed,home_improvement,0.19094615885724533
29,176178.23,684.9,0.2924,14120.12,unemployed,debt_consolidation,0.6378321830830206
41,76178.17,706.1,0.3016,7776.41,employed,debt_consolidation,0.3001582506923758
47,49447.66,659.7,0.2531,27566.97,self_employed,debt_consolidation,0.6301187749322548
69,100728.54,592.7,0.1866,9987.92,employed,debt_consolidation,0.24561319528896183
34,36088.62,631.7,0.1286,15177.04,employed,debt_consolidation,0.46939882379813047
62,49649.4,723.5,0.068,7774.75,self_employed,education,0.11569445399707938
47,46328.0,709.5,0.1531,60000.0,self_employed,home_improvement,0.6970178302851276
63,51508.06,703.1,0.0983,8103.8,employed,debt_consolidation,0.14098447743919568
22,54891.36,689.0,0.2475,12816.71,employed,home_improvement,0.38148064151970484
42,134596.01,770.3,0.4649,39297.1,employed,debt_consolidation,0.5226341915916433
49,51710.22,651.9,0.1099,22887.36,employed,education,0.3209616366940562
33,27526.56,713.0,0.263,22160.58,employed,education,0.4614683402815442
29,96593.92,647.6,0.3148,28956.87,employed,debt_consolidation,0.650466345692434
38,22478.51,581.6,0.2518,3515.73,unemployed,home_improvement,0.8020900230591503
62,104943.71,604.7,0.2588,8884.64,employed,debt_consolidation,0.2921522889445093
55,36391.85,670.3,0.1703,22188.74,employed,medical,0.47450804493634624
34,59887.47,631.1,0.3497,14110.9,employed,debt_consolidation,0.6046293248629496
45,39963.25,655.8,0.3163,16335.28,self_employed,home_improvement,0.5159047061340011
22,83336.03,672.8,0.0504,10272.78,employed,home_improvement,0.19968481608932764
41,77089.9,769.4,0.5532,4966.03,employed,home_improvement,0.28427185503637586
40,38304.14,667.3,0.499,7116.08,self_employed,debt_consolidation,0.6730057103958532
61,17441.68,670.2,0.1356,9465.2,employed,debt_consolidation,0.2569823542970652
49,60293.02,757.5,0.1285,11605.33,employed,debt_consolidation,0.15163618854203081
39,30873.61,549.1,0.304,12576.53,self_employed,debt_consolidation,0.7723208511164245
58,22385.96,659.4,0.3104,19923.34,employed,debt_consolidation,0.5243231141925568
38,38789.88,653.1,0.3456,10915.37,employed,home_improvement,0.45684912093067587
44,126518.22,754.2,0.126,11555.6,employed,debt_consolidation,0.10667681617079376
58,108292.61,710.6,0.1873,10437.12,employed,education,0.11111347592173061
46,24467.69,614.0,0.2706,9471.85,employed,home_improvement,0.43338191310728147
26,108225.11,615.0,0.0637,9381.39,self_employed,home_improvement,0.2804075894293187
45,64014.61,730.2,0.0866,6735.14,employed,business,0.1372596009817568
66,23146.17,576.4,0.1719,19000.37,employed,business,0.49554246530579654
35,22354.85,764.9,0.1641,8442.11,employed,education,0.18779522430546924
57,53844.0,610.0,0.107,9041.82,employed,debt_consolidation,0.2816090774899299
47,56450.12,714.3,0.0957,4294.65,employed,debt_consolidation,0.14798419039451305
56,51728.31,726.6,0.2439,16150.81,employed,debt_consolidation,0.2726543122557751
24,30291.76,630.1,0.4671,8924.93,employed,home_improvement,0.670857728523338
41,73822.94,681.6,0.1119,11050.36,unemployed,medical,0.6688445327776056
59,35171.93,844.9,0.1892,18925.72,employed,education,0.1042133004732713
28,43450.82,825.3,0.0691,26377.7,unemployed,debt_consolidation,0.5824543320054582
49,46712.84,676.2,0.4834,5011.28,employed,debt_consolidation,0.48924439885804977
64,37482.16,686.5,0.297,3592.68,employed,debt_consolidation,0.25230731974630605
36,45321.56,687.2,0.2361,49552.63,employed,debt_consolidation,0.7634105170704989
68,44244.78,736.3,0.4286,6549.72,self_employed,debt_consolidation,0.32836450484623075
55,21910.31,639.6,0.4767,12109.91,employed,education,0.5703603105854516
56,24851.16,696.1,0.1342,6152.98,unemployed,debt_consolidation,0.5515143249072018
22,110074.2,836.6,0.0683,24786.26,employed,debt_consolidation,0.14517729276811114
67,30842.07,651.4,0.4009,25875.42,self_employed,home_improvement,0.5958332013702964
62,31736.32,590.1,0.0264,12972.98,employed,debt_consolidation,0.30143091004296124
33,49479.18,658.8,0.0883,36325.53,retired,business,0.6566186239309209
23,114764.36,739.7,0.2785,3724.58,employed,home_improvement,0.16406882293171163
24,34353.49,615.7,0.23,17191.18,retired,debt_consolidation,0.7312438439996938
30,48957.71,644.9,0.0602,11881.86,employed,home_improvement,0.2727050733667021
35,38535.48,783.2,0.442,24824.4,employed,business,0.549160162010775
35,23652.34,703.5,0.2779,9906.89,employed,business,0.426076657181475
23,42896.98,699.0,0.3498,6961.08,employed,business,0.49309377010393374
46,30761.85,694.7,0.1999,48994.02,self_employed,home_improvement,0.6878341152762414
24,64767.35,729.4,0.2693,19007.28,employed,debt_consolidation,0.45003670548946395
62,49289.95,657.3,0.4748,22318.75,employed,debt_consolidation,0.6202146127811141
65,15000.0,636.0,0.2562,12885.63,unemployed,debt_consolidation,0.7764722477960574
68,58789.19,647.6,0.0964,8243.65,employed,debt_consolidation,0.17310038185419713
30,64972.11,677.0,0.1302,6133.84,employed,debt_consolidation,0.2740501002544367
53,35969.89,617.7,0.0341,10238.16,employed,home_improvement,0.2079440711631619
57,103077.96,665.9,0.1628,60000.0,self_employed,education,0.6464516456846037
62,58474.04,649.2,0.1809,10171.19,employed,home_improvement,0.19280602809240194
39,48493.59,662.9,0.1329,22543.49,employed,home_improvement,0.35367020018748696
27,59067.08,644.8,0.0369,15188.61,self_employed,medical,0.5115554332759222
53,31462.48,703.9,0.1209,21345.36,employed,education,0.25228259719728635
53,36525.66,608.9,0.3692,19605.41,self_employed,home_improvement,0.6427066361959821
21,22735.0,634.2,0.1351,32293.98,employed,home_improvement,0.6507619089467201
38,68250.96,503.2,0.0883,12044.35,self_employed,education,0.5549700897033388
30,64822.67,708.1,0.2275,8141.33,self_employed,business,0.37573206301440776
65,46637.8,693.6,0.2439,6770.72,employed,home_improvement,0.1606760873297809
43,28216.75,794.6,0.1001,6519.41,employed,business,0.12468793115133447
26,39715.95,702.5,0.4452,6550.87,unemployed,business,0.8555239099896625
47,30162.82,668.3,0.2296,21939.09,self_employed,debt_consolidation,0.5752316776826794
45,31305.54,695.8,0.2102,9639.76,employed,debt_consolidation,0.3221414844807388
32,39523.88,660.7,0.2152,20440.53,employed,home_improvement,0.4594458611794433
24,38139.47,743.5,0.1418,28560.72,employed,home_improvement,0.37589943096530365
51,105375.8,700.9,0.3211,31945.07,self_employed,business,0.5239141001941822
46,19737.26,588.2,0.2404,8748.39,employed,debt_consolidation,0.5475587462081409
66,56940.72,649.1,0.1556,10975.78,employed,business,0.2282572027813995
23,32199.75,686.4,0.2565,5909.08,employed,medical,0.5316496689418544
58,39707.19,675.9,0.1442,46075.89,self_employed,business,0.6506397006336988
60,27591.28,643.4,0.43,13413.97,self_employed,debt_consolidation,0.6389992057768556
48,69865.37,655.9,0.1537,19045.4,employed,business,0.3435588318248966
25,35016.39,645.0,0.2847,12487.54,self_employed,debt_consolidation,0.6708253479989953
29,32733.67,696.2,0.0785,6483.79,unemployed,home_improvement,0.5453309050220561
42,56726.21,680.7,0.3891,60000.0,unemployed,debt_consolidation,0.9715030113248987
66,23493.4,655.3,0.3794,26149.81,employed,debt_consolidation,0.6103679039301824
58,42785.85,621.3,0.1244,4161.95,employed,debt_consolidation,0.2501287417909254
42,48549.32,630.4,0.2633,13775.32,employed,debt_consolidation,0.507118769232588
33,15000.0,585.0,0.0742,36622.48,employed,debt_consolidation,0.7543069283532168
29,85566.15,784.7,0.1057,12842.14,employed,debt_consolidation,0.1522632451438758
27,84705.46,757.9,0.2734,22092.03,employed,home_improvement,0.29780404454074694
62,98936.99,696.3,0.0268,7324.57,employed,debt_consolidation,0.08352874423051473
68,33926.42,751.0,0.0437,13983.09,employed,debt_consolidation,0.11149895195385982
69,23847.36,633.9,0.3397,9341.69,employed,business,0.4181571974695641
69,47444.02,696.8,0.0346,30518.27,employed,debt_consolidation,0.24213544701722192
42,27836.21,684.7,0.4282,13876.65,self_employed,debt_consolidation,0.6610460902396211
22,42908.5,708.0,0.1127,22960.65,employed,home_improvement,0.3598229725979263
36,74448.76,694.3,0.2573,6470.01,self_employed,debt_consolidation,0.36496585252489594
26,41641.5,704.6,0.1061,8930.94,employed,debt_consolidation,0.2945441514398234
34,51939.6,698.9,0.1324,36850.83,employed,debt_consolidation,0.5444212548835605
63,38483.83,723.5,0.0986,11504.97,employed,medical,0.19992998231945028
68,107701.97,680.7,0.0818,5538.93,self_employed,medical,0.148770122659215
63,38252.87,644.0,0.3794,9459.54,retired,debt_consolidation,0.5281582820915788
48,15000.0,651.5,0.1439,17147.65,employed,debt_consolidation,0.4330199388462573
30,28000.43,748.7,0.4418,6753.32,employed,business,0.47131032171042836
69,65273.95,532.1,0.1384,3338.04,employed,debt_consolidation,0.3013171717339788
47,29388.72,652.7,0.4111,4448.39,employed,medical,0.5886246220046941
54,33582.64,652.2,0.0866,7509.88,employed,business,0.23455269596301206
54,75823.39,768.7,0.2049,11262.02,employed,home_improvement,0.10436522620689852
28,62863.87,716.9,0.3685,20040.92,employed,debt_consolidation,0.5527856319054698
38,52997.64,654.9,0.1533,6420.46,employed,debt_consolidation,0.31079914297783257
67,52328.47,764.7,0.0472,17014.99,employed,debt_consolidation,0.10325774768835082
35,48160.33,591.2,0.3849,10930.56,unemployed,education,0.8859658093919474
63,56750.66,771.9,0.2754,7665.17,employed,education,0.11510796017770915
64,67746.13,709.1,0.202,7630.98,employed,debt_consolidation,0.16006132233522843
54,52701.01,648.5,0.4648,34162.9,employed,education,0.7066813799844875
69,108696.5,708.6,0.1584,8322.79,employed,debt_consolidation,0.09869290172232038
29,31720.06,776.1,0.083,8290.66,unemployed,debt_consolidation,0.5143338157066363
50,33873.58,635.2,0.5208,11493.68,employed,home_improvement,0.5931897868297443
37,49770.75,616.1,0.2218,14453.18,employed,education,0.4577387316052742
46,101606.0,648.7,0.1407,52034.06,unemployed,debt_consolidation,0.8924143218511785
41,50886.85,602.0,0.4001,6403.92,employed,medical,0.6762759364500964
58,54640.55,688.6,0.1277,17941.17,employed,business,0.24533037200648247
24,51280.2,640.1,0.2306,7002.97,employed,home_improvement,0.39177599497470195
46,63009.93,821.2,0.031,27566.83,unemployed,home_improvement,0.34657243652624836
23,122174.83,678.7,0.2183,9545.77,employed,home_improvement,0.2309934567537418
61,65339.38,764.1,0.0987,11508.17,employed,home_improvement,0.07261179005068412
67,23302.36,656.4,0.1767,32636.47,employed,debt_consolidation,0.4952532829263472
52,53095.2,760.9,0.1025,6290.95,employed,debt_consolidation,0.11208608713176797
30,37581.58,797.7,0.1143,14282.83,employed,home_improvement,0.15055291933324427
66,48376.33,670.9,0.2323,14714.23,employed,debt_consolidation,0.29713284678614316
66,39328.93,577.1,0.0204,7539.3,employed,home_improvement,0.1812737434545376
66,39508.08,632.8,0.2446,23291.96,self_employed,debt_consolidation,0.5468995883116465
56,26991.34,681.5,0.1108,11475.25,unemployed,debt_consolidation,0.6080632542947159
48,36240.68,697.2,0.0996,6907.01,employed,debt_consolidation,0.20392763242377315
41,96571.8,632.4,0.3769,4467.16,employed,medical,0.496603154189471
63,54544.65,720.8,0.2233,22889.17,self_employed,home_improvement,0.27375412217325684
47,78144.78,703.7,0.0704,7708.6,employed,home_improvement,0.10371313498019691
44,33890.84,562.0,0.1511,9516.29,employed,medical,0.5886719580289681
43,26776.27,738.5,0.2143,13037.81,employed,debt_consolidation,0.30506153248781537
49,49653.31,658.6,0.3921,21914.38,employed,debt_consolidation,0.6113834625649568
65,49386.72,568.8,0.1526,28777.46,unemployed,business,0.851828299959487
27,20504.56,715.5,0.1528,17748.05,self_employed,debt_consolidation,0.504926300222817
32,43812.33,631.1,0.3217,34251.65,employed,home_improvement,0.7264180879684401
63,27998.89,644.4,0.3567,17701.9,self_employed,home_improvement,0.5127234628002655
30,62401.78,629.4,0.3133,16769.52,employed,business,0.6139859801131329
66,94950.88,636.2,0.0668,17226.83,employed,debt_consolidation,0.19005897414489953
44,70371.99,674.7,0.3245,7123.43,employed,education,0.2961255736224152
52,39774.35,728.7,0.443,30605.1,employed,debt_consolidation,0.6204555160982235
24,19685.55,641.8,0.0363,60000.0,employed,home_improvement,0.7927896407755209
28,18034.76,646.9,0.4958,10070.1,self_employed,home_improvement,0.7389259957451491
66,46190.69,607.0,0.596,15715.69,unemployed,home_improvement,0.8943457027331502
40,118373.21,645.5,0.4751,20610.31,retired,education,0.6188964004391996
60,42667.24,621.5,0.1226,36474.39,employed,business,0.546069802158938
53,27648.27,706.6,0.3032,19490.13,employed,debt_consolidation,0.4431523813230267
33,38799.86,702.3,0.3299,22405.61,employed,business,0.584644888159647
32,15000.0,747.8,0.1686,8255.73,employed,debt_consolidation,0.2847784383416516
33,34087.2,765.5,0.1093,8242.4,employed,debt_consolidation,0.19249417392894236
37,39896.14,627.9,0.0657,32354.65,employed,debt_consolidation,0.57705167596242
48,120168.7,718.6,0.1749,5860.86,employed,home_improvement,0.08845173460351968
64,29325.53,745.2,0.0896,7359.72,employed,home_improvement,0.08370561303810899
69,48757.0,807.2,0.2713,15691.32,employed,business,0.14384626203260034
45,15169.23,773.1,0.3623,6804.0,employed,debt_consolidation,0.3159007847617366
62,44938.89,624.1,0.3055,10886.51,employed,business,0.4186601747352953
42,35962.25,691.4,0.2174,6345.42,employed,home_improvement,0.23809987870901217
49,64220.65,617.2,0.2683,16816.99,employed,home_improvement,0.40805455995419376
26,38259.04,625.9,0.0889,12349.47,employed,debt_consolidation,0.45483601679881425
28,42250.31,772.7,0.1668,7820.22,employed,debt_consolidation,0.2211438955431554
27,38523.89,711.3,0.2026,38318.51,employed,debt_consolidation,0.6577463674163216
42,50672.06,738.2,0.1953,9784.22,retired,debt_consolidation,0.29751528028561175
23,24463.62,755.6,0.0682,11402.07,employed,business,0.24925167983612487
35,99586.31,743.9,0.2596,23275.93,employed,business,0.3313380147649788
50,87251.1,584.2,0.0503,9271.48,employed,home_improvement,0.1954513021074264
57,65566.63,678.5,0.265,8232.16,employed,home_improvement,0.20063994735654264
35,56108.24,762.1,0.1119,22129.39,employed,education,0.2108170451148711
66,42377.61,693.8,0.1445,21884.05,self_employed,home_improvement,0.256632250347947
41,15000.0,693.5,0.2639,17497.23,unemployed,education,0.7819176629886713
59,37827.37,555.7,0.0881,9556.49,employed,business,0.37285290678811284
44,22890.2,632.7,0.4698,50449.37,employed,education,0.8958377267466883
29,43732.11,681.6,0.4939,2006.73,self_employed,debt_consolidation,0.640967667626346
31,65433.21,667.0,0.4621,3581.13,employed,medical,0.6122964651745209
58,37184.86,607.5,0.4424,3171.1,self_employed,debt_consolidation,0.6028385038189811
22,49298.93,577.6,0.2144,3968.41,employed,debt_consolidation,0.5656952914082304
48,57001.41,670.4,0.0409,8051.04,employed,business,0.18084663966509545
54,72820.95,620.2,0.0977,11485.35,unemployed,debt_consolidation,0.6287566058166312
63,52701.34,743.2,0.1594,14340.8,employed,home_improvement,0.11882169819893977
68,25360.05,679.6,0.316,22941.17,employed,business,0.45741450972872383
38,57362.01,656.4,0.1183,22865.79,employed,debt_consolidation,0.4318464831760824
55,44342.86,673.9,0.3396,14810.57,employed,business,0.43653916988427227
25,54737.98,659.1,0.059,7649.4,employed,medical,0.37421550745969534
43,61850.69,660.9,0.2105,13614.0,employed,home_improvement,0.29243003975164533
22,96525.31,696.1,0.0269,25212.52,self_employed,education,0.3218059288467598
42,117657.58,692.1,0.08,9895.86,employed,home_improvement,0.10432191685982785
39,114772.31,673.0,0.3003,12632.56,unemployed,home_improvement,0.6276801221797089
37,36075.93,722.6,0.2806,22595.39,employed,medical,0.5767190052579222
66,135750.98,615.0,0.1379,3429.01,employed,debt_consolidation,0.1249487393445066
65,41434.83,749.8,0.1179,4327.97,unemployed,business,0.3372063584028111
47,42987.8,806.3,0.3866,12790.84,retired,debt_consolidation,0.35148273407534664
60,16822.54,717.1,0.3714,7319.82,self_employed,medical,0.4933775668074127
46,46333.68,696.5,0.2109,5433.1,employed,home_improvement,0.1929003853945539
43,77839.94,647.8,0.157,11641.01,employed,debt_consolidation,0.30630707306362637
24,56560.97,694.6,0.1132,4441.05,employed,home_improvement,0.1970375722603676
52,33828.38,706.3,0.1814,27644.84,employed,education,0.34882928019512344
69,41370.62,722.4,0.2467,18877.47,self_employed,debt_consolidation,0.3245847978917495
29,19937.17,726.0,0.1149,7484.42,employed,medical,0.3473974833171952
37,60161.88,708.5,0.1356,5828.73,self_employed,education,0.21297112787674882
37,53188.92,690.6,0.1502,5616.55,employed,business,0.24805080028408566
27,21191.27,652.2,0.2677,14382.49,self_employed,debt_consolidation,0.6780382282416405
54,49377.81,733.6,0.0721,7421.28,employed,home_improvement,0.09047701490536517
43,54713.9,737.7,0.0533,16988.06,unemployed,home_improvement,0.43749868888800997
38,83119.87,734.3,0.3129,57352.2,employed,business,0.7413112968017184
47,24955.46,706.3,0.2514,12043.39,employed,home_improvement,0.2817147503627028
48,51795.06,692.2,0.064,8728.5,employed,home_improvement,0.13425841513071082
35,80060.96,703.3,0.1991,43549.0,employed,debt_consolidation,0.602595032140578
31,19440.96,792.4,0.0504,8741.64,self_employed,home_improvement,0.15025551012478428
55,24060.67,676.6,0.3402,28285.5,employed,home_improvement,0.527726147863126
49,45833.48,619.0,0.1897,14799.57,employed,education,0.3731485032624671
36,46576.73,629.1,0.2311,37162.62,self_employed,business,0.7896312409661262
41,92747.98,758.3,0.1389,11607.35,employed,debt_consolidation,0.144949546960227
45,89134.16,638.5,0.4127,6173.66,employed,education,0.37783577356975573
66,121193.95,727.4,0.1706,15233.16,employed,debt_consolidation,0.11387189526228933
58,59321.78,641.6,0.0913,16683.29,self_employed,home_improvement,0.2605344613872732
58,71779.13,770.5,0.3351,10052.55,employed,business,0.18717015983636037
55,21327.94,761.7,0.0861,12561.75,self_employed,debt_consolidation,0.19949522482043583
23,23559.66,744.2,0.2162,5082.83,employed,medical,0.3992632791808988
57,68071.46,710.1,0.4037,4058.14,employed,business,0.2726314683738713
61,43493.64,667.0,0.3597,23273.06,employed,debt_consolidation,0.5305263425765531
48,65241.33,689.3,0.344,38533.71,employed,debt_consolidation,0.65771558223913
55,40615.92,725.8,0.1451,3791.58,self_employed,home_improvement,0.1412466913502523
68,32474.96,631.4,0.2699,3306.91,employed,debt_consolidation,0.3029894088945273
45,30463.13,651.4,0.2374,4430.1,employed,debt_consolidation,0.3700376388528338
47,34760.88,656.0,0.191,19683.24,unemployed,debt_consolidation,0.8003153854584935
23,62160.1,711.4,0.4673,24747.41,unemployed,business,0.9199566266599567
49,47937.46,649.7,0.3339,10255.92,employed,business,0.45373582048309075
64,35460.65,709.3,0.1626,10897.58,employed,debt_consolidation,0.19714822726730274
22,56413.95,687.8,0.0916,8415.06,employed,home_improvement,0.228128574954509
26,59339.12,659.4,0.3634,4547.1,employed,debt_consolidation,0.510027597625941
68,55290.4,580.4,0.4186,5836.13,employed,home_improvement,0.4072695057382271
68,74431.35,695.3,0.0276,6873.06,employed,debt_consolidation,0.0878592046988279
39,57426.12,755.4,0.4321,4120.9,self_employed,debt_consolidation,0.39633324430541095
24,63047.17,662.6,0.3702,15381.02,employed,medical,0.6970902939836544
29,15000.0,657.5,0.3779,4490.34,employed,debt_consolidation,0.5961315841826109
69,52166.19,807.6,0.2058,6049.36,employed,debt_consolidation,0.08131219105588203
55,41497.6,673.3,0.0668,24845.72,self_employed,home_improvement,0.3069826364212692
45,38247.1,723.3,0.2996,15032.42,self_employed,education,0.3884026198999911
40,67968.74,505.9,0.3164,9342.72,self_employed,home_improvement,0.6826019014920317
42,67725.74,722.4,0.2886,13790.54,employed,debt_consolidation,0.3285266389437688
59,46464.37,690.8,0.174,14306.04,employed,medical,0.3232869004009266
69,98348.15,715.8,0.35,7268.14,employed,business,0.1710189010833481
54,85929.9,654.9,0.2128,7008.0,employed,debt_consolidation,0.2365078533611576
61,28776.25,562.7,0.3819,8215.02,employed,business,0.6063796407154843
48,100317.55,710.9,0.1485,6475.7,employed,home_improvement,0.10109830397903338
21,16064.09,698.6,0.3256,10180.78,employed,education,0.5051620969994562
44,95909.29,694.9,0.2929,15868.94,self_employed,education,0.33890359433627093
49,20264.82,660.0,0.0359,11501.61,employed,education,0.21452627484624068
44,21704.36,674.4,0.5028,9646.14,unemployed,debt_consolidation,0.890369535532919
22,42435.67,775.3,0.1491,13801.7,employed,debt_consolidation,0.27683502412746447
28,88730.52,519.3,0.4837,16528.95,employed,business,0.8457402247183733
68,72484.83,622.6,0.2158,12982.49,employed,home_improvement,0.22512297432575995
41,31042.62,746.6,0.2116,5314.82,employed,business,0.22590668524225632
23,29268.59,689.3,0.1496,49539.97,employed,home_improvement,0.7098576726162881
38,55482.02,718.2,0.3483,26110.5,employed,debt_consolidation,0.5566259451423429
57,40547.73,689.0,0.3403,6369.6,employed,home_improvement,0.2544174662413915
50,38470.62,601.6,0.2789,8692.9,employed,home_improvement,0.4066142722622853
24,51345.29,708.1,0.4104,19200.28,employed,debt_consolidation,0.6381317964407519
61,71858.73,669.6,0.1427,6758.73,employed,home_improvement,0.1251233664258897
62,22489.39,619.3,0.2188,26177.53,employed,home_improvement,0.47011282944336397
25,100812.34,551.9,0.1459,6562.38,employed,education,0.3925356708298584
69,37464.1,767.6,0.137,24352.4,employed,debt_consolidation,0.18468387365816025
46,25404.04,685.7,0.4041,28899.9,employed,debt_consolidation,0.6996952830083003
38,47285.05,678.9,0.239,7577.91,employed,home_improvement,0.27970752828020956
45,18849.41,667.2,0.1695,23847.19,employed,home_improvement,0.4141984438994188
30,76117.83,679.3,0.0939,6127.91,self_employed,debt_consolidation,0.2861870400659803
39,17212.72,597.3,0.2374,22011.65,employed,home_improvement,0.6166431643859528
39,81088.24,638.3,0.2321,8916.69,employed,education,0.3053237857741711
32,157346.18,615.5,0.2392,18671.21,employed,debt_consolidation,0.40460531855929965
60,46874.92,684.5,0.3356,32396.08,employed,debt_consolidation,0.5710720861340186
37,49187.42,726.0,0.1308,32385.38,self_employed,education,0.4375948408232785
64,40102.59,666.3,0.1671,6111.21,unemployed,debt_consolidation,0.5612174374265405
42,36048.2,695.8,0.1653,3887.31,employed,debt_consolidation,0.2468141838018597
33,38852.88,655.2,0.0724,17078.65,employed,debt_consolidation,0.39792117870333704
42,50257.36,701.6,0.3001,8832.52,self_employed,business,0.4204603640051538
38,34751.17,729.9,0.1792,13706.01,employed,debt_consolidation,0.30799974395716573
33,62866.17,749.8,0.1779,12079.63,employed,debt_consolidation,0.24158458167172286
26,30818.79,603.8,0.3004,12602.37,employed,business,0.6836864809246161
65,40475.68,632.2,0.135,13283.66,employed,debt_consolidation,0.29068481478276215
30,59999.06,633.7,0.1362,3258.72,self_employed,business,0.39061435015064744
23,41819.25,683.6,0.1335,2858.36,employed,debt_consolidation,0.30723849492041533
23,21948.69,664.5,0.2627,10119.45,unemployed,home_improvement,0.8072189072811525
43,51170.42,636.0,0.1641,16495.91,self_employed,medical,0.5812310995440442
49,39084.08,850.0,0.3482,20185.9,employed,debt_consolidation,0.24865074114443125
35,59309.48,679.2,0.2284,5463.17,employed,debt_consolidation,0.32355672967781984
57,71356.16,670.6,0.3106,4124.07,retired,debt_consolidation,0.33580357144176665
26,48217.97,638.9,0.0567,13294.06,employed,debt_consolidation,0.394178188330954
61,15000.0,693.7,0.1666,29468.21,employed,debt_consolidation,0.4336037438499994
26,129966.82,712.0,0.3463,7981.48,unemployed,business,0.6692531378620098
56,82970.52,719.6,0.1738,11598.52,self_employed,debt_consolidation,0.21059355717311198
30,61533.05,630.4,0.5027,22970.34,employed,debt_consolidation,0.8042944477736398
50,104327.51,715.7,0.2856,8155.36,employed,debt_consolidation,0.20150696906115267
24,96942.96,664.0,0.3577,11185.32,employed,debt_consolidation,0.5024832519418992
40,38071.14,608.9,0.0612,3801.56,employed,debt_consolidation,0.30691955199319293
33,33784.43,612.2,0.0915,8934.4,employed,business,0.4122032201982136
44,21607.12,653.7,0.0361,2816.36,employed,debt_consolidation,0.22585866929033793
45,60365.66,722.7,0.0815,4473.92,employed,business,0.13392624381948603
66,37116.27,585.6,0.2029,2528.77,employed,home_improvement,0.2455420280206256
39,34946.69,741.2,0.2117,29027.98,employed,home_improvement,0.37154261954349915
39,45748.77,647.1,0.3449,20673.11,retired,home_improvement,0.6306456583706725
28,39979.11,706.2,0.0737,10186.94,unemployed,debt_consolidation,0.6405320315512839
44,38280.02,684.8,0.3128,5865.96,employed,debt_consolidation,0.37887558936135934
36,15000.0,637.9,0.2376,10137.17,retired,education,0.5434850946858493
47,48903.67,606.4,0.1384,27080.32,self_employed,home_improvement,0.5352326575863877
66,40382.52,656.7,0.2361,4098.31,self_employed,home_improvement,0.2317353398846926
65,34570.17,702.2,0.4285,16447.06,employed,business,0.4443654662998375
60,117697.83,740.3,0.4401,7135.3,employed,business,0.1967538542886015
37,77730.58,676.5,0.0951,24018.48,self_employed,debt_consolidation,0.4249229859132299
43,51692.62,729.2,0.4137,26375.65,employed,debt_consolidation,0.5764722374916874
59,22402.94,702.3,0.2162,9939.55,employed,home_improvement,0.20440330780873292
37,36648.26,682.2,0.1891,10833.62,retired,business,0.44357787543699634
48,59846.93,741.0,0.1817,8336.82,self_employed,home_improvement,0.16820375600219628
28,15783.32,674.5,0.1256,2482.99,employed,home_improvement,0.2576451947668935
26,35609.03,702.8,0.5765,9909.76,employed,business,0.7020234888506972
41,22311.77,783.5,0.1917,24187.35,employed,business,0.32904601536374084
64,75021.54,694.2,0.2369,3574.56,employed,business,0.15747070369950256
25,152504.26,668.6,0.1415,19957.29,employed,home_improvement,0.22363552529438513
27,47582.24,816.9,0.0814,25085.82,employed,debt_consolidation,0.23480753149850236
60,36104.54,725.6,0.2072,6361.73,unemployed,debt_consolidation,0.5193489553941032
28,51310.77,566.1,0.2605,8907.87,unemployed,home_improvement,0.853172564471025
23,36294.53,690.9,0.3656,13654.57,unemployed,business,0.8782095797631072
50,15000.0,639.1,0.1149,29503.89,employed,home_improvement,0.4573357080546049
21,31793.31,621.5,0.318,12460.66,unemployed,home_improvement,0.8816431270998855
48,41812.87,813.1,0.0965,9574.56,employed,debt_consolidation,0.10317244467175643
66,56075.76,647.8,0.0531,19383.66,employed,debt_consolidation,0.23425084790574818
41,42242.89,694.1,0.2962,11341.85,employed,education,0.344544241186648
21,122117.98,636.3,0.274,14896.28,self_employed,debt_consolidation,0.5586279265475471
49,81586.02,719.1,0.2473,5662.15,employed,debt_consolidation,0.19168831597031688
37,44440.96,690.8,0.1036,12056.99,employed,debt_consolidation,0.2869676346663362
33,19634.82,701.4,0.1641,12418.36,employed,debt_consolidation,0.38293985665705355
49,57556.58,716.6,0.2394,24273.89,employed,debt_consolidation,0.38321808932611734
49,78147.78,631.5,0.2929,8024.25,employed,debt_consolidation,0.3765246434086091
25,55086.75,635.7,0.2603,16337.45,retired,debt_consolidation,0.6763962272548766
26,66562.58,652.7,0.0789,24150.97,employed,home_improvement,0.3750992262447966
54,65095.51,743.3,0.0348,4034.55,self_employed,education,0.08296721245599542
43,43820.63,565.7,0.2272,10324.91,self_employed,education,0.5644366352488851
32,54412.51,720.1,0.2074,27514.61,unemployed,debt_consolidation,0.8131647589130692
32,51705.62,680.8,0.2785,7348.47,employed,business,0.4030686745176471
32,74010.81,672.5,0.1216,5862.78,employed,debt_consolidation,0.2501750078360208
60,52168.95,672.1,0.048,8754.45,employed,home_improvement,0.11567224694873185
29,27032.67,763.1,0.2602,13618.98,employed,home_improvement,0.29229222161589163
43,42810.02,683.8,0.4075,9264.48,self_employed,home_improvement,0.47519747674343654
33,17025.74,624.3,0.1798,37888.65,employed,business,0.7711581259288205
26,73558.03,609.9,0.3938,6504.18,employed,medical,0.6913692194961656
22,49384.19,687.8,0.1262,5482.39,employed,education,0.25288221850243614
46,46767.09,604.3,0.2058,47604.65,unemployed,debt_consolidation,0.9489203427772266
50,39235.18,764.8,0.1968,31110.59,employed,debt_consolidation,0.36093143501204006
39,150236.02,715.1,0.3378,10746.78,employed,debt_consolidation,0.23050336905335414
35,204733.72,786.2,0.2568,12173.43,employed,debt_consolidation,0.09099059179824315
37,46211.98,694.4,0.0691,11148.68,retired,home_improvement,0.24161099148223789
69,42528.25,777.5,0.3682,12543.36,employed,home_improvement,0.1612112715126992
50,63673.66,693.3,0.1509,10659.07,employed,debt_consolidation,0.22157868940921205
68,96626.99,827.7,0.2867,17784.04,employed,debt_consolidation,0.10645774602467327
31,23855.85,679.8,0.1794,6826.14,employed,education,0.31563861249051495
34,21933.22,574.3,0.2411,7002.07,employed,home_improvement,0.5248038646119759
52,62263.66,630.8,0.2038,7698.91,self_employed,education,0.31930847933790835
37,54272.33,631.8,0.5074,12373.65,employed,home_improvement,0.6254985864602924
48,32058.35,692.5,0.1412,7097.7,retired,debt_consolidation,0.3086101170900449
29,84506.6,662.8,0.2382,6856.4,employed,business,0.35050385070096024
21,47971.16,829.8,0.0988,9204.81,employed,debt_consolidation,0.14737277742783234
37,35560.58,678.9,0.0916,14613.75,employed,debt_consolidation,0.3348340086970408
26,43176.72,722.6,0.2456,7227.57,unemployed,debt_consolidation,0.7218994085442489
60,191999.61,544.7,0.0592,10735.57,retired,home_improvement,0.14862177111770775
28,41027.03,568.0,0.2807,9855.82,self_employed,debt_consolidation,0.7396379565825159
37,84816.84,635.8,0.1873,4342.24,employed,home_improvement,0.22782334050137762
47,86386.87,664.0,0.1723,23006.97,employed,business,0.35776979347257204
54,15000.0,656.3,0.2533,16292.18,retired,debt_consolidation,0.5612001066349988
40,57089.72,686.3,0.1226,11271.63,employed,education,0.21514924385177078
28,79240.83,750.7,0.259,9482.12,employed,debt_consolidation,0.26969409477871403
47,49581.98,727.8,0.189,14059.1,employed,debt_consolidation,0.25768064025534015
35,19344.5,754.4,0.1547,13088.66,employed,debt_consolidation,0.2859290198019024
26,42662.87,668.1,0.1188,6139.29,employed,home_improvement,0.25902453602702136
68,119288.48,733.7,0.3014,15786.67,employed,debt_consolidation,0.1619072756679326
56,61521.75,731.5,0.4009,26721.91,retired,business,0.5521532126247042
43,27728.02,598.0,0.3264,21842.9,employed,medical,0.7851977050862103
44,34381.49,716.6,0.1637,28977.73,employed,debt_consolidation,0.4374290986931652
23,29030.97,722.8,0.4102,8103.03,employed,home_improvement,0.45601843087444605
51,43860.44,715.9,0.2039,28532.67,employed,home_improvement,0.32777936633423566
53,39362.52,682.3,0.3372,11513.73,employed,debt_consolidation,0.4116458072935268
44,66368.34,732.1,0.2086,11089.83,employed,debt_consolidation,0.22903969440769273
58,16801.71,727.7,0.1338,19586.41,retired,debt_consolidation,0.3396580964030011
27,56647.29,646.4,0.0446,60000.0,employed,debt_consolidation,0.7933617142140275
27,58707.87,653.8,0.2025,25223.1,self_employed,home_improvement,0.5731235727630978
61,141549.03,679.3,0.4594,7761.36,employed,debt_consolidation,0.259560652621251
51,45343.47,733.6,0.4962,15442.18,self_employed,debt_consolidation,0.5686067785606753
59,15000.0,592.6,0.1237,35362.55,employed,debt_consolidation,0.6504880526164916
69,65064.3,667.5,0.3064,10903.47,employed,home_improvement,0.21413036632222723
66,53407.36,672.9,0.0692,31011.3,employed,debt_consolidation,0.30915767681045603
36,44466.2,693.6,0.2855,40845.53,retired,debt_consolidation,0.7810713739467877
66,39191.87,651.2,0.233,10315.2,unemployed,debt_consolidation,0.6747169262252918
34,48066.79,634.7,0.1056,12801.23,employed,debt_consolidation,0.3964256001349724
39,73802.36,628.5,0.3189,39169.78,employed,debt_consolidation,0.7630055240278332
56,43103.59,576.2,0.3071,11181.31,employed,home_improvement,0.46164868583438057
54,76915.8,759.8,0.3298,22110.43,employed,debt_consolidation,0.30338795107022476
53,52217.39,768.6,0.385,2136.03,employed,debt_consolidation,0.21021156802730986
48,54633.73,631.2,0.404,2267.65,employed,business,0.4577436795034405
57,68013.59,711.0,0.2424,21121.47,retired,home_improvement,0.30007190616107937
35,21975.82,646.3,0.2086,6394.99,employed,debt_consolidation,0.44319813143868614
64,63031.24,670.6,0.326,20031.52,employed,debt_consolidation,0.40632963752412277
49,52237.21,676.9,0.333,14405.12,employed,debt_consolidation,0.443804055036565
50,81281.77,722.2,0.1466,2613.31,employed,debt_consolidation,0.12313450269611304
52,81408.61,617.0,0.2121,25597.34,employed,home_improvement,0.40112982000508846
65,67143.24,692.6,0.1733,34390.38,employed,medical,0.4488146114313727
63,87547.75,716.2,0.2965,18941.5,employed,debt_consolidation,0.26139292337490094
69,59748.78,681.1,0.2333,9992.37,employed,debt_consolidation,0.2164057558035787
29,94858.47,702.9,0.0447,8912.49,self_employed,debt_consolidation,0.21901615618595968
37,60818.74,705.8,0.1282,9380.5,employed,medical,0.2987916653362402
41,89234.72,599.1,0.1149,12688.84,retired,debt_consolidation,0.4317466105319663
68,47441.48,762.3,0.0349,15424.96,employed,debt_consolidation,0.09650070134564188
59,42172.0,779.0,0.2832,10418.73,retired,education,0.19572978365756266
36,43122.87,603.3,0.0656,10113.32,employed,home_improvement,0.30733254019904244
48,30602.47,768.0,0.469,19360.63,employed,education,0.4241080858477225
48,43513.16,650.4,0.2063,32323.47,employed,debt_consolidation,0.5911898449419226
38,44169.33,677.2,0.3471,7553.05,employed,debt_consolidation,0.45932427634167666
29,63875.22,623.6,0.3694,14374.5,employed,business,0.6487384818342058
26,187024.14,607.8,0.1795,9844.87,unemployed,debt_consolidation,0.6316792869165002
53,33425.15,727.3,0.0658,2449.36,employed,debt_consolidation,0.12164832649418149
63,121378.35,778.3,0.125,36508.71,employed,debt_consolidation,0.16367110293784065
37,33861.86,707.6,0.1623,17180.21,employed,debt_consolidation,0.370716927599955
47,15000.0,677.0,0.2442,11073.49,retired,debt_consolidation,0.4984787448583633
54,50181.91,689.6,0.0704,20649.98,employed,debt_consolidation,0.25500207557031684
43,40864.76,614.3,0.3205,4994.34,self_employed,home_improvement,0.4863568659851982
65,51307.38,521.9,0.2249,30955.46,employed,debt_consolidation,0.7101284200611611
61,32985.01,661.0,0.2976,12446.19,employed,home_improvement,0.3122275506401894
32,105373.92,662.4,0.0646,22576.51,employed,business,0.31127832615788065
57,46141.67,695.8,0.1088,37547.77,employed,debt_consolidation,0.4239605930965482
28,19327.17,682.5,0.1702,21389.38,employed,debt_consolidation,0.5429195698060246
50,15000.0,669.0,0.1241,11934.56,employed,business,0.3197136614016404
57,76145.09,729.0,0.0558,60000.0,employed,debt_consolidation,0.49165244138846076
66,70082.81,583.1,0.2233,1651.97,self_employed,debt_consolidation,0.33838211816081265
51,37907.3,587.5,0.1722,11881.08,employed,debt_consolidation,0.45887673343703617
37,48211.95,763.7,0.1293,7263.12,employed,home_improvement,0.12374610253089495
60,56725.73,586.4,0.4155,6652.2,employed,debt_consolidation,0.5332455951542222
61,22663.63,726.6,0.4642,11014.8,employed,business,0.41938282494488227
69,25062.43,705.3,0.2023,47638.08,employed,debt_consolidation,0.5699842687201716
26,75284.69,679.3,0.1523,2299.79,employed,business,0.25094500442339374
52,31294.43,578.4,0.3199,7788.02,employed,debt_consolidation,0.5695571000611855
43,19025.83,621.0,0.3097,9244.96,employed,home_improvement,0.4791000590499509
46,36240.34,566.7,0.5534,2698.94,self_employed,debt_consolidation,0.7953634199410661
22,67386.98,712.0,0.1992,5973.22,employed,debt_consolidation,0.30095434779858715
59,120184.94,681.8,0.7152,31737.75,self_employed,business,0.7893582510041269
54,68168.26,708.7,0.0435,13962.73,employed,debt_consolidation,0.15039435612680588
23,36145.2,687.1,0.3825,18020.46,employed,home_improvement,0.5867476902312231
26,26367.38,612.6,0.2449,55125.98,employed,home_improvement,0.8796677459283199
38,28185.62,596.6,0.0667,60000.0,employed,debt_consolidation,0.8554620703939101
69,27134.42,714.7,0.3383,9947.76,employed,debt_consolidation,0.2870857857314696
62,33479.3,715.7,0.1005,11163.01,employed,debt_consolidation,0.1680764272939383
31,29311.54,632.7,0.3129,18706.65,employed,business,0.6814635516099727
63,44007.15,792.2,0.169,25413.68,employed,business,0.18914963910649127
60,82556.77,613.6,0.2943,35517.88,unemployed,medical,0.9162138602362252
58,30304.89,587.5,0.1143,13172.71,self_employed,home_improvement,0.38241019536937054
51,25737.52,767.9,0.2369,14645.52,employed,education,0.20668284102447762
49,31312.32,752.5,0.1715,16959.41,employed,medical,0.31976034441517653
46,62296.71,738.5,0.3166,17871.06,employed,home_improvement,0.2738789059367503
25,96614.56,684.1,0.2196,5883.62,employed,education,0.24029365967963903
45,24682.6,605.7,0.2028,28943.31,employed,education,0.6164591078023239
23,27811.82,746.0,0.337,10376.6,unemployed,home_improvement,0.7416007130270302
64,27926.65,699.4,0.3027,16983.66,employed,debt_consolidation,0.37203632016699817
67,55082.67,673.1,0.1639,7312.69,retired,debt_consolidation,0.2368330012412349
31,28755.16,620.8,0.4377,12544.18,unemployed,debt_consolidation,0.9315542088290333
40,95822.61,762.1,0.3367,20374.44,employed,home_improvement,0.2479618472502905
49,46465.63,760.8,0.1261,21024.38,employed,debt_consolidation,0.2228175404682073
36,15712.75,801.9,0.1693,3213.04,self_employed,debt_consolidation,0.2092119368373459
64,32108.97,712.7,0.4085,23119.37,employed,education,0.42281743601485655
42,35438.36,657.5,0.2459,7145.89,retired,medical,0.5621158127968948
23,52864.48,673.7,0.4064,13243.47,employed,home_improvement,0.5499064004052544
22,49212.45,665.9,0.3989,11273.13,employed,debt_consolidation,0.6379642871513168
38,26796.96,669.0,0.3103,10279.35,self_employed,home_improvement,0.48680794262614807
37,32732.21,585.5,0.1437,60000.0,employed,business,0.8901452713644644
26,84513.85,590.4,0.117,16616.69,employed,debt_consolidation,0.4980839658418766
60,56472.09,707.4,0.1644,16001.11,employed,debt_consolidation,0.22282702703603097
56,73946.81,712.5,0.1897,7352.77,employed,debt_consolidation,0.1661585954019307
33,51051.4,717.5,0.0758,11051.35,employed,education,0.18264712846531628
22,60091.41,707.2,0.0623,37002.92,employed,home_improvement,0.42707366651196826
67,22407.03,745.4,0.0655,10016.73,employed,debt_consolidation,0.11805727425754704
36,36722.25,749.1,0.1629,3571.15,employed,medical,0.2530214310291252
21,52524.54,612.1,0.3999,14031.92,retired,business,0.8003577310173322
42,33883.89,744.6,0.221,10367.93,employed,debt_consolidation,0.2705739685889193
23,35851.94,748.0,0.1487,14872.41,employed,medical,0.41093480478566813
35,28605.15,603.5,0.2137,13450.89,employed,debt_consolidation,0.5866457587715724
40,50553.31,708.3,0.0883,16887.07,employed,medical,0.3362255174092871
37,45284.78,718.2,0.1378,3137.22,employed,debt_consolidation,0.2019594720419859
61,40141.01,697.9,0.2761,18071.94,employed,debt_consolidation,0.3562166421826888
28,59345.41,702.9,0.5703,14032.78,retired,business,0.7519377922454382
32,119918.88,647.2,0.0546,9274.35,self_employed,debt_consolidation,0.254747329623469
28,26357.79,650.0,0.3981,14905.72,employed,debt_consolidation,0.707830787819087
58,49242.3,520.0,0.2321,7124.1,employed,home_improvement,0.4343944306375353
47,105679.77,645.7,0.0665,11894.79,employed,business,0.19137524449140703
40,44343.44,805.5,0.3406,9572.04,unemployed,debt_consolidation,0.6127993770331259
50,95049.22,626.9,0.0938,28752.85,employed,debt_consolidation,0.3882147254825657
33,31970.16,659.0,0.1213,20068.45,employed,debt_consolidation,0.47743980803208647
54,15000.0,669.9,0.2752,12888.35,employed,education,0.3683525741696412
34,39914.29,591.0,0.1986,5356.0,employed,business,0.48936600845610245
45,66328.78,710.0,0.1436,31374.42,retired,education,0.40126319444666153
45,35750.98,734.2,0.2087,20987.21,employed,debt_consolidation,0.35617989981135384
48,80785.05,752.5,0.241,12198.61,employed,business,0.1931346412038965
55,105718.0,734.4,0.1805,21884.08,unemployed,home_improvement,0.44024747300552924
51,151398.27,760.2,0.1523,8037.87,employed,business,0.0692261331871242
27,24843.21,748.4,0.2511,9982.63,employed,home_improvement,0.2891822563794683
47,57402.74,766.9,0.2945,19620.68,employed,debt_consolidation,0.3089007325425954
29,21830.26,688.0,0.4897,23456.68,self_employed,business,0.827513930758625
25,123755.3,725.7,0.3789,38215.73,employed,home_improvement,0.5403593725153704
31,70294.25,637.2,0.5345,25224.06,employed,debt_consolidation,0.8142892267354522
29,15000.0,677.8,0.1033,4159.53,employed,medical,0.3976877754672425
28,44809.03,695.2,0.1891,21653.76,unemployed,debt_consolidation,0.8187143375046771
64,40572.86,772.6,0.1512,21272.31,self_employed,debt_consolidation,0.22723682786259003
34,38168.79,618.7,0.1162,14341.83,self_employed,home_improvement,0.4513969031181862
44,15575.69,661.8,0.1896,12109.57,employed,debt_consolidation,0.42202932178135105
58,62196.55,649.4,0.2848,23354.91,employed,business,0.4714149967565182
38,30796.68,603.7,0.1612,8295.34,employed,debt_consolidation,0.4663238501576279
42,47520.67,653.6,0.2061,8680.43,employed,business,0.3603163637372051
62,37113.81,620.8,0.1059,27637.69,employed,business,0.44047518233373867
35,29554.92,741.7,0.1388,8607.28,employed,business,0.23676900873973009
68,58701.82,734.9,0.2987,15605.17,unemployed,home_improvement,0.4995172206908847
25,70747.68,820.6,0.0376,31063.56,employed,home_improvement,0.16537378448494186
43,43947.2,748.4,0.2308,17331.69,employed,home_improvement,0.2384062019747641
27,24468.28,568.5,0.133,15002.91,employed,debt_consolidation,0.6450973128579782
32,63590.69,641.4,0.0219,39387.69,employed,debt_consolidation,0.5678353087997297
25,45758.84,654.6,0.3435,37453.79,employed,debt_consolidation,0.8201513926639117
24,80038.12,602.8,0.4686,21885.52,employed,home_improvement,0.7443847472153226
57,42045.31,649.7,0.1031,15889.25,employed,debt_consolidation,0.29678177363956904
49,40433.94,681.2,0.2809,4351.23,employed,medical,0.39053087739402403
40,33684.09,608.1,0.6132,14719.86,employed,home_improvement,0.7784407608222699
36,39016.08,636.6,0.1394,16337.38,employed,home_improvement,0.3761856304879413
35,31594.16,620.3,0.3982,19892.61,employed,home_improvement,0.6799970095281809
49,83854.63,740.0,0.1815,17690.4,employed,debt_consolidation,0.2079034858599349
38,39601.31,715.9,0.2024,14902.27,unemployed,business,0.7145299068328694
40,41228.1,705.6,0.3973,15480.11,unemployed,home_improvement,0.7863879327439572
24,15019.14,569.2,0.2677,13218.93,employed,debt_consolidation,0.7559787093032676
60,52076.59,615.4,0.1216,7136.47,employed,debt_consolidation,0.25800041104352683
43,62393.99,719.7,0.1835,12705.04,self_employed,education,0.25330300954725726
33,48665.57,757.7,0.3409,31806.96,employed,business,0.5713134658325086
42,39245.06,677.4,0.5361,35554.83,self_employed,home_improvement,0.8254900369562271
56,46072.68,584.9,0.1532,2577.03,self_employed,home_improvement,0.29940035660813485
23,65603.93,615.2,0.0425,18714.02,employed,home_improvement,0.3737081359978002
60,49006.53,662.1,0.2773,5969.19,self_employed,home_improvement,0.2782406661812794
43,43113.18,734.1,0.2954,15257.09,employed,debt_consolidation,0.3676408608873988
49,28320.17,703.2,0.2395,20698.41,employed,education,0.35892826045156273
59,47890.42,637.9,0.2677,14906.61,unemployed,home_improvement,0.7024409067733461
46,92720.09,698.6,0.2174,24573.46,employed,business,0.34403516182900756
57,24314.86,648.1,0.0671,7503.24,self_employed,debt_consolidation,0.290000590934053
25,52905.85,585.8,0.0614,18341.23,self_employed,home_improvement,0.525625846793532
51,116339.42,713.2,0.2125,8778.68,employed,debt_consolidation,0.15367827057899908
60,52439.94,718.4,0.4145,20391.1,employed,business,0.43537655814598825
63,136624.6,706.4,0.5296,7641.54,unemployed,debt_consolidation,0.6324254394620974
55,49674.28,732.8,0.0486,20015.34,employed,debt_consolidation,0.18054599908355318
35,25655.25,651.5,0.5941,2500.04,unemployed,debt_consolidation,0.9204715946773581
28,17977.41,641.9,0.3041,29138.02,employed,debt_consolidation,0.7822676026123029
40,50257.69,728.8,0.413,26271.7,employed,home_improvement,0.5035335905155722
27,45380.78,735.8,0.2419,10875.66,employed,home_improvement,0.2760919289063063
45,85101.54,618.8,0.397,11485.18,employed,debt_consolidation,0.5330510315061822
41,73410.55,700.6,0.3258,10820.56,employed,education,0.29807590415748464
31,134115.71,564.2,0.1448,7507.62,employed,business,0.3485954136638489
59,82403.01,785.2,0.3704,14693.67,unemployed,debt_consolidation,0.5532866725830689
68,77421.57,672.0,0.1501,31890.42,self_employed,business,0.391482796101789
62,55154.17,674.6,0.3408,29227.57,self_employed,business,0.5998350882087633
48,50013.51,633.7,0.3317,17168.31,unemployed,business,0.855067281854773
34,152858.72,645.4,0.4622,60000.0,unemployed,home_improvement,0.9565219606674225
46,144481.02,771.9,0.3675,13405.43,employed,debt_consolidation,0.18001806528059122
27,43805.43,676.6,0.1271,11650.67,employed,debt_consolidation,0.37351072469201807
52,87417.18,655.2,0.221,4814.11,unemployed,debt_consolidation,0.5862410024790145
67,87775.61,695.9,0.48,24787.32,employed,home_improvement,0.3883604448070644
58,74018.59,830.7,0.0803,23458.48,employed,business,0.09419045133028976
22,21837.44,614.2,0.0512,16783.17,employed,debt_consolidation,0.5440115565474348
25,23598.68,642.5,0.0628,18886.17,employed,business,0.4982265899940726
63,28905.23,737.0,0.1484,8607.16,employed,home_improvement,0.11421665891363852
48,70915.64,639.8,0.1015,12361.65,employed,business,0.26879157275896953
36,26292.54,583.6,0.1848,25658.28,retired,debt_consolidation,0.7752848585479196
60,46132.27,625.7,0.2188,11110.2,employed,home_improvement,0.28008508902657164
39,52647.83,794.3,0.3938,10532.85,employed,debt_consolidation,0.303802024452827
55,33535.46,637.2,0.2835,10293.23,employed,home_improvement,0.3480723627560214
44,55512.63,591.9,0.2544,7975.23,employed,debt_consolidation,0.4849299759784929
68,34016.94,694.5,0.0446,9932.1,employed,home_improvement,0.10045904985338022
55,95805.59,719.1,0.2017,19602.87,employed,debt_consolidation,0.2214919048017132
28,41906.36,677.4,0.339,22683.0,employed,debt_consolidation,0.6632577522886908
54,27603.19,532.8,0.1858,20684.11,employed,business,0.6569623673653373
21,76662.63,696.8,0.1439,10133.77,employed,education,0.2521656568717437
45,87360.06,639.9,0.2501,9962.09,self_employed,debt_consolidation,0.41869189433154785
33,92353.18,646.8,0.4144,8500.93,employed,home_improvement,0.42492918120511325
69,103068.74,742.9,0.0884,5538.8,employed,home_improvement,0.04106610005882568
42,70026.98,774.7,0.17,16482.44,self_employed,debt_consolidation,0.24413623722010122
66,43338.3,598.0,0.5216,5468.73,employed,debt_consolidation,0.5856722325299908
48,31405.02,612.0,0.4472,14974.83,unemployed,business,0.9165728428387832
41,28875.7,684.9,0.2342,18959.31,employed,education,0.40932006933485027
31,41169.98,559.7,0.3744,12516.63,employed,business,0.7617849573282056
51,58317.32,725.3,0.2769,13460.04,employed,home_improvement,0.2176868768324732
23,25877.76,633.0,0.3229,13405.77,self_employed,debt_consolidation,0.748276219634615
67,129303.91,584.3,0.188,15998.2,employed,business,0.2669728610528264
35,48480.39,731.6,0.362,6807.03,employed,home_improvement,0.2930859194841437
24,60254.31,651.2,0.1684,60000.0,self_employed,business,0.8860000228738586
51,53528.12,619.1,0.219,15473.02,employed,debt_consolidation,0.4483398061512636
56,28585.61,658.9,0.3671,12755.5,employed,business,0.4923347102005354
52,47479.81,613.5,0.2238,7452.35,employed,debt_consolidation,0.38705440437820965
49,27269.29,585.8,0.174,9923.75,employed,debt_consolidation,0.47495267901654226
32,41502.97,723.0,0.161,27373.88,employed,debt_consolidation,0.4572460059147972
43,117673.11,742.7,0.0688,8795.27,employed,debt_consolidation,0.09406625465706416
69,44427.56,613.4,0.2528,38837.56,employed,education,0.5818336934846022
41,114251.33,691.0,0.1098,8047.2,employed,debt_consolidation,0.1545626547768006
69,38972.11,706.6,0.2038,10608.91,retired,debt_consolidation,0.25826455348904326
69,40898.88,633.3,0.0761,7435.48,self_employed,debt_consolidation,0.24055976673866772
47,55290.18,665.5,0.2347,3763.9,self_employed,business,0.3441094204819525
25,43047.57,625.6,0.2426,9730.1,employed,home_improvement,0.4669750281628753
61,36608.31,679.3,0.3703,7348.01,employed,medical,0.4448056624767359
30,90514.59,642.0,0.3625,19704.17,retired,business,0.6850450430004652
57,43773.94,679.0,0.0126,4317.43,employed,education,0.10133363741169958
45,74759.85,728.0,0.3295,8592.15,employed,home_improvement,0.21099559059630077
26,41545.42,831.2,0.4061,13704.24,self_employed,business,0.42902904542949954
67,100701.78,689.4,0.1933,3678.27,employed,home_improvement,0.08299952715808115
49,61136.67,735.6,0.4236,6309.11,employed,home_improvement,0.24612321672479287
69,25917.26,625.8,0.2241,8137.95,employed,debt_consolidation,0.3275425847078823
28,89769.92,704.3,0.1995,17333.47,employed,debt_consolidation,0.3507686540934338
23,24660.3,565.2,0.1069,8278.24,retired,home_improvement,0.5743435085852929
44,33261.13,704.0,0.2928,4781.93,employed,home_improvement,0.2536510926452629
27,23278.91,721.1,0.4241,26622.44,employed,debt_consolidation,0.7287836694894922
22,37688.78,658.1,0.413,15345.78,employed,debt_consolidation,0.7183472655161663
50,73380.04,692.2,0.367,18400.43,self_employed,debt_consolidation,0.5130395356177478
64,89057.53,714.4,0.194,12577.46,employed,business,0.15309279067862605
34,77952.43,670.3,0.3389,19983.52,employed,debt_consolidation,0.5498682645651131
43,27230.51,626.8,0.339,3932.92,employed,home_improvement,0.42265701759866825
66,153080.5,629.0,0.2878,15975.17,unemployed,home_improvement,0.5133218270272745
42,74806.95,818.5,0.6144,9171.4,employed,business,0.36450802217552225
27,64451.49,729.6,0.383,8525.76,employed,debt_consolidation,0.42418640238862015
52,145246.87,752.8,0.1862,12483.49,employed,debt_consolidation,0.10093050075782146
43,29758.05,708.2,0.1429,16190.57,employed,business,0.31750651421076764
27,47299.76,685.1,0.5638,2133.54,employed,home_improvement,0.5397530718078132
34,39925.51,580.0,0.3465,1607.84,employed,medical,0.6789486983631026
32,63052.18,737.6,0.2556,13962.91,self_employed,home_improvement,0.31973397974422535
23,43571.8,678.0,0.1217,24640.5,employed,debt_consolidation,0.5219598969658756
34,40519.58,597.5,0.1847,3899.53,self_employed,home_improvement,0.4366323301727063
59,110524.82,641.4,0.1779,5125.18,unemployed,home_improvement,0.40365782031070346
54,123055.25,754.7,0.3629,20360.12,employed,home_improvement,0.18485046757117957
32,73126.28,718.7,0.5127,9025.77,employed,business,0.5124799645717532
37,49098.04,628.4,0.1511,17699.67,self_employed,debt_consolidation,0.5527480653281137
45,145160.61,636.7,0.2204,10058.48,employed,debt_consolidation,0.2392401625075956
58,138018.62,767.5,0.4481,23338.38,self_employed,home_improvement,0.25607093950175935
63,37243.8,581.4,0.133,9836.56,employed,home_improvement,0.27571457879409217
34,40505.32,670.6,0.4165,11713.13,employed,business,0.5977709144957355
30,52196.18,686.5,0.3356,20055.71,unemployed,debt_consolidation,0.8718422235260942
67,147021.19,720.8,0.0405,33735.87,employed,debt_consolidation,0.12904059232394524
25,23250.86,628.8,0.2979,16991.29,employed,business,0.6991316299849952
34,15000.0,756.5,0.2501,27271.22,employed,debt_consolidation,0.5140458656546754
67,48975.45,666.8,0.1003,5588.2,employed,home_improvement,0.11194871620642424
43,86492.77,699.4,0.0241,5565.35,employed,debt_consolidation,0.12027495012729633
64,96040.52,621.4,0.1139,8321.41,employed,home_improvement,0.13229383277531004
30,132268.1,649.3,0.2244,6880.86,retired,home_improvement,0.2739313866538917
69,58185.63,708.6,0.1691,20118.12,employed,business,0.21381623414768638
65,60320.23,678.2,0.1951,44553.39,employed,home_improvement,0.4421774470319323
33,32459.47,626.2,0.2632,21071.81,employed,home_improvement,0.5798347802528095
26,92521.67,697.3,0.2427,2467.26,employed,debt_consolidation,0.2660212983991443
36,54278.1,668.8,0.1439,39611.92,employed,home_improvement,0.5320188669239615
68,53177.29,651.1,0.1835,14207.87,employed,debt_consolidation,0.27115955524439994
65,34216.61,633.0,0.3202,12980.31,employed,home_improvement,0.359509057585286
60,82927.06,710.2,0.2492,14298.88,employed,debt_consolidation,0.2220798303340299
68,70039.55,754.8,0.1453,23156.66,employed,business,0.15813388332613557
46,21213.07,707.8,0.2676,7509.76,employed,debt_consolidation,0.3402380090449467
64,24347.35,676.7,0.1999,7825.8,employed,education,0.20451882441965963
58,44683.17,757.5,0.0181,7509.66,retired,business,0.11463355050132994
30,141554.5,627.0,0.3352,9956.87,retired,debt_consolidation,0.5004472676066396
64,68075.79,711.4,0.2374,9448.63,employed,debt_consolidation,0.18592231468599288
66,71897.99,673.8,0.1023,5282.92,employed,education,0.09909910468126912
38,26072.39,659.9,0.1687,16714.16,self_employed,business,0.5339601538554194
46,94140.4,550.7,0.3531,4545.84,employed,debt_consolidation,0.5242565990770692
29,85568.36,696.5,0.2625,48513.81,employed,home_improvement,0.6496773190912133
43,66749.65,705.9,0.2473,3884.38,employed,home_improvement,0.17728932396292746
24,41341.28,654.7,0.1201,8680.82,employed,home_improvement,0.3128938214894151
43,32181.16,712.4,0.1985,16427.27,self_employed,debt_consolidation,0.42731104657679614
61,57247.52,797.7,0.1898,11676.47,self_employed,debt_consolidation,0.1487733606453972
55,60319.93,748.9,0.188,25485.31,employed,business,0.26483392532470856
47,28615.39,647.5,0.2605,10126.5,self_employed,business,0.5144164070882041
51,29115.11,631.1,0.1438,25465.21,unemployed,debt_consolidation,0.8330504937896342
31,25912.85,611.6,0.4283,13655.25,employed,home_improvement,0.6886706755940464
37,67047.1,739.1,0.488,40585.83,employed,home_improvement,0.6758012639536546
30,149440.47,800.0,0.3004,11577.27,unemployed,home_improvement,0.3680126066027042
41,106104.09,669.7,0.2452,9209.38,employed,home_improvement,0.21089194389505442
41,57266.0,656.2,0.3063,28167.59,employed,home_improvement,0.5445737556248125
23,53176.78,664.4,0.1079,22016.1,self_employed,debt_consolidation,0.5614375148245377
68,63138.87,592.5,0.203,22885.84,employed,debt_consolidation,0.4498482059076297
60,27785.01,660.6,0.3604,11326.56,employed,debt_consolidation,0.454302913822267
35,89811.82,740.7,0.0103,40943.28,employed,business,0.32422003273370414
50,45478.03,803.9,0.1163,12334.1,self_employed,education,0.12200787622850232
36,38690.27,690.8,0.2327,23663.02,self_employed,debt_consolidation,0.5966504779441214
59,85377.38,709.1,0.0822,12207.19,self_employed,debt_consolidation,0.16463378247085164
26,66871.04,721.9,0.0442,7001.06,employed,debt_consolidation,0.1824114031324644
37,99065.91,679.6,0.1018,30395.2,employed,home_improvement,0.2965441985805129
42,52308.04,658.4,0.3229,12577.1,employed,home_improvement,0.3973739911359506
35,93967.85,632.9,0.0481,6033.4,employed,home_improvement,0.16162262731063443
67,55215.15,686.0,0.3583,12764.65,employed,business,0.3291227548049446
60,153723.11,613.6,0.2453,27415.61,employed,home_improvement,0.28283573819495916
26,31152.47,696.5,0.0983,60000.0,employed,home_improvement,0.7350527168514457
55,126577.7,706.4,0.2388,9108.55,employed,debt_consolidation,0.15216587591493108
46,30700.57,636.4,0.2342,7119.49,employed,medical,0.49526959900384565
24,109037.37,693.2,0.2866,10468.08,employed,home_improvement,0.27911773280783986
62,48921.72,695.7,0.2532,13630.35,employed,debt_consolidation,0.2821232003562054
35,76810.96,721.4,0.5112,51958.57,employed,medical,0.8891039890732472
59,90490.54,683.6,0.2573,12659.78,employed,medical,0.3075908435520522
26,52572.11,791.6,0.4231,14052.83,employed,business,0.4257029632398209
48,68409.22,608.1,0.1431,29880.89,self_employed,business,0.6056361017949987
39,56801.84,743.0,0.1117,42824.03,employed,debt_consolidation,0.47072838549063384
21,78258.13,682.1,0.1645,11442.21,employed,business,0.3538068183786689
40,46921.74,738.6,0.5108,11510.68,employed,home_improvement,0.4235101760888233
60,38789.05,700.9,0.2068,23740.09,employed,home_improvement,0.2781224986885045
47,40524.6,722.6,0.3611,60000.0,self_employed,education,0.8312196535150388
21,46601.19,736.4,0.2024,9888.69,employed,education,0.27962373317977723
61,61690.2,690.0,0.1538,7586.1,employed,debt_consolidation,0.17159591071177524
66,34179.1,678.6,0.2433,13095.54,self_employed,business,0.3623154349886521
22,151706.07,667.2,0.1547,5653.16,self_employed,debt_consolidation,0.25792139875483244
25,96749.38,726.7,0.1414,23644.22,employed,debt_consolidation,0.32947604764281546
53,63169.75,716.6,0.2315,5622.44,self_employed,debt_consolidation,0.24505844852930153
29,21100.02,657.6,0.1206,11737.65,retired,debt_consolidation,0.5185253958942809
23,71146.16,645.8,0.0875,16039.85,employed,debt_consolidation,0.40755896885857307
50,49142.41,716.9,0.022,26747.2,self_employed,debt_consolidation,0.3101605103711786
62,36254.53,704.2,0.2863,8875.03,employed,debt_consolidation,0.2729339510709699
52,45445.03,778.7,0.4077,16242.11,self_employed,debt_consolidation,0.41161856339135117
30,162010.67,726.4,0.2579,11763.27,employed,home_improvement,0.14286361306232934
52,49273.18,686.6,0.0569,19316.57,employed,home_improvement,0.18700960369368472
62,23052.36,658.6,0.3271,9804.61,self_employed,debt_consolidation,0.4845300784357938
69,54936.09,571.3,0.2895,12013.6,self_employed,education,0.4635755877386415
26,78685.68,744.3,0.0788,23079.64,retired,debt_consolidation,0.34762049150621327
42,44107.73,670.4,0.1437,5400.05,employed,business,0.26344424619092943
24,41817.38,667.0,0.0923,8446.24,employed,business,0.34387408375665185
31,26654.71,633.5,0.2681,14636.69,self_employed,home_improvement,0.5981992228008911
21,53758.18,705.1,0.3427,8655.94,employed,debt_consolidation,0.48872072753352086
57,86759.41,598.9,0.1341,12967.7,employed,debt_consolidation,0.2982771449791731
51,44198.99,733.2,0.0885,5802.37,unemployed,home_improvement,0.3419347593436288
67,47965.13,661.4,0.4332,9239.86,employed,business,0.41154108676614826
43,51501.62,772.6,0.2207,10833.99,employed,home_improvement,0.1533174174184874
25,96910.64,678.5,0.1076,22507.66,employed,business,0.3668432891064171
46,39217.28,683.5,0.1316,10237.02,employed,home_improvement,0.20499401351236654
44,58329.23,702.0,0.0481,5488.84,employed,debt_consolidation,0.15107199152505937
28,113103.47,754.0,0.1436,60000.0,employed,home_improvement,0.5150619918668019
49,48243.67,722.7,0.405,13146.03,employed,medical,0.4977932153967049
49,85099.45,581.7,0.2481,9172.13,employed,education,0.3576369704520177
34,39877.61,704.8,0.1081,10812.13,self_employed,debt_consolidation,0.34177982847215593
34,59536.9,691.4,0.0597,10452.2,employed,debt_consolidation,0.23312142034678413
55,60285.84,619.3,0.1634,20361.65,employed,business,0.41011282536224875
53,33311.38,738.8,0.3609,9214.7,employed,home_improvement,0.24835803538844667
38,94472.97,684.1,0.2621,14477.85,employed,debt_consolidation,0.3495511660950084
29,21948.0,563.5,0.1098,14628.69,employed,home_improvement,0.5366720945746792
40,35282.52,794.5,0.2106,20258.0,employed,debt_consolidation,0.27895713572487296
33,20853.07,703.4,0.0177,30176.08,employed,home_improvement,0.34596708916157415
63,67527.75,681.9,0.3211,17803.68,unemployed,debt_consolidation,0.7244751517944564
59,18751.53,710.3,0.1823,12672.25,self_employed,education,0.2652975211183891
54,34781.56,697.9,0.2005,11026.52,employed,business,0.2723661915130779
34,43769.26,597.3,0.1069,46590.68,employed,home_improvement,0.7205669583156618
57,40262.15,768.9,0.2315,17084.11,employed,business,0.22212238976095056
49,63552.53,499.3,0.303,13362.49,unemployed,home_improvement,0.8845858342004131
46,173065.93,681.5,0.3423,6444.69,self_employed,debt_consolidation,0.23835365402761827
61,35935.92,519.0,0.1133,5284.71,employed,business,0.40905842739485254
37,32207.46,828.0,0.0605,16888.61,employed,debt_consolidation,0.1447273336936969
50,72132.97,641.7,0.0126,45967.69,employed,education,0.44274112588164766
57,43776.69,807.7,0.3379,19848.02,employed,debt_consolidation,0.25838111896802335
64,117187.45,672.2,0.01,14354.94,employed,debt_consolidation,0.10256201058572842
23,47570.2,735.7,0.212,11386.62,retired,business,0.4252826439509889
66,81689.92,719.2,0.0966,27435.94,employed,debt_consolidation,0.19388063764874935
31,41964.0,669.1,0.2807,16555.2,employed,debt_consolidation,0.5526625888198609
45,47665.51,654.6,0.3772,8968.4,unemployed,debt_consolidation,0.8239926497357292
58,43639.12,681.2,0.1816,5955.32,employed,home_improvement,0.16266248342854975
56,28010.77,654.8,0.0565,5775.36,employed,debt_consolidation,0.20493169380059906
54,24460.62,676.3,0.2848,32103.84,employed,debt_consolidation,0.6140851715902658
24,29633.3,723.7,0.4083,24180.05,unemployed,business,0.9134177831627326
44,60842.89,667.1,0.1951,60000.0,employed,debt_consolidation,0.7888287603603589
25,67325.0,693.0,0.1073,37047.91,unemployed,business,0.8514029042182049
61,114016.28,707.2,0.1194,13733.66,employed,debt_consolidation,0.1213735754463741
50,36784.77,677.7,0.2217,12306.04,employed,debt_consolidation,0.35209504234055256
31,30227.17,782.8,0.2495,4478.22,employed,business,0.2354942811340144
69,74736.65,617.1,0.2626,16885.0,unemployed,debt_consolidation,0.7338959823934857
46,61726.05,677.6,0.0297,21735.34,employed,debt_consolidation,0.2692589374949727
55,49987.4,627.9,0.2612,15849.72,employed,debt_consolidation,0.4582701894701312
40,24941.18,652.4,0.2799,19460.93,employed,home_improvement,0.5066843094314136
49,44809.28,782.6,0.1212,11259.55,unemployed,medical,0.5133751301261064
40,44284.14,812.4,0.2967,21551.6,employed,business,0.3055795751583764
27,20692.7,720.7,0.2034,25497.4,retired,business,0.622143860142996
41,46386.65,717.8,0.0479,14026.06,employed,education,0.16649352573075565
64,27342.94,612.3,0.2207,3092.43,employed,home_improvement,0.24734303267768795
58,92533.67,643.0,0.0798,19756.15,employed,home_improvement,0.17918862934242033
60,93475.93,630.3,0.0149,8744.2,unemployed,business,0.43235753426170864
32,61329.09,746.0,0.105,10240.76,self_employed,home_improvement,0.18410997303598348
30,44257.38,663.4,0.217,6174.32,employed,medical,0.4803768058547651
35,95887.31,649.3,0.0124,12595.76,employed,business,0.21590187443275288
27,44359.95,737.6,0.4049,45760.81,employed,home_improvement,0.7443257050808745
55,15000.0,651.1,0.195,51690.74,employed,home_improvement,0.6994448333226448
64,62502.21,580.6,0.119,36087.27,employed,debt_consolidation,0.5592745232337416
57,36203.28,680.9,0.0571,12468.72,retired,home_improvement,0.20003671096720235
67,26894.01,743.7,0.1097,18808.65,employed,home_improvement,0.1328039894819317
46,222897.54,795.3,0.4313,10407.92,retired,debt_consolidation,0.13235878012011598
69,44652.64,788.1,0.0864,22006.43,employed,debt_consolidation,0.12239977307482015
36,18564.79,604.8,0.324,4695.29,employed,home_improvement,0.5127913786931874
31,52825.69,612.8,0.2167,5828.96,employed,home_improvement,0.37743404793235413
52,21851.69,772.1,0.091,26991.63,employed,education,0.20409466480342384
56,90433.96,656.4,0.2356,14398.99,employed,education,0.23918101908457756
34,74375.53,733.9,0.3412,22043.91,employed,home_improvement,0.37418397912138124
65,114941.77,705.5,0.1253,60000.0,employed,debt_consolidation,0.4757085211714439
63,15000.0,598.1,0.1157,18976.11,retired,debt_consolidation,0.5275722113265474
48,52952.25,728.1,0.4503,17014.86,self_employed,education,0.4852784559153351
49,27545.32,668.1,0.0926,11959.31,employed,debt_consolidation,0.2866421388068446
62,22546.73,689.5,0.3205,13143.44,employed,home_improvement,0.3036948854055532
52,23863.17,590.7,0.2101,16393.01,employed,business,0.5497594248083073
43,59427.76,681.3,0.3579,19360.07,retired,home_improvement,0.5192297561921678
59,50353.98,659.7,0.659,8906.18,self_employed,debt_consolidation,0.7122826808974924
62,55700.01,676.0,0.212,2183.58,self_employed,debt_consolidation,0.2361188950221715
53,20773.7,736.5,0.388,17765.37,employed,home_improvement,0.36899017246964083
21,52287.12,701.2,0.2568,13173.12,employed,home_improvement,0.38142899593130436
37,55911.43,704.6,0.0351,13197.52,employed,education,0.17059558523512403
59,16718.91,782.3,0.1592,11955.16,employed,home_improvement,0.1169849976174743
43,20047.69,665.4,0.1818,4285.97,employed,medical,0.40449600681161524
25,34246.64,631.8,0.0764,58860.41,employed,business,0.8473939039710153
56,55282.64,602.3,0.4632,18797.11,employed,business,0.6829793685955045
42,52976.43,724.8,0.1538,6909.47,employed,debt_consolidation,0.20132603964168935
27,54896.15,660.6,0.3948,3778.27,unemployed,education,0.8008419167152635
63,34749.94,738.5,0.2933,22850.98,employed,debt_consolidation,0.3471125469853064
44,20252.62,682.6,0.2612,3461.31,employed,debt_consolidation,0.35041581571931674
24,44470.23,750.6,0.3571,25194.43,retired,business,0.663978769561374
34,61978.04,602.0,0.1704,19289.47,retired,business,0.627235314317304
28,67292.87,788.3,0.0719,12457.07,employed,medical,0.19978156205397202
51,16215.8,707.9,0.1746,16102.38,employed,home_improvement,0.25641826545533875
43,32936.8,746.3,0.1593,5913.23,employed,debt_consolidation,0.1942976975747
69,176643.86,731.8,0.0357,17090.04,self_employed,business,0.062029257412482705
39,92385.05,682.7,0.1636,19688.32,employed,home_improvement,0.24789868176833502
21,72927.7,748.4,0.1848,6738.78,retired,home_improvement,0.23390183840169912
66,32776.23,693.4,0.3706,2777.22,employed,debt_consolidation,0.28510555402878496
27,65561.19,711.2,0.2009,19261.82,employed,debt_consolidation,0.40928080067772293
48,84799.22,850.0,0.1072,11101.27,employed,home_improvement,0.04557227104612443
25,44587.43,688.5,0.0534,4407.39,unemployed,business,0.5984782727997998
51,23846.22,570.2,0.3576,13745.96,employed,debt_consolidation,0.6908750533148232
53,29414.99,728.6,0.2076,11635.48,employed,home_improvement,0.19189317959545252
69,60818.96,646.6,0.2267,14036.44,retired,debt_consolidation,0.3635259749292544
47,62479.37,678.1,0.1641,2911.72,self_employed,home_improvement,0.1943664734273199
51,60707.84,759.0,0.2189,54240.13,employed,debt_consolidation,0.5814021904138641
38,101026.64,685.3,0.146,16121.41,self_employed,debt_consolidation,0.32580203523296114
65,106589.9,600.2,0.0724,12901.17,self_employed,home_improvement,0.18400613724968595
58,67299.43,580.3,0.2762,4179.44,unemployed,home_improvement,0.6752662348775499
53,47580.65,660.5,0.292,9067.84,self_employed,debt_consolidation,0.4429549088165654
43,97602.46,675.5,0.0654,8700.73,self_employed,debt_consolidation,0.20899038904521497
57,38552.48,715.4,0.136,4856.28,employed,home_improvement,0.11549658897781057
21,43637.63,646.8,0.2536,28371.23,employed,home_improvement,0.6490184898269927
55,64808.17,700.2,0.2689,51056.72,employed,debt_consolidation,0.6650674908953697
37,17668.8,687.5,0.4974,10440.22,employed,debt_consolidation,0.6551915656357361
49,51728.67,657.4,0.0994,29396.01,employed,business,0.4274275748914855
51,57817.52,712.7,0.3667,60000.0,employed,medical,0.8555868887830549
21,25063.11,680.7,0.2363,6074.01,employed,debt_consolidation,0.4702780269634929
45,26329.46,605.1,0.1668,10490.94,employed,business,0.45655852881310766
37,35423.68,712.1,0.0847,15436.88,employed,debt_consolidation,0.28483517061990027
48,21841.75,675.0,0.2512,13147.25,unemployed,debt_consolidation,0.7799545206291091
63,20003.08,646.6,0.2909,8595.92,employed,business,0.38554578609418283
61,71828.39,681.6,0.2839,10537.46,employed,debt_consolidation,0.2666346319688736
31,42209.2,744.3,0.0975,18922.95,self_employed,home_improvement,0.276003854516928
51,23573.93,634.5,0.1899,18129.8,employed,home_improvement,0.3914711805348903
42,49598.64,721.3,0.2479,15823.78,employed,education,0.2878491379422008
39,26768.86,615.5,0.1029,16565.76,employed,education,0.41221356443902446
51,24292.94,683.7,0.0723,4322.56,employed,debt_consolidation,0.1920282427135347
40,84466.76,780.9,0.2331,26800.22,self_employed,education,0.29368004615534804
66,86666.69,697.1,0.0479,15944.47,employed,debt_consolidation,0.12404336708755428
62,45761.38,642.3,0.0364,12254.64,employed,education,0.16541440815402303
48,74014.61,543.9,0.0262,15379.71,employed,debt_consolidation,0.39425366246606086
54,35047.93,655.5,0.2876,23736.71,employed,business,0.5420722472797878
60,111796.37,750.4,0.4812,60000.0,employed,home_improvement,0.6427516494459269
25,30934.63,636.9,0.1252,20628.34,employed,business,0.5667139838663249
37,29065.74,672.6,0.1871,18951.83,employed,debt_consolidation,0.48235136990847155
45,46836.16,670.3,0.3834,13207.01,unemployed,debt_consolidation,0.8366986735043115
43,63547.98,692.2,0.3436,15373.07,employed,home_improvement,0.35725794489779955
40,68622.01,655.6,0.163,60000.0,employed,business,0.7843748638814633
34,213646.78,661.0,0.1581,8321.74,self_employed,debt_consolidation,0.16255377440131732
30,15000.0,713.1,0.1281,4269.2,unemployed,debt_consolidation,0.6511034926961898
50,47697.44,609.5,0.0272,20936.09,self_employed,debt_consolidation,0.44543569031129193
63,131571.73,600.4,0.21,36631.35,employed,debt_consolidation,0.47696646209227006
35,31552.2,668.2,0.2896,60000.0,self_employed,home_improvement,0.8804030439166273
63,69000.22,711.0,0.2399,6092.98,self_employed,debt_consolidation,0.2144819589413588
64,39562.13,624.8,0.0303,10760.16,retired,debt_consolidation,0.27912060296441793
44,67228.8,668.8,0.1705,19031.86,employed,business,0.3597170885736486
29,33803.91,620.3,0.4221,14627.49,employed,home_improvement,0.6746872476245451
69,100731.53,627.1,0.2081,25206.02,self_employed,debt_consolidation,0.40888597074077593
34,32674.32,612.5,0.3322,15456.06,employed,debt_consolidation,0.6842558078531853
57,28891.24,760.5,0.0869,11334.69,employed,debt_consolidation,0.13869009872297428
34,46693.6,717.2,0.1726,38039.27,retired,home_improvement,0.5601590211081383
61,104951.98,716.9,0.1207,37237.78,self_employed,business,0.32778181867433415
46,58549.27,682.7,0.084,1525.3,employed,home_improvement,0.11547911096548187
57,83296.13,788.6,0.1704,21794.92,employed,debt_consolidation,0.15017264199989408
50,129030.88,642.5,0.2215,14720.35,employed,debt_consolidation,0.27273581453265583
34,21043.67,649.0,0.1473,10436.83,employed,debt_consolidation,0.4342409964238241
26,41539.49,608.5,0.2328,26195.45,employed,home_improvement,0.6551138265774108
32,41725.72,693.6,0.2243,7977.62,unemployed,education,0.6727787011632304
45,74046.76,674.5,0.347,7759.26,self_employed,education,0.37376435210457243
53,35504.54,755.7,0.226,9136.08,employed,debt_consolidation,0.20423798215373715
57,90201.85,684.4,0.0689,5734.53,employed,debt_consolidation,0.1142348699152311
55,32754.15,693.5,0.0663,3902.0,employed,debt_consolidation,0.1541736421120985
50,29968.0,620.5,0.0919,12402.73,employed,business,0.3524048485289786
33,169508.63,717.7,0.5066,8703.28,retired,business,0.3938742144698115
23,76208.05,728.4,0.0949,14323.1,employed,home_improvement,0.19179760876317334
28,60792.55,656.9,0.3107,7230.65,employed,home_improvement,0.392765654283017
45,69532.5,713.3,0.0352,6962.3,employed,home_improvement,0.09356988373696165
67,49029.74,709.1,0.167,17159.97,retired,debt_consolidation,0.2760902748055257
58,30833.33,667.4,0.1739,8200.7,self_employed,business,0.3249019207967453
55,155862.07,690.1,0.2647,3250.79,employed,debt_consolidation,0.12083052160492284
54,62992.87,611.8,0.1987,6618.64,employed,education,0.26457134209837757
54,36977.99,604.9,0.134,26537.09,unemployed,home_improvement,0.7887327879143841
58,103312.5,626.1,0.1182,16621.43,employed,debt_consolidation,0.24745363693495806
36,57248.33,658.9,0.1186,9691.88,employed,home_improvement,0.23728550609481977
43,38712.99,660.1,0.415,12717.48,employed,debt_consolidation,0.5874526700345019
27,35520.27,701.3,0.1115,11691.17,employed,home_improvement,0.25842342803991697
25,23762.1,655.8,0.3447,12050.96,employed,debt_consolidation,0.6502920479297781
29,88066.55,696.3,0.1306,10760.86,employed,business,0.24845916118330352
22,50861.03,733.8,0.3189,8496.04,employed,business,0.40839360479398984
53,65581.43,749.5,0.2506,12093.46,self_employed,debt_consolidation,0.2594531484864559
45,58473.62,625.0,0.4265,21731.57,employed,home_improvement,0.6141771047542068
64,68296.57,667.2,0.1647,33141.8,employed,debt_consolidation,0.39851249553060175
33,97403.14,644.0,0.2976,6643.03,employed,business,0.38523704778651247
45,40729.81,709.1,0.3405,5475.96,self_employed,business,0.40973378261775933
26,55276.62,711.4,0.3464,9109.48,employed,education,0.3855912095187638
62,89500.68,700.7,0.0959,11417.03,employed,debt_consolidation,0.1258214779211594
57,29717.12,652.4,0.1869,9223.25,employed,medical,0.39021700509702006
29,18004.37,560.7,0.169,32155.97,employed,education,0.7728602621260462
58,107721.5,675.7,0.1655,26335.54,employed,debt_consolidation,0.28088981648874073
57,22848.99,734.5,0.5494,5453.53,employed,debt_consolidation,0.4480616310657653
48,39165.06,686.1,0.2217,15994.03,employed,home_improvement,0.2974617240124024
36,88981.29,733.7,0.1549,7794.03,employed,debt_consolidation,0.17391208617117132
22,141501.95,654.6,0.3259,21367.72,employed,debt_consolidation,0.521317516848867
53,26103.48,629.6,0.3564,53955.69,retired,debt_consolidation,0.9106196437858507
64,31450.46,621.1,0.0592,11997.13,employed,debt_consolidation,0.2617604027009689
62,86046.53,762.7,0.2813,6731.03,employed,home_improvement,0.0926020810617064
53,25984.69,704.3,0.203,5583.99,employed,debt_consolidation,0.24339351008955815
33,22684.15,629.9,0.0831,15544.23,self_employed,debt_consolidation,0.5418766108714425
37,63741.89,636.3,0.1274,18777.36,employed,debt_consolidation,0.42696036752412597
21,22948.56,695.9,0.2152,10536.25,employed,home_improvement,0.38501720016297614
26,48077.33,632.1,0.4067,8659.58,self_employed,home_improvement,0.6417035928757201
44,70005.11,800.6,0.5088,15074.61,employed,debt_consolidation,0.37106594292916184
51,102416.44,685.2,0.1372,19255.31,employed,debt_consolidation,0.22920051576684244
38,106342.14,766.1,0.0692,16246.96,retired,debt_consolidation,0.16912217067616395
63,32589.14,735.4,0.311,9848.31,employed,education,0.2040651254187972
42,43979.32,706.5,0.222,3207.3,employed,debt_consolidation,0.2521464855192709
25,110516.21,564.6,0.489,15325.27,self_employed,debt_consolidation,0.8240919108297176
55,47438.16,681.8,0.3477,19570.5,employed,business,0.47256302708048575
42,39592.84,683.3,0.2993,21988.13,employed,debt_consolidation,0.5447730924882032
62,36850.89,718.0,0.0225,5026.79,self_employed,debt_consolidation,0.13223127291390108
41,47355.73,592.2,0.3286,17877.34,employed,debt_consolidation,0.6778582729178276
65,87378.28,772.1,0.3859,48549.69,employed,debt_consolidation,0.5157785844391627
48,46022.62,715.4,0.1554,10343.81,employed,medical,0.2870392718717526
69,93883.98,692.3,0.2277,3984.26,employed,business,0.12602077680064291
56,40232.74,654.2,0.0237,10768.01,employed,business,0.20134539463509946
64,33890.09,710.4,0.4527,14686.13,employed,debt_consolidation,0.44476121020561393
64,103950.86,784.7,0.4548,8031.71,employed,business,0.16468451772405146
41,42866.35,708.7,0.0724,29889.57,employed,debt_consolidation,0.38280925902006
63,35639.47,673.7,0.2476,13140.38,employed,debt_consolidation,0.3256842177618713
40,133103.85,731.8,0.0623,4429.27,employed,debt_consolidation,0.07960170935366785
51,66484.22,630.7,0.1473,1162.77,retired,debt_consolidation,0.28583848527469957
33,49093.03,689.7,0.0909,13051.68,unemployed,debt_consolidation,0.6680662641661538
64,63872.6,762.5,0.3931,21693.74,employed,debt_consolidation,0.318590389034406
53,23801.52,808.6,0.3498,5714.5,employed,home_improvement,0.15003556256021203
22,56196.89,750.5,0.4319,47515.2,employed,home_improvement,0.760680724889797
33,65635.09,773.8,0.1447,15193.47,employed,debt_consolidation,0.20926403396895102
39,24121.78,747.0,0.217,21226.16,employed,medical,0.4748459849029452
67,43378.99,676.9,0.0888,7430.19,employed,business,0.1516775300585271
58,36518.11,547.4,0.379,12145.39,employed,debt_consolidation,0.674385356261977
40,111223.94,732.5,0.3327,22558.56,unemployed,home_improvement,0.6500360970860491
26,45861.73,782.7,0.511,26056.3,employed,debt_consolidation,0.6585141927296341
28,74968.67,615.3,0.2456,19999.82,self_employed,debt_consolidation,0.6742709533319146
49,75305.18,650.5,0.1942,24563.88,employed,home_improvement,0.344970057464932
68,50703.15,689.2,0.0868,7557.45,employed,business,0.13078361799209418
42,65945.83,658.1,0.4166,19115.84,self_employed,debt_consolidation,0.677351713182602
34,43488.11,749.5,0.1455,7170.26,self_employed,medical,0.3290965884325639
54,22633.49,551.4,0.2579,5506.51,employed,home_improvement,0.4562499485632351
34,69366.13,771.9,0.3146,11399.21,self_employed,debt_consolidation,0.3461771277395456
50,24413.64,688.1,0.2435,1749.11,employed,home_improvement,0.210425480911459
43,26353.61,840.7,0.3533,38922.99,employed,business,0.493813247863251
41,139794.36,634.7,0.3759,2453.36,employed,debt_consolidation,0.31307614762092834
48,31149.19,624.0,0.3988,44224.48,employed,home_improvement,0.8132661451299891
52,102685.14,732.9,0.0646,12623.39,employed,home_improvement,0.07655797512870775
30,37996.81,767.6,0.4001,10018.2,self_employed,home_improvement,0.40304626005841737
26,124380.48,678.0,0.1795,22402.89,employed,debt_consolidation,0.3752877480284089
23,42898.68,658.9,0.1835,20359.58,employed,business,0.5616107957148649
63,40457.13,630.2,0.5988,52911.21,employed,medical,0.9417951656166154
28,92935.45,630.1,0.1399,14775.23,unemployed,debt_consolidation,0.7587156786855588
66,61612.27,628.3,0.2555,60000.0,retired,debt_consolidation,0.8410292887045657
23,15000.0,647.7,0.2396,4740.63,employed,debt_consolidation,0.5292378292019759
47,23635.57,659.5,0.4974,4021.06,self_employed,debt_consolidation,0.6475148701949616
68,94043.45,700.4,0.1962,20442.04,self_employed,debt_consolidation,0.25389524506582084
24,63194.14,694.4,0.3794,26871.74,employed,debt_consolidation,0.6873848683948589
51,56982.24,674.3,0.146,9291.94,retired,home_improvement,0.23274281612134853
45,137598.27,785.3,0.1794,52654.34,employed,medical,0.44347172605806906
42,44291.12,662.5,0.2751,11375.75,employed,medical,0.5223615567841224
29,74576.18,673.3,0.118,7768.03,employed,home_improvement,0.20711541617353363
39,29341.18,723.1,0.2223,25357.04,self_employed,medical,0.6271999062444241
58,57409.63,516.4,0.1555,16426.11,employed,debt_consolidation,0.5464776431389738
39,23817.09,751.1,0.1153,18638.88,employed,debt_consolidation,0.285254505943581
42,33259.96,570.0,0.288,25643.81,employed,business,0.7609367926584907
25,71263.51,758.2,0.1748,33434.72,unemployed,home_improvement,0.7260189760392864
52,85711.74,667.2,0.2922,9544.08,retired,home_improvement,0.2960838232799254
36,191024.83,720.3,0.073,8810.12,employed,business,0.0732431765032216
39,19828.72,768.0,0.2056,12413.48,employed,home_improvement,0.21029298186816503
47,35360.74,729.9,0.1234,25082.25,employed,business,0.320331628059915
21,47001.41,746.7,0.205,7797.79,employed,debt_consolidation,0.30598567037659513
60,47501.45,671.0,0.0278,42337.46,self_employed,debt_consolidation,0.5027551578200676
61,38993.67,756.6,0.144,32581.14,employed,business,0.28994322908295883
35,35662.67,749.0,0.4839,60000.0,unemployed,medical,0.9820156335038093
52,67231.17,583.0,0.2877,5872.01,employed,debt_consolidation,0.44207321677524164
27,22671.12,739.5,0.4463,7956.31,employed,medical,0.6166105629073928
68,42753.53,721.1,0.3324,15905.15,employed,debt_consolidation,0.3037197716554218
34,48500.51,674.0,0.3582,6944.46,self_employed,debt_consolidation,0.5547868710234883
44,35923.49,736.9,0.1104,41796.49,employed,business,0.47828347411567357
46,40392.79,645.7,0.1671,6226.49,employed,business,0.31303161884020314
62,52710.85,667.0,0.2668,7639.71,employed,debt_consolidation,0.27777192851817467
62,152994.02,718.9,0.0943,31545.04,employed,debt_consolidation,0.14967267354251546
52,24312.36,655.6,0.175,7654.54,employed,business,0.3155439337529502
42,92403.53,695.2,0.3384,4788.9,self_employed,debt_consolidation,0.349956884687958
69,54858.61,726.9,0.2287,6875.78,self_employed,education,0.15111730466908938
58,57370.67,686.0,0.2017,6296.64,unemployed,debt_consolidation,0.5555372722387001
69,44201.83,712.2,0.1304,7299.3,self_employed,debt_consolidation,0.17156734137166424
54,60347.88,607.3,0.2771,11440.34,unemployed,debt_consolidation,0.7940509051932334
43,40771.09,721.9,0.1192,35471.93,retired,home_improvement,0.4410233442071833
35,33064.46,638.0,0.1796,3910.28,employed,home_improvement,0.30408539824725717
47,36517.71,603.4,0.1523,19942.12,employed,debt_consolidation,0.5210300156208099
55,37348.41,695.3,0.221,43341.12,employed,home_improvement,0.5202175050564974
27,26469.22,598.5,0.2166,7441.16,employed,home_improvement,0.492208562799235
48,34786.28,629.3,0.0647,17767.93,unemployed,home_improvement,0.6621527279119521
36,52626.41,665.0,0.0829,8188.45,retired,debt_consolidation,0.33973626878478563
49,21880.95,728.3,0.1537,20455.37,employed,debt_consolidation,0.32284405994948623
57,71698.05,645.2,0.2171,8746.52,employed,home_improvement,0.20895657089419817
68,278386.55,667.3,0.2553,13478.74,employed,business,0.06306735488237346
34,28486.75,636.5,0.3942,16103.55,employed,business,0.7005523792058138
41,26751.24,557.0,0.2384,20821.26,employed,debt_consolidation,0.7260612830481933
33,26513.93,691.3,0.0743,34166.59,employed,medical,0.6142377753454139
36,31501.32,586.3,0.1534,29662.91,employed,business,0.706342287160287
38,67365.29,773.2,0.1331,14554.36,self_employed,home_improvement,0.1696015486051688
27,60826.67,734.0,0.1629,10002.5,employed,debt_consolidation,0.26494599283592596
35,29720.68,753.9,0.2373,15017.8,employed,debt_consolidation,0.34915696895845005
48,16621.35,663.5,0.165,8539.41,employed,home_improvement,0.26394714941884406
52,24987.94,699.8,0.2514,8688.84,employed,home_improvement,0.24273624973307667
34,109474.56,732.3,0.2957,9738.7,employed,home_improvement,0.18882531549017614
69,25636.48,689.4,0.0899,15945.13,employed,home_improvement,0.1547299273942564
66,84815.7,702.6,0.2121,12743.74,employed,home_improvement,0.12950680074752097
60,56213.86,575.6,0.5711,37173.54,employed,debt_consolidation,0.8855009714471258
28,43700.08,655.2,0.0195,5933.57,employed,medical,0.3376588250495519
27,88464.36,628.1,0.1927,23194.79,employed,home_improvement,0.45898663869506634
38,26266.45,594.8,0.1942,8059.02,retired,debt_consolidation,0.6001486581360667
37,35486.3,587.6,0.0699,14107.94,employed,home_improvement,0.3834998148072795
50,46452.96,674.8,0.3543,15615.09,employed,debt_consolidation,0.48490314286909364
66,99262.09,641.9,0.6239,13807.19,employed,home_improvement,0.4800398170663938
27,39552.61,732.0,0.2758,7467.61,employed,debt_consolidation,0.366624373631258
60,28246.67,707.7,0.2217,5206.93,employed,debt_consolidation,0.21761703002042376
63,63239.34,714.3,0.2253,12796.65,employed,debt_consolidation,0.20752047441863877
24,116284.96,695.2,0.0444,13803.8,employed,home_improvement,0.15036799147898136
40,17488.37,772.6,0.4872,5827.75,retired,debt_consolidation,0.5130504305190655
31,24951.33,630.8,0.4244,7911.55,retired,debt_consolidation,0.751137254947241
47,43054.62,781.9,0.1243,17067.6,unemployed,debt_consolidation,0.5117148062779358
65,25958.14,696.5,0.0538,9332.85,employed,education,0.12034796301471475
55,145087.56,707.6,0.5251,17547.02,employed,debt_consolidation,0.3743728608530033
57,55949.62,736.6,0.2471,9471.85,employed,home_improvement,0.14847360035766344
63,36077.33,590.2,0.1545,50197.26,self_employed,medical,0.8498515223293289
44,61071.27,678.6,0.2627,54682.11,employed,debt_consolidation,0.7764428275150912
34,88064.28,768.1,0.2152,9520.27,retired,debt_consolidation,0.24151594296559795
25,26120.35,685.5,0.3157,14320.48,employed,business,0.5869201379836982
54,32807.37,763.8,0.223,8409.73,retired,business,0.2400874814804467
55,106275.88,670.2,0.3623,42537.53,employed,medical,0.7053926596731764
30,39001.26,746.0,0.3353,16809.13,employed,debt_consolidation,0.47257457862400665
26,38551.97,711.4,0.0638,10034.45,employed,business,0.26395324028856476
35,35980.18,649.9,0.1128,26376.87,self_employed,home_improvement,0.5158243637273916
32,48933.03,698.2,0.1746,6062.25,employed,home_improvement,0.22076950151885907
30,36484.02,616.9,0.225,7132.55,employed,debt_consolidation,0.5178576929988653
67,64865.83,680.1,0.329,25957.08,employed,education,0.36464785409304706
28,105588.04,849.4,0.3252,24119.25,employed,debt_consolidation,0.25195853981060984
46,24406.66,651.2,0.1514,6609.89,employed,home_improvement,0.25319073888505433
58,77064.43,785.7,0.0946,15598.69,self_employed,home_improvement,0.0924513236794408
34,110616.21,640.3,0.0597,10344.48,employed,debt_consolidation,0.22747846930642882
25,47445.1,664.2,0.1224,8843.83,employed,debt_consolidation,0.36696749236665543
23,85988.01,561.2,0.4663,16903.64,employed,home_improvement,0.7565493659684414
39,148721.28,643.2,0.1088,22581.57,employed,home_improvement,0.20822592369167908
40,64509.02,503.4,0.404,7379.08,employed,business,0.7476874538137629
33,54253.16,754.3,0.0958,50931.93,unemployed,debt_consolidation,0.856780103072326
34,33831.04,688.4,0.162,9320.72,employed,debt_consolidation,0.34236055210416716
26,64297.54,598.1,0.3505,2851.72,employed,debt_consolidation,0.5836482766860148
27,22568.58,747.7,0.2139,16925.35,employed,business,0.40797052590916116
57,59640.99,680.7,0.2843,10353.24,employed,debt_consolidation,0.30411909093347617
48,31842.61,638.7,0.2436,16760.82,employed,debt_consolidation,0.506354412728582
62,76132.47,666.8,0.117,3910.36,employed,debt_consolidation,0.13910924135960367
25,61516.12,625.8,0.2907,5870.51,self_employed,debt_consolidation,0.595515840652387
60,123406.01,764.4,0.2993,47443.93,employed,business,0.3936929600136772
28,30308.04,597.2,0.3751,13214.4,employed,debt_consolidation,0.7488213532286973
43,36310.6,649.0,0.1987,19979.13,employed,debt_consolidation,0.4999829088802748
29,27039.47,667.6,0.3123,5253.56,employed,debt_consolidation,0.5051888751441235
58,100059.18,703.3,0.3142,7531.15,employed,home_improvement,0.15214276858620512
51,41334.29,740.2,0.4329,7307.36,retired,business,0.42821721055412804
29,126282.64,675.9,0.2434,8548.85,self_employed,medical,0.4220502635251154
45,72718.44,675.9,0.0795,23999.28,employed,business,0.30887101588596627
56,44091.48,641.6,0.3519,7825.22,employed,business,0.4289364506655941
56,36871.15,621.7,0.4657,40866.5,employed,debt_consolidation,0.849400396796785
40,16057.96,697.5,0.4799,12730.28,employed,debt_consolidation,0.6341912693894718
66,19471.39,631.9,0.0192,59702.43,employed,debt_consolidation,0.6895556962225001
38,58809.63,584.4,0.3841,29847.26,employed,debt_consolidation,0.8136127969073123
45,105364.19,687.2,0.0358,11286.97,employed,debt_consolidation,0.14046851517026493
41,59384.36,737.8,0.5014,6462.17,employed,business,0.4193735411740382
29,31109.22,691.0,0.1606,60000.0,self_employed,education,0.8306047530479711
69,40654.01,679.7,0.4249,21919.87,self_employed,debt_consolidation,0.5847936557536585
43,60226.94,682.6,0.3291,11554.77,employed,education,0.34984211903164575
45,47515.96,713.3,0.268,41108.59,employed,home_improvement,0.5388616613221745
60,33705.33,727.4,0.2247,29015.67,self_employed,debt_consolidation,0.45891001808155196
53,25432.3,679.0,0.2342,8326.92,employed,debt_consolidation,0.3278748033735479
56,80076.55,733.6,0.1384,12507.92,retired,home_improvement,0.14001025605339562
58,70297.59,728.1,0.2085,6348.76,employed,home_improvement,0.11045616245745284
69,24147.47,702.8,0.0237,9035.19,employed,education,0.09739059521122725
44,41211.14,599.1,0.2427,6353.14,employed,debt_consolidation,0.4727039513069197
43,27573.61,594.6,0.1679,29366.92,employed,home_improvement,0.5965102888261766
47,32999.55,712.8,0.3673,14332.71,self_employed,debt_consolidation,0.5288799214118013
55,61552.08,643.2,0.1467,9251.37,employed,home_improvement,0.19489857860328308
29,31748.25,714.8,0.3404,35847.76,employed,home_improvement,0.6572271322002502
30,17774.62,586.0,0.1738,17284.42,employed,debt_consolidation,0.6671035116397516
34,144221.14,615.5,0.639,6121.71,employed,home_improvement,0.5460077348698511
68,117867.06,644.1,0.5329,17042.8,employed,home_improvement,0.3843787140105489
42,79266.55,768.0,0.0235,14971.12,employed,home_improvement,0.08376662481667241
61,77839.17,697.5,0.352,31152.6,employed,debt_consolidation,0.48199480717353294
46,17345.34,734.8,0.3766,9095.11,employed,home_improvement,0.3210852726915039
24,23567.71,742.3,0.0913,16882.5,employed,debt_consolidation,0.3354975642000305
29,22592.82,643.6,0.224,9040.54,self_employed,business,0.5870642699800117
36,54978.84,600.5,0.1084,6875.1,employed,home_improvement,0.2949050690616042
25,75050.22,631.1,0.6446,13097.23,employed,debt_consolidation,0.8165741177882153
54,20076.73,609.3,0.2392,5211.6,retired,debt_consolidation,0.5096351043447471
53,53741.15,766.0,0.3582,10401.29,employed,medical,0.3231309684390664
47,33623.19,748.8,0.4004,5000.67,employed,education,0.26694187806132946
62,27753.11,666.1,0.1587,16348.25,employed,debt_consolidation,0.3176222846543781
21,121081.6,658.4,0.1348,7988.43,employed,debt_consolidation,0.27049061982278383
59,34341.98,708.8,0.4507,24409.73,employed,medical,0.6503400097948819
22,52986.4,755.1,0.2844,24484.04,unemployed,debt_consolidation,0.8297190646654259
69,32287.08,703.3,0.2477,10533.54,employed,debt_consolidation,0.23871514089376336
21,20310.75,630.3,0.4583,8373.81,employed,home_improvement,0.6901800918508418
37,40708.39,707.4,0.2328,15896.33,employed,home_improvement,0.31968405497395963
26,38891.67,691.2,0.1873,29694.67,employed,debt_consolidation,0.5998511606661132
66,55157.6,697.7,0.1009,20601.57,employed,debt_consolidation,0.20960404298333488
54,30909.86,550.8,0.2074,26763.9,self_employed,debt_consolidation,0.7575148805976535
62,50822.11,706.1,0.3848,12356.82,employed,education,0.28849618268084454
28,29337.38,561.9,0.187,10860.75,retired,home_improvement,0.6382997130860985
50,53394.85,538.8,0.1988,3634.53,employed,education,0.3907600914069527
51,96255.48,726.4,0.0965,17245.82,employed,home_improvement,0.11274384232541655
62,45255.08,638.6,0.2072,5284.77,self_employed,debt_consolidation,0.33157020134075144
61,118327.96,745.2,0.0573,60000.0,employed,debt_consolidation,0.36130546444138095
47,42994.77,684.1,0.0753,24860.24,employed,home_improvement,0.2699117171635097
24,176070.93,775.1,0.5409,7518.32,self_employed,business,0.3359824859214665
69,54506.94,629.6,0.3459,14748.67,employed,debt_consolidation,0.4331841505404934
23,27391.6,699.0,0.3662,30542.61,unemployed,debt_consolidation,0.9383029018963732
22,26303.09,722.4,0.3812,12864.38,employed,debt_consolidation,0.5829778282895626
21,56822.45,703.8,0.0498,9444.14,unemployed,home_improvement,0.5329232766899283
48,84423.32,618.3,0.2216,59811.12,employed,home_improvement,0.7545539702893946
37,61734.19,722.7,0.1749,6064.25,employed,debt_consolidation,0.21675394504804285
26,104874.95,624.0,0.5279,11333.83,self_employed,debt_consolidation,0.7496728324604366
36,15000.0,622.9,0.1864,13893.31,self_employed,debt_consolidation,0.6245542148121284
23,35893.95,609.9,0.1887,2907.11,unemployed,home_improvement,0.7617839576578763
32,43029.27,746.4,0.4106,10763.48,employed,home_improvement,0.36712118898288226
28,85173.96,709.9,0.2254,25534.64,self_employed,education,0.45580888773440353
55,20931.76,768.3,0.2877,7476.02,employed,debt_consolidation,0.2254676552975353
44,43088.1,678.9,0.2352,32383.44,retired,debt_consolidation,0.6649890353819147
29,22044.03,566.9,0.2688,14404.52,employed,debt_consolidation,0.7382676310092211
55,36879.83,621.1,0.3032,9867.87,retired,debt_consolidation,0.5539166752786538
23,35655.12,751.0,0.4452,9650.16,employed,home_improvement,0.43790357168287614
47,77287.14,621.5,0.335,10107.31,employed,debt_consolidation,0.4638941909249232
47,34444.42,634.5,0.1603,7808.93,retired,debt_consolidation,0.43100297733382625
50,41134.0,676.2,0.0784,27282.69,employed,home_improvement,0.2943307697834958
68,34250.28,734.5,0.4243,15493.94,employed,business,0.35895667182554813
22,32143.65,656.5,0.377,13338.36,employed,debt_consolidation,0.6859745546549254
35,24662.04,636.6,0.0677,25934.9,self_employed,debt_consolidation,0.608613505881845
29,36959.47,640.8,0.3528,14516.08,employed,debt_consolidation,0.661859377025336
21,73536.57,714.4,0.2708,55630.95,employed,business,0.8061985493892284
46,43941.11,615.5,0.3827,12220.12,employed,debt_consolidation,0.6088224328210468
32,38904.23,623.0,0.3155,9593.71,self_employed,debt_consolidation,0.6633551895758566
33,66386.02,688.8,0.1553,16475.96,employed,debt_consolidation,0.3508349978798321
22,42754.65,601.9,0.3252,12721.56,self_employed,debt_consolidation,0.7661456068914607
57,15000.0,809.2,0.3129,37542.95,employed,debt_consolidation,0.45469464627043304
37,27183.67,703.4,0.1863,6071.46,employed,debt_consolidation,0.3042036116488652
26,35380.03,664.9,0.3016,13018.85,self_employed,education,0.5832908996259222
67,41815.31,680.1,0.151,3967.16,self_employed,business,0.2032098330326652
64,79733.09,693.3,0.3098,24216.8,retired,debt_consolidation,0.4433587901760761
48,63317.02,803.3,0.3472,36138.13,retired,debt_consolidation,0.517200549495972
21,51159.44,768.5,0.5414,16652.51,employed,debt_consolidation,0.6318576200593995
53,45683.13,651.6,0.1309,22042.95,employed,debt_consolidation,0.3863852575520805
61,51539.28,763.1,0.4854,8325.61,employed,home_improvement,0.23044256176606429
54,53171.2,694.9,0.5585,17060.02,employed,business,0.599745395742663
42,29980.35,751.8,0.131,57552.53,employed,debt_consolidation,0.6573964603222575
26,23181.07,727.7,0.1423,13963.05,self_employed,education,0.3655510214343584
46,42055.47,653.5,0.2542,12738.59,employed,business,0.4310784983186175
43,65601.81,666.0,0.1997,13092.61,employed,home_improvement,0.2667953488493658
62,50162.35,627.3,0.2458,9451.1,employed,education,0.2839971444245605
28,90221.2,665.1,0.144,9257.32,employed,home_improvement,0.22613181435785698
56,272171.41,676.0,0.3725,31825.47,employed,education,0.17774629054378516
40,77438.62,713.4,0.3463,7250.25,employed,business,0.3147480324460868
51,22163.57,725.1,0.0522,13352.42,employed,home_improvement,0.1437454956320302
48,50359.28,723.5,0.0189,48580.06,employed,education,0.3805763176448879
28,66992.71,708.3,0.4764,20281.31,employed,education,0.5857485457894346
51,77951.31,670.6,0.269,24941.02,employed,business,0.4420036304140081
54,107455.9,722.0,0.1828,26229.78,retired,education,0.25172513853443
23,55704.68,695.3,0.0927,18715.09,employed,debt_consolidation,0.380573991628219
32,42503.02,704.0,0.2813,25295.51,unemployed,education,0.827104189902412
49,51880.74,785.8,0.2666,3602.68,employed,education,0.11910198277931382
23,43102.36,637.8,0.2731,23486.75,employed,debt_consolidation,0.7052304256730956
64,205065.71,739.3,0.1188,19640.58,unemployed,home_improvement,0.17201242669697495
59,33074.71,719.8,0.176,11936.03,self_employed,home_improvement,0.20798899728789266
65,68068.22,628.3,0.1743,11078.56,unemployed,debt_consolidation,0.6265605410322392
62,61529.87,706.2,0.0825,17786.97,employed,debt_consolidation,0.17702243345366986
39,55326.35,639.4,0.2713,7753.48,employed,home_improvement,0.3501422040222223
68,66561.81,663.7,0.3645,39109.35,unemployed,debt_consolidation,0.8857133885303702
57,41265.29,712.7,0.1468,10617.76,unemployed,debt_consolidation,0.5408479472730707
27,86589.7,672.4,0.1681,7470.87,employed,debt_consolidation,0.29792387129105186
26,51104.47,760.1,0.1025,21472.98,retired,education,0.31062307329190053
51,85623.57,622.2,0.1986,41567.67,self_employed,medical,0.7607518562431049
25,41294.5,794.5,0.2243,3061.98,employed,debt_consolidation,0.20662514903968296
47,44562.69,604.2,0.1792,10166.28,employed,education,0.35728774516174944
53,46720.85,641.1,0.4279,60000.0,employed,home_improvement,0.8673104618391522
52,32408.58,770.8,0.0218,5677.99,employed,home_improvement,0.06569491905925764
58,49434.57,711.6,0.4845,31604.66,employed,home_improvement,0.5576709664275884
50,112276.82,607.8,0.1838,6581.36,retired,debt_consolidation,0.32472403177639075
24,62940.95,772.8,0.1598,9306.06,employed,debt_consolidation,0.21430437576123793
51,46610.22,750.1,0.3358,14010.02,self_employed,debt_consolidation,0.38237633746334926
35,46206.46,620.2,0.0206,24534.96,employed,debt_consolidation,0.46859396531728564
26,26487.04,612.7,0.4762,8468.36,employed,home_improvement,0.6985278507041089
57,68005.03,640.7,0.1579,44727.6,employed,debt_consolidation,0.5990766951239787
59,86451.43,820.3,0.2363,48178.48,employed,debt_consolidation,0.3325458160692758
60,20052.36,630.4,0.1953,9224.44,employed,education,0.29899045648173217
31,27626.77,552.2,0.1041,17814.41,employed,debt_consolidation,0.6508340685141182
29,57792.79,611.6,0.4175,52998.37,employed,debt_consolidation,0.9286305261231079
69,79774.38,763.6,0.0312,12281.76,retired,home_improvement,0.0627736207178387
69,67829.8,745.3,0.5799,13672.56,employed,business,0.38271981103196223
64,50686.8,753.9,0.2589,18710.69,employed,debt_consolidation,0.23350498453041943
43,62734.11,714.1,0.1967,5801.08,unemployed,debt_consolidation,0.5647190726522605
36,41547.84,664.9,0.4459,9183.24,employed,business,0.5947420774389629
29,23209.98,679.5,0.3441,29037.6,retired,debt_consolidation,0.8032885698951632
67,50790.16,591.8,0.1385,23796.92,employed,debt_consolidation,0.43422369351542667
48,40230.93,766.8,0.064,26008.03,employed,business,0.22177008619868785
32,31562.38,662.2,0.2924,27786.3,employed,debt_consolidation,0.6976443428464703
34,50426.33,642.9,0.3583,3367.97,employed,debt_consolidation,0.49789069106643435
31,93401.45,690.2,0.2229,6654.14,employed,debt_consolidation,0.27453274834953
28,26957.6,657.1,0.2601,12129.61,unemployed,business,0.8527648599187844
42,20739.85,791.3,0.1597,12969.19,employed,debt_consolidation,0.20768305545994623
44,69353.63,674.5,0.1303,23325.5,employed,debt_consolidation,0.36068732755120203
68,38098.59,557.0,0.2332,17352.59,self_employed,home_improvement,0.5150541103145094
34,26748.19,698.5,0.2167,7080.45,employed,business,0.35494391375095236
50,87285.41,685.6,0.176,15090.35,self_employed,home_improvement,0.23395042222442983
32,46314.51,722.8,0.2586,9960.63,employed,debt_consolidation,0.35509348859934536
26,112926.88,694.4,0.0595,19884.59,employed,home_improvement,0.19244621947507165
23,21987.09,792.4,0.0315,39557.05,employed,debt_consolidation,0.4310747331412639
61,17525.55,667.4,0.2804,6134.37,employed,home_improvement,0.2611684446787798
27,44871.44,823.1,0.0722,17725.01,retired,home_improvement,0.17066902386326868
27,31077.75,739.4,0.4196,13662.58,employed,debt_consolidation,0.5575048391418846
53,28868.35,646.3,0.0823,18682.48,employed,business,0.348460016541817
68,67725.65,689.3,0.3439,2732.14,employed,home_improvement,0.15810870531953147
26,22338.88,715.6,0.3407,7907.09,employed,home_improvement,0.40430562826784294
57,77662.72,647.8,0.4366,9706.83,employed,home_improvement,0.3574325941114497
37,35725.86,713.9,0.355,12794.52,employed,debt_consolidation,0.47553470783734275
36,59580.21,670.6,0.2249,6787.51,self_employed,debt_consolidation,0.41071790015008014
50,32916.85,638.5,0.1041,33921.23,employed,education,0.48007380429680935
23,52689.07,748.0,0.0983,41142.71,employed,home_improvement,0.4357741823454252
64,40193.18,678.4,0.3239,16965.08,employed,debt_consolidation,0.4032855862844141
52,36387.69,664.2,0.2734,60000.0,employed,medical,0.8763774899299837
46,30860.65,635.0,0.1211,10206.78,self_employed,debt_consolidation,0.423589312857762
42,41297.23,609.4,0.2911,4928.55,employed,medical,0.5723688494888733
47,41352.01,683.2,0.3066,11008.23,employed,debt_consolidation,0.40663850205359636
23,160691.72,641.8,0.2825,13081.3,unemployed,debt_consolidation,0.74264750305849
40,58360.16,659.8,0.2443,10645.18,unemployed,education,0.6999791273280682
58,104856.27,841.5,0.4104,22827.73,employed,debt_consolidation,0.19292066841226582
63,61706.66,525.1,0.1181,8593.59,employed,debt_consolidation,0.38200350229199437
30,31019.55,677.8,0.3774,18717.39,self_employed,home_improvement,0.6485348016453469
55,46605.95,686.9,0.3181,25389.64,employed,debt_consolidation,0.5058899510378273
57,178126.88,727.9,0.1265,8910.46,employed,business,0.0597376545814894
43,18653.64,730.8,0.3354,5774.83,self_employed,debt_consolidation,0.42844565809513774
21,79458.28,584.0,0.3821,19081.19,employed,debt_consolidation,0.7726114676904117
41,32803.51,614.6,0.521,24330.26,employed,debt_consolidation,0.8376027562168863
39,56894.15,599.8,0.3492,13349.26,employed,home_improvement,0.5425848143872987
47,32359.08,685.4,0.4013,15219.81,employed,business,0.5405650363552408
47,15883.36,788.6,0.0813,4380.83,employed,home_improvement,0.08377471745468164
36,102666.51,638.9,0.1588,24236.19,employed,debt_consolidation,0.4350925824706502
47,18675.37,614.7,0.3031,4852.03,employed,medical,0.589541847563834
29,44838.66,630.1,0.0878,15320.46,employed,home_improvement,0.35993351320695743
60,56072.05,723.2,0.2584,12513.7,employed,debt_consolidation,0.23517611749385695
21,26603.82,706.6,0.023,43374.57,employed,education,0.5521093211367122
60,38183.5,724.2,0.3556,7255.64,unemployed,debt_consolidation,0.6525023151731882
24,79704.53,735.8,0.216,8805.92,employed,education,0.21968037790050973
36,101658.15,768.9,0.0991,20496.71,self_employed,home_improvement,0.1604155682367914
27,45649.51,766.3,0.1996,10398.06,employed,debt_consolidation,0.27023614948402314
36,40346.59,743.9,0.2797,8968.93,self_employed,debt_consolidation,0.38542955707955506
34,59038.17,652.2,0.3053,26333.26,employed,business,0.6476537182295075
25,134899.29,754.7,0.364,7113.04,unemployed,education,0.5339081636892147
33,50532.99,657.1,0.2459,6996.02,employed,home_improvement,0.33138889849138603
60,177158.09,592.6,0.2551,29762.71,employed,business,0.38101711439800917
59,49215.81,677.6,0.1645,25705.96,employed,debt_consolidation,0.3678382248800945
59,80781.25,581.6,0.3008,17796.02,employed,debt_consolidation,0.5161760083407373
36,110972.4,601.8,0.1617,11241.84,employed,debt_consolidation,0.35706289986882256
53,36599.86,655.7,0.0906,5930.51,employed,home_improvement,0.16714683204119385
35,28933.42,649.2,0.4022,8471.12,retired,business,0.6838299118982136
69,48061.33,623.3,0.1995,12742.71,employed,business,0.31138489007852155
24,64374.12,684.1,0.0538,19026.51,employed,debt_consolidation,0.35015943933861005
59,76608.82,703.8,0.114,6827.93,employed,home_improvement,0.09196139620314409
58,18146.68,632.4,0.0756,22788.94,employed,debt_consolidation,0.40768369681531247
62,49576.87,652.5,0.3758,52847.53,employed,education,0.7636489144335338
57,44322.59,545.5,0.1015,18814.59,employed,business,0.4958293279391584
56,67215.68,750.5,0.1892,11990.08,retired,debt_consolidation,0.21172070543195504
21,138282.82,663.0,0.2745,15843.18,employed,debt_consolidation,0.41529822795777754
53,118091.36,711.1,0.37,6362.48,employed,debt_consolidation,0.2148069633100889
55,79258.17,746.3,0.3183,6035.97,employed,home_improvement,0.13538942875117926
25,70643.96,639.1,0.1581,7642.64,employed,debt_consolidation,0.38491902684238116
40,33838.45,722.0,0.2433,9188.01,employed,debt_consolidation,0.3204065333958951
41,72166.98,519.7,0.2949,57058.65,employed,business,0.9299963417710915
40,36342.52,488.7,0.1379,7889.78,employed,debt_consolidation,0.6293757751924836
68,48365.96,667.3,0.1693,8239.32,employed,education,0.1602429575002715
51,99316.71,749.8,0.4499,12107.6,self_employed,debt_consolidation,0.3601551144011482
69,41911.66,561.5,0.3143,17354.94,self_employed,debt_consolidation,0.6517634104261008
53,28148.59,558.3,0.1409,20443.78,unemployed,debt_consolidation,0.8686529284852516
60,62795.25,669.2,0.316,23951.86,employed,debt_consolidation,0.4624628534906989
41,46981.41,773.1,0.3668,5156.84,employed,business,0.26587528463264204
69,93047.84,711.2,0.0191,13944.8,employed,home_improvement,0.06140338724365165
68,29248.99,812.5,0.1629,5241.95,employed,education,0.061380321114544854
21,50627.49,620.0,0.534,10647.47,employed,debt_consolidation,0.7965484665803149
45,51814.74,708.8,0.067,19490.93,employed,home_improvement,0.188621061317262
39,33820.89,717.6,0.2146,21698.83,employed,business,0.42631571518162875
67,67891.76,579.6,0.1596,18006.59,employed,education,0.31764113106244446
54,65052.32,593.6,0.4203,8598.05,employed,debt_consolidation,0.5604178864226428
29,51673.18,746.9,0.2153,13942.53,employed,debt_consolidation,0.32362417619313616
43,56673.43,679.0,0.1606,23144.12,retired,business,0.48116371340428077
34,37839.24,642.5,0.2173,7327.7,unemployed,home_improvement,0.7216862885917644
39,97642.9,711.5,0.0795,60000.0,self_employed,medical,0.7344858342099891
34,51706.97,644.6,0.1183,29127.66,employed,home_improvement,0.4603108791914115
63,94778.79,729.2,0.1886,26127.35,employed,debt_consolidation,0.2193494140469641
58,41189.59,625.0,0.124,14147.99,employed,debt_consolidation,0.3330085015179413
47,46614.28,722.9,0.2613,14957.0,employed,debt_consolidation,0.33034915632032075
48,43098.99,796.4,0.1188,6040.05,employed,education,0.08281579338327892
27,63667.38,694.1,0.0903,3983.18,employed,home_improvement,0.16486137827067987
68,90999.5,741.3,0.2027,18217.86,employed,debt_consolidation,0.15182272424654195
33,75925.12,727.7,0.0582,37333.71,employed,debt_consolidation,0.39082290133243097
49,33966.94,689.8,0.3971,12154.36,employed,home_improvement,0.3983131042900401
26,23264.46,760.9,0.0272,26107.18,employed,debt_consolidation,0.3318582120497412
32,23578.66,637.6,0.0225,10158.1,employed,debt_consolidation,0.3527665150560847
65,74383.24,692.8,0.4803,7885.09,employed,business,0.343540439030681
56,32422.44,644.7,0.2212,29145.93,employed,debt_consolidation,0.5607051132545197
22,69988.38,655.2,0.0971,14454.06,employed,business,0.384695122288158
42,31673.38,793.2,0.2286,10615.34,employed,business,0.21069488394808572
35,56039.22,709.1,0.277,7160.22,employed,home_improvement,0.25775416898198067
58,74852.66,759.8,0.3557,30082.3,employed,debt_consolidation,0.38319553494943975
59,40785.44,609.6,0.5636,60000.0,employed,debt_consolidation,0.9463750418330563
49,24236.67,741.3,0.1513,8156.19,self_employed,debt_consolidation,0.25214396628401486
51,31051.45,599.4,0.1885,7138.81,self_employed,home_improvement,0.39796809836597447
38,28449.93,649.4,0.0804,7897.56,employed,home_improvement,0.24567708098038765
49,58792.05,757.3,0.2015,19067.27,employed,business,0.238172460917417
55,70185.12,850.0,0.1813,10598.78,employed,business,0.07613600289884276
37,33971.73,707.4,0.255,8150.78,employed,education,0.2957456008959247
22,53828.96,666.1,0.4467,17598.19,employed,debt_consolidation,0.7235160030744807
53,49474.83,709.7,0.2565,20380.07,employed,debt_consolidation,0.3655924952182838
59,25390.48,660.7,0.2072,15987.06,self_employed,education,0.38280462214035604
51,45076.84,661.9,0.1699,17719.56,employed,business,0.3637438551944605
38,39524.1,729.4,0.2031,27451.41,employed,debt_consolidation,0.45452652142264877
56,65084.2,664.8,0.1096,4858.92,employed,debt_consolidation,0.17137101315780037
47,32679.19,656.7,0.3702,16292.29,employed,home_improvement,0.4913522283903228
24,29348.63,744.1,0.4665,22010.88,employed,home_improvement,0.6043588105138711
45,35670.24,694.5,0.3157,16133.97,employed,business,0.4626304920063529
44,65861.66,621.9,0.0777,24214.05,self_employed,debt_consolidation,0.49761666484689276
29,63078.65,605.4,0.0766,8380.9,retired,education,0.3884616047656876
61,34644.54,599.2,0.022,24044.09,employed,debt_consolidation,0.3870783455530261
26,85661.28,690.5,0.1401,51669.22,self_employed,home_improvement,0.6731646616846976
51,79012.94,640.9,0.0606,6978.57,self_employed,business,0.22886672039811
26,54677.15,692.2,0.1658,3898.85,employed,medical,0.36291443219025316
26,34738.2,735.5,0.4751,21670.69,employed,debt_consolidation,0.6865129936234785
43,39982.74,689.7,0.447,38785.96,employed,business,0.7871085282944064
32,17292.96,577.1,0.2956,11993.78,employed,business,0.7115208877636303
51,42436.5,762.8,0.2691,21070.45,employed,debt_consolidation,0.3161683685626506
59,38792.07,598.1,0.2135,5739.19,employed,medical,0.44693105039424696
51,43969.19,757.1,0.1471,11129.24,self_employed,debt_consolidation,0.21516619573269852
47,102968.86,627.1,0.0593,12955.61,employed,medical,0.28607017063106105
60,88237.01,670.4,0.2209,8556.3,employed,medical,0.2654557677439624
50,21765.96,712.1,0.4229,46897.39,employed,medical,0.8504907751883242
58,30432.97,597.8,0.2932,14223.14,unemployed,debt_consolidation,0.8511534666349221
53,119671.04,698.6,0.3541,33641.5,employed,debt_consolidation,0.46845808484747153
37,59178.87,676.9,0.3068,11398.04,employed,education,0.3719849060161366
49,157667.34,711.6,0.01,6856.61,employed,home_improvement,0.041583615527258616
28,65697.8,716.5,0.4042,13187.27,unemployed,education,0.785622987287473
65,44803.69,673.2,0.3362,27252.55,employed,medical,0.5957290254290916
51,107515.35,635.8,0.3304,22444.63,self_employed,home_improvement,0.4628674625754517
43,40341.56,697.6,0.0659,4040.41,employed,debt_consolidation,0.17836084436636082
42,120781.48,640.0,0.1671,25217.45,employed,home_improvement,0.3015363987790229
57,31796.05,685.6,0.1596,16703.84,employed,medical,0.37984335909505196
66,22736.34,652.9,0.2342,8849.38,employed,debt_consolidation,0.31777905274060547
36,43255.51,692.1,0.4401,25667.85,employed,medical,0.7665590384159536
36,78438.5,768.5,0.1425,4315.8,employed,education,0.099120901588976
35,25350.15,700.4,0.0896,14379.47,employed,debt_consolidation,0.32348092184124994
35,54579.82,673.7,0.1765,3126.2,employed,debt_consolidation,0.2809629292861262
58,54260.88,687.0,0.1704,17944.6,employed,home_improvement,0.21390834002038395
37,34451.34,703.4,0.1716,11047.86,retired,debt_consolidation,0.4026506009333213
46,50350.52,743.5,0.3486,19646.74,employed,debt_consolidation,0.4101541170425448
58,15012.53,691.6,0.2874,9583.71,self_employed,debt_consolidation,0.4245811883101275
23,66267.06,637.9,0.4232,39496.51,employed,home_improvement,0.8206061538122145
37,70559.66,697.3,0.0835,28579.85,employed,education,0.30415678088763326
31,31472.68,687.2,0.3499,16977.45,employed,debt_consolidation,0.6038580255054911
34,39917.17,709.5,0.186,5453.86,employed,home_improvement,0.21378950246947295
25,42839.37,737.9,0.3279,11171.59,employed,home_improvement,0.3540382311142848
52,20207.45,671.1,0.2965,21774.12,self_employed,business,0.6122459607183094
62,64371.13,848.7,0.39,9444.61,employed,debt_consolidation,0.13194848274025475
64,54158.96,720.3,0.1396,13440.4,employed,business,0.1635479368213398
21,29690.6,708.5,0.4541,10270.9,employed,home_improvement,0.5530250471965026
59,170015.59,753.3,0.2047,36805.69,employed,debt_consolidation,0.18956633666107278
68,56653.98,633.4,0.08,25634.81,self_employed,business,0.37762336157770476
49,45904.0,613.5,0.0218,23885.66,employed,home_improvement,0.31687858913114514
67,30135.5,654.8,0.268,16478.7,retired,home_improvement,0.388634299174076
49,44519.64,767.1,0.1538,10297.96,employed,business,0.16005483601270645
37,51782.38,660.3,0.4276,20902.62,employed,debt_consolidation,0.6828126267172445
45,58909.75,662.9,0.0369,10669.69,retired,education,0.22491525577125276
52,127765.02,706.0,0.1193,18262.08,self_employed,business,0.19389462540503155
31,33939.29,556.6,0.4489,31415.71,unemployed,debt_consolidation,0.9796997355992526
60,25519.86,641.6,0.3149,17824.89,employed,home_improvement,0.4308118674637834
28,178109.39,803.7,0.1632,14214.55,employed,home_improvement,0.06431225868695466
68,146032.21,755.3,0.1369,22916.15,employed,debt_consolidation,0.09158239641892542
68,35373.31,633.6,0.2862,18148.42,employed,education,0.3829112740094596
31,28553.15,768.4,0.2914,8400.9,employed,education,0.2675387870498934
29,46509.52,658.6,0.358,8458.9,employed,education,0.4856346278222329
33,53042.76,645.3,0.1368,18485.36,retired,debt_consolidation,0.5411537520118266
33,43707.31,686.2,0.409,3006.34,employed,debt_consolidation,0.4773052540834273
37,84297.35,719.4,0.1284,18430.63,employed,debt_consolidation,0.25289224536097865
58,129620.03,724.8,0.3395,21731.76,employed,business,0.25285765816508765
28,76880.3,582.6,0.1551,27861.86,self_employed,debt_consolidation,0.7244571240058334
26,71743.7,651.2,0.2153,7864.67,employed,business,0.40069277695041194
54,79457.98,580.9,0.2263,3806.47,employed,debt_consolidation,0.34070915387311834
33,85105.62,787.8,0.2003,11779.94,employed,education,0.139314276938452
32,24245.16,740.5,0.2493,19787.27,employed,debt_consolidation,0.4569906021829661
29,47425.62,659.9,0.1097,6934.64,employed,home_improvement,0.2512510033491099
63,62961.77,696.2,0.4157,5690.7,unemployed,debt_consolidation,0.6727624604646165
27,145726.6,730.5,0.2595,15615.88,employed,debt_consolidation,0.2510089376003005
47,37109.03,725.8,0.0912,2952.51,self_employed,debt_consolidation,0.18833598923488143
30,39983.24,587.4,0.0971,8692.92,employed,business,0.4636061298398654
32,49169.05,845.2,0.2942,6810.89,employed,debt_consolidation,0.17767302279652095
46,52262.81,721.1,0.1979,11688.57,employed,education,0.20395219737450002
39,29646.6,649.6,0.1965,6194.88,employed,home_improvement,0.306132742426338
65,62143.49,626.2,0.3234,17942.03,retired,debt_consolidation,0.542635394687865
28,25393.96,715.6,0.0419,44242.67,employed,education,0.5256962912352637
52,39532.25,672.3,0.1587,20483.95,employed,education,0.310366463432359
33,29739.28,648.5,0.1904,13398.98,employed,home_improvement,0.4014897652555587
62,32796.69,684.9,0.2205,33790.09,employed,business,0.4954265642467629
42,45012.48,660.5,0.5003,20033.34,employed,home_improvement,0.6369585365890433
52,32589.76,674.1,0.2076,13759.15,self_employed,medical,0.5088949101351283
27,68155.41,588.8,0.3987,31284.43,retired,education,0.8538965298841674
60,26986.64,747.7,0.4549,28252.74,unemployed,home_improvement,0.80357837559648
29,26322.74,681.7,0.3249,22712.62,employed,debt_consolidation,0.6681182061126459
62,63622.53,790.8,0.2882,3028.45,self_employed,home_improvement,0.10432399263751854
66,46030.05,701.9,0.2153,12050.47,employed,debt_consolidation,0.22386086996733776
48,33655.37,591.4,0.1926,26953.47,employed,debt_consolidation,0.6479306221016006
55,49109.97,694.7,0.3305,10450.69,employed,medical,0.42217303764628983
25,35778.0,685.7,0.2837,17948.21,employed,debt_consolidation,0.5835100880174452
60,32361.79,687.5,0.5036,16388.32,self_employed,home_improvement,0.5556211649217173
51,85854.51,633.6,0.1561,4260.33,employed,debt_consolidation,0.2204461071373125
61,45405.21,712.9,0.1832,14969.86,unemployed,debt_consolidation,0.5873697065839673
44,96551.88,776.0,0.3295,4481.13,employed,debt_consolidation,0.1636920700521391
68,32527.32,690.2,0.5032,7848.3,unemployed,debt_consolidation,0.7851387896013737
60,56939.01,690.0,0.2412,60000.0,employed,debt_consolidation,0.7297812339308722
30,51251.95,729.2,0.0928,28260.79,employed,debt_consolidation,0.38853455369203854
27,40488.46,716.3,0.1138,22392.19,employed,debt_consolidation,0.40609548948602
56,66013.13,717.2,0.2734,44761.15,employed,debt_consolidation,0.5696117995207813
39,70867.05,711.6,0.0701,31121.77,employed,business,0.3411324663742443
28,66407.05,682.5,0.0774,10457.35,employed,home_improvement,0.20529254975224095
29,21466.35,592.8,0.0479,23959.03,employed,debt_consolidation,0.616660561564097
38,60659.95,697.9,0.0529,5936.76,employed,business,0.1718793606172324
26,58822.78,651.1,0.1701,12617.33,employed,debt_consolidation,0.4416823130356016
27,38429.3,627.2,0.3364,8904.21,self_employed,debt_consolidation,0.6908560490172605
22,28194.35,693.6,0.3248,7670.47,employed,home_improvement,0.43780256880288787
53,31919.04,724.8,0.4225,11814.38,self_employed,debt_consolidation,0.4982764405757799
53,75298.99,730.9,0.3917,5746.78,employed,business,0.25410876184176895
32,125857.95,712.7,0.1479,41464.42,employed,debt_consolidation,0.44550161401866994
56,38635.58,653.0,0.3704,18478.87,employed,debt_consolidation,0.552136481407125
27,75043.97,699.3,0.4447,20971.27,employed,education,0.5716260815625352
30,53233.69,667.6,0.2054,13790.1,employed,business,0.4378550687802261
62,35111.65,850.0,0.3671,5458.88,employed,debt_consolidation,0.12908310744928153
66,106393.98,656.8,0.1317,12279.77,employed,home_improvement,0.1151074648091695
22,50872.39,672.7,0.0716,19965.22,self_employed,debt_consolidation,0.5029962698293563
39,35524.35,758.6,0.1792,15039.71,employed,debt_consolidation,0.27018606207241236
45,130733.57,639.9,0.2926,4003.7,self_employed,debt_consolidation,0.3157551718119492
52,74265.22,538.0,0.2069,10457.95,employed,debt_consolidation,0.48829642654170197
49,60070.03,604.3,0.2331,13904.22,employed,business,0.4633687614003622
55,55165.52,620.6,0.1892,10388.15,employed,education,0.28452777837269955
46,66948.31,673.4,0.6007,41716.04,retired,debt_consolidation,0.8974467785782188
33,64501.93,758.0,0.2184,6219.42,employed,education,0.16700655869243047
48,148890.2,728.2,0.0333,22363.79,self_employed,business,0.1418987114575668
51,72231.1,659.6,0.01,8920.25,retired,debt_consolidation,0.20890988880245748
46,42868.56,674.8,0.1314,6997.87,employed,home_improvement,0.1889678120224292
46,99178.53,700.5,0.3144,6347.95,employed,medical,0.3127439241696921
41,23003.41,670.6,0.3285,11045.29,employed,home_improvement,0.42627975213781755
33,27296.25,671.4,0.0916,18619.93,self_employed,debt_consolidation,0.4958261677590911
28,32409.79,628.2,0.178,8329.83,employed,home_improvement,0.39698795777402934
42,36644.1,769.5,0.4048,50525.61,employed,medical,0.8112963900277864
24,109800.42,771.5,0.3682,18776.63,self_employed,debt_consolidation,0.44070650959707236
50,106585.88,743.0,0.1278,11066.81,employed,business,0.11376525848289383
61,20605.47,673.2,0.3022,18335.65,employed,debt_consolidation,0.46224609069275446
62,73200.64,784.7,0.1197,5980.75,employed,business,0.06917955104657555
29,25155.46,728.7,0.0284,16623.21,employed,home_improvement,0.2136884552549651
40,63268.05,731.6,0.3099,37622.03,employed,business,0.5860364971262301
63,23415.9,608.4,0.0979,60000.0,self_employed,business,0.8269327551455661
40,119617.96,606.5,0.2126,13700.22,employed,home_improvement,0.2966365872607569
48,137016.72,760.3,0.2226,10637.38,employed,home_improvement,0.0826594016461412
44,98843.33,635.4,0.4006,6030.07,employed,debt_consolidation,0.4269738745123959
58,33991.75,665.7,0.0584,9130.35,employed,debt_consolidation,0.2010489703605509
67,59412.32,673.5,0.1247,16222.03,employed,home_improvement,0.1582841706462065
62,29423.79,663.0,0.1839,12668.65,employed,business,0.30044479412558206
22,139163.6,704.8,0.3377,24401.22,employed,debt_consolidation,0.4753543778369583
24,132926.93,699.5,0.2601,6643.24,self_employed,debt_consolidation,0.31465627459271384
45,78320.61,766.3,0.2146,14487.38,self_employed,debt_consolidation,0.24486747662207495
64,41088.18,684.7,0.1537,7012.71,retired,debt_consolidation,0.24451444481834736
57,50438.73,735.6,0.1533,15079.54,employed,education,0.15343172999964066
45,76869.3,596.3,0.0333,60000.0,employed,business,0.7503309528287891
34,68941.22,714.1,0.2858,12299.18,employed,home_improvement,0.28321587400472503
52,36720.16,666.5,0.2128,10799.97,unemployed,debt_consolidation,0.7088473384906593
41,48106.41,653.6,0.2425,6688.76,employed,debt_consolidation,0.3802211421259953
65,66497.21,586.3,0.1313,35982.33,employed,debt_consolidation,0.5452251256599171
26,22376.69,762.2,0.3242,13628.7,employed,debt_consolidation,0.4542928581889727
27,15000.0,770.3,0.1952,23875.66,employed,debt_consolidation,0.4429595799593812
66,38931.65,640.5,0.1474,14930.35,employed,business,0.29435304146181207
21,102229.89,802.0,0.3232,27126.76,employed,debt_consolidation,0.3918871839863932
66,36737.39,673.3,0.257,29446.53,employed,debt_consolidation,0.4797988946367306
37,52011.88,677.0,0.1307,22154.01,employed,business,0.4078236682336719
56,53707.7,670.0,0.1627,30700.62,employed,business,0.4313516073523999
50,22511.83,646.6,0.4155,10391.51,employed,business,0.5768071698703481
38,38914.36,688.5,0.4424,22134.43,employed,medical,0.743884570756371
40,32304.05,676.5,0.2563,13123.94,employed,business,0.4461532321828499
54,47611.62,606.8,0.1333,11794.67,employed,education,0.29409337210736436
31,109059.83,628.8,0.136,14469.31,employed,education,0.28819616448832597
44,42648.41,673.5,0.3575,7889.9,self_employed,medical,0.6020673826617694
52,58993.88,618.3,0.074,29917.51,self_employed,medical,0.6102360111961904
22,80755.19,608.1,0.365,9145.25,employed,home_improvement,0.5420219011732993
52,51603.83,603.3,0.3499,18869.86,self_employed,debt_consolidation,0.6897341687630644
22,50217.27,580.1,0.5197,25759.92,employed,business,0.9004281754461609
26,99687.17,704.6,0.2081,11431.85,retired,debt_consolidation,0.3687557741448286
69,62190.71,649.7,0.3037,5168.51,employed,education,0.21171877491888377
55,31982.12,563.0,0.3384,18989.79,employed,education,0.6395300800087501
35,62053.87,720.1,0.2184,8186.56,employed,business,0.2676301751148712
61,69737.69,655.6,0.1689,14780.53,employed,debt_consolidation,0.26337313260805223
31,54048.36,739.1,0.2212,9228.57,employed,debt_consolidation,0.285149682880548
53,76773.8,710.6,0.2107,32334.94,unemployed,debt_consolidation,0.7541817892705991
41,48775.52,606.0,0.2997,25780.22,employed,debt_consolidation,0.702871569390466
64,72040.04,700.3,0.0866,15687.2,employed,home_improvement,0.11298566018702023
67,30660.92,659.9,0.4875,13723.21,employed,medical,0.6266819141854367
63,16900.46,656.3,0.2929,13928.77,unemployed,debt_consolidation,0.7851862675538642
52,48148.98,823.4,0.2397,14691.62,employed,debt_consolidation,0.16002650145778236
43,35955.91,645.4,0.2134,7741.58,retired,debt_consolidation,0.4750792615355987
44,31721.7,689.1,0.1045,3611.05,employed,business,0.21007104949407424
43,101739.8,679.0,0.203,27396.49,employed,home_improvement,0.31398798600139216
51,98956.92,705.2,0.1766,8929.29,employed,debt_consolidation,0.16401297560634984
22,71096.38,651.5,0.5405,18165.5,employed,home_improvement,0.7149018469360673
38,15000.0,741.8,0.1086,28353.02,unemployed,debt_consolidation,0.7650745097925788
46,40955.05,766.0,0.1884,6616.17,employed,medical,0.22423951289847563
40,27724.07,526.4,0.2043,5260.21,employed,debt_consolidation,0.6086845286128283
23,51335.43,671.2,0.2441,9024.87,employed,debt_consolidation,0.46272280147287637
50,40427.74,731.9,0.1856,8453.16,employed,home_improvement,0.15508292744728738
66,41188.31,598.6,0.1878,27490.81,self_employed,debt_consolidation,0.5998169260352437
53,67242.94,743.9,0.1106,14917.87,employed,debt_consolidation,0.1561627646184711
29,19437.99,680.7,0.404,22431.37,employed,debt_consolidation,0.7364752078212323
63,117205.86,637.9,0.1513,14607.84,self_employed,business,0.24647419557725941
55,59887.77,591.7,0.2942,14488.35,employed,home_improvement,0.4289224350974241
44,55742.3,815.3,0.5882,10088.42,employed,debt_consolidation,0.38846558973906237
56,28517.72,847.3,0.1629,16356.32,employed,business,0.12026367803578195
27,93215.46,839.3,0.3028,60000.0,employed,debt_consolidation,0.6306077106278859
59,58848.64,696.1,0.441,47174.38,employed,home_improvement,0.6794196250627303
66,94518.22,646.5,0.239,23255.67,self_employed,education,0.3415481389538321
45,52916.44,701.8,0.3093,22686.75,employed,debt_consolidation,0.4840586285897052
34,46310.9,587.4,0.504,10790.53,employed,debt_consolidation,0.7787373820968628
51,49469.86,605.8,0.1017,19686.48,employed,debt_consolidation,0.4226773785902283
50,37239.11,703.4,0.0423,7259.93,self_employed,home_improvement,0.151982509745392
35,67506.51,647.9,0.4412,10739.9,employed,debt_consolidation,0.5982259916074969
49,70092.25,578.5,0.0534,29497.54,unemployed,debt_consolidation,0.8273121899984417
29,53115.79,687.8,0.0795,17839.53,self_employed,debt_consolidation,0.41793676485203773
53,58197.58,600.3,0.2684,18766.57,employed,debt_consolidation,0.5406624519621834
41,37620.58,657.2,0.1615,12092.08,employed,debt_consolidation,0.3799940894796248
65,87643.16,713.3,0.138,23219.65,employed,business,0.18806636306048063
45,45721.45,535.3,0.1808,10334.3,employed,debt_consolidation,0.563405262760183
31,100975.94,637.6,0.2291,28578.84,employed,debt_consolidation,0.5744278006489822
36,82963.5,641.0,0.213,10705.41,employed,debt_consolidation,0.377958261448641
66,74760.42,678.7,0.3939,52904.09,employed,business,0.7348612412862153
31,65221.42,571.3,0.2637,3583.12,employed,debt_consolidation,0.5364025606769015
57,27768.91,733.6,0.1469,18423.76,employed,debt_consolidation,0.24790734849936027
50,56426.89,695.5,0.2223,6564.11,employed,debt_consolidation,0.2429680832104707
61,82939.8,610.4,0.1914,23850.94,employed,home_improvement,0.33052814080489135
57,15000.0,729.0,0.1005,5099.1,retired,education,0.1612056404502423
25,39895.37,691.5,0.1059,13209.29,employed,home_improvement,0.283163879485728
21,23514.29,625.9,0.0351,18801.24,employed,education,0.46037004092164535
59,35913.92,632.4,0.1668,26329.66,employed,education,0.41272767966928
34,47411.51,688.8,0.2751,16631.95,employed,medical,0.5658290933534484
63,32161.79,805.8,0.3414,38839.4,unemployed,debt_consolidation,0.7834026810701008
37,33082.66,672.4,0.5804,15849.44,unemployed,debt_consolidation,0.937279752151485
30,37547.09,653.9,0.1542,4485.76,employed,debt_consolidation,0.36110985327466066
68,30369.9,716.1,0.1223,17413.43,employed,debt_consolidation,0.202789234596896
68,38692.28,639.5,0.3174,51373.55,employed,home_improvement,0.7060777916321709
45,25530.68,628.3,0.3696,11796.36,retired,debt_consolidation,0.6867396205808828
68,54572.07,633.4,0.1561,12391.07,self_employed,home_improvement,0.24695513773408567
43,54307.56,584.8,0.0992,27865.7,unemployed,business,0.8634233937912835
65,25209.91,681.6,0.2938,7824.05,self_employed,education,0.3100275537780557
64,61833.8,516.5,0.0421,6776.59,unemployed,home_improvement,0.5996285192658327
41,29064.26,669.7,0.2169,14996.38,employed,debt_consolidation,0.45076348587288306
35,75501.69,655.4,0.18,12282.82,unemployed,education,0.6671585343265578
47,15000.0,744.2,0.1302,21179.12,employed,debt_consolidation,0.3073755127045606
27,22536.47,694.7,0.0759,10453.71,self_employed,debt_consolidation,0.39675654919813036
53,26116.43,735.9,0.2019,22108.64,employed,home_improvement,0.2600480809765562
65,86650.28,601.3,0.0559,10398.37,employed,business,0.18954089946483715
21,27337.58,703.3,0.2572,4387.1,retired,business,0.5018482304669478
34,45995.31,675.8,0.1386,11196.45,employed,home_improvement,0.2637770963791035
43,27952.57,650.4,0.3444,8050.51,employed,debt_consolidation,0.5166487809733226
42,31773.31,739.1,0.4144,40567.73,employed,education,0.6743634911375156
23,34877.4,625.1,0.23,18155.36,employed,home_improvement,0.5718354093024757
27,90423.95,687.2,0.2537,14689.78,employed,medical,0.48270389039141076
40,33036.71,673.5,0.2276,3158.78,employed,debt_consolidation,0.3328995511507512
48,134815.94,656.7,0.1214,11287.42,employed,debt_consolidation,0.17022452086924697
37,105481.52,557.9,0.1123,8545.12,employed,home_improvement,0.2900381517745617
56,23099.33,729.1,0.1272,13111.8,employed,debt_consolidation,0.21248436242433932
30,100852.92,673.4,0.1986,12383.08,employed,debt_consolidation,0.3252885632377
62,39123.27,655.4,0.0962,11328.13,employed,debt_consolidation,0.23038130533593823
53,35096.58,600.1,0.304,20388.83,employed,debt_consolidation,0.6320433158289253
60,61052.08,577.4,0.1749,3281.22,employed,debt_consolidation,0.30550839036266964
61,91073.01,638.6,0.0699,60000.0,employed,medical,0.6907387104029299
40,37492.28,751.1,0.0134,31665.31,self_employed,education,0.2990938044840197
30,136914.33,693.2,0.0774,6061.23,unemployed,debt_consolidation,0.4257536507063221
53,33431.58,636.5,0.1791,16189.68,retired,debt_consolidation,0.5007684974600616
55,15000.0,785.8,0.1464,29377.04,self_employed,home_improvement,0.2755994462025683
35,46461.22,612.4,0.0251,20785.87,employed,debt_consolidation,0.4472554160193066
33,83051.32,749.9,0.1301,14280.13,self_employed,home_improvement,0.1894003145021044
41,191287.18,750.1,0.1405,11215.72,employed,debt_consolidation,0.07537261249501985
29,38325.82,654.3,0.3992,7740.83,employed,education,0.5383809324002355
44,83790.84,661.3,0.2018,12089.58,employed,home_improvement,0.23558983241169631
40,27025.65,627.5,0.339,19987.6,unemployed,debt_consolidation,0.9125585854222161
23,91084.26,675.0,0.0843,27182.03,employed,debt_consolidation,0.42761732706223904
23,40939.0,672.7,0.0945,33760.4,employed,debt_consolidation,0.6071901723261008
35,15000.0,790.6,0.3438,7641.46,employed,medical,0.40392408187237083
64,51585.68,619.6,0.232,12111.71,employed,debt_consolidation,0.3603591388698095
33,56923.32,686.1,0.1412,14746.69,employed,business,0.33926964893903094
38,38061.61,765.3,0.1539,6761.71,employed,debt_consolidation,0.1857008673327945
46,32257.23,695.3,0.1544,15397.91,unemployed,education,0.6330073475889074
65,89135.29,660.0,0.165,41856.26,self_employed,debt_consolidation,0.5287095888435235
59,39735.86,642.4,0.1786,46079.8,employed,debt_consolidation,0.668055779262344
38,30303.7,595.9,0.2142,43695.25,employed,debt_consolidation,0.8319770690529515
57,53018.36,657.5,0.1961,20887.25,unemployed,debt_consolidation,0.7471292116810612
64,112675.84,635.4,0.3266,17403.93,employed,home_improvement,0.271329197726184
50,26951.64,696.6,0.349,23270.14,employed,debt_consolidation,0.5587229302785575
52,65393.66,663.9,0.2269,14952.45,employed,debt_consolidation,0.3432487420638249
59,41145.23,757.7,0.2391,6169.44,retired,debt_consolidation,0.21494177444084153
32,32388.9,642.9,0.0511,9620.86,unemployed,home_improvement,0.6339491441295577
52,88076.31,577.7,0.0227,10751.36,employed,education,0.20258472012335974
21,58703.64,576.7,0.109,12250.2,employed,debt_consolidation,0.5487761991375678
47,84730.68,607.0,0.2295,20963.13,employed,home_improvement,0.40661658615180757
36,115103.14,647.4,0.0644,31690.59,employed,business,0.3857423884005666
42,61410.84,659.1,0.3642,12709.03,employed,debt_consolidation,0.505918564973264
42,122230.96,611.3,0.316,14568.22,employed,home_improvement,0.3627446737275204
69,34228.15,647.2,0.226,19887.49,self_employed,business,0.4565795204262877
35,75004.14,643.0,0.366,8957.77,employed,home_improvement,0.41798282096123124
66,22027.48,776.6,0.023,23845.29,employed,debt_consolidation,0.14362708212126246
60,113490.89,648.9,0.1686,39605.35,employed,business,0.42876264486040827
23,35596.47,636.0,0.2223,10551.47,employed,medical,0.6335684559592688
54,43765.04,786.1,0.3419,13164.74,employed,home_improvement,0.18803077936142112
37,106359.66,619.8,0.3892,16993.74,employed,home_improvement,0.49181818377050207
63,22023.35,651.7,0.0367,8980.9,self_employed,debt_consolidation,0.2536993452394595
68,15148.28,660.1,0.1695,8692.44,employed,debt_consolidation,0.2622395786240297
63,90130.78,692.8,0.443,4719.12,self_employed,debt_consolidation,0.3372604337629789
37,43653.71,688.2,0.1347,19275.67,employed,home_improvement,0.30171074344923426
24,99118.47,634.3,0.3687,6333.06,self_employed,home_improvement,0.4934312743791954
41,59688.6,668.8,0.5223,27657.54,self_employed,business,0.808419624054139
33,20995.98,811.1,0.2404,9936.3,unemployed,debt_consolidation,0.6031247873655667
68,18820.49,773.8,0.3274,10211.19,employed,home_improvement,0.16067180790033464
46,65221.96,666.3,0.1298,12656.39,self_employed,home_improvement,0.26003456764325117
33,48785.47,636.7,0.3138,6717.08,employed,debt_consolidation,0.5141378675572333
65,56919.46,698.5,0.4434,48026.96,self_employed,debt_consolidation,0.7896441553410469
27,55041.64,731.7,0.4526,37680.77,employed,debt_consolidation,0.7725088371324413
59,62770.12,757.1,0.2899,18688.72,retired,debt_consolidation,0.3190115238110245
49,86658.54,660.8,0.0773,19351.43,employed,home_improvement,0.19200433432180744
27,51579.05,770.3,0.482,5851.19,retired,debt_consolidation,0.5160012417055557
48,27411.79,717.2,0.2269,49418.62,employed,business,0.6832466266234895
37,64245.15,586.0,0.2911,3775.66,self_employed,debt_consolidation,0.577409929804919
62,90122.92,630.6,0.1937,3989.92,employed,home_improvement,0.1467776590592311
40,70728.2,705.3,0.1023,12428.7,employed,home_improvement,0.16149596101186056
31,69555.66,645.3,0.023,28108.56,employed,debt_consolidation,0.43750296558914287
67,66064.69,747.7,0.3769,4337.88,employed,home_improvement,0.1316826122762521
29,94702.45,653.1,0.3609,5497.62,self_employed,debt_consolidation,0.5163468906450543
28,19868.7,707.3,0.1963,10860.29,employed,debt_consolidation,0.40944956249181297
33,115267.78,678.7,0.4775,48029.89,self_employed,debt_consolidation,0.8607805121680442
60,90212.46,515.2,0.2506,4323.8,unemployed,education,0.7283048136380947
32,51759.48,732.2,0.1052,14500.72,employed,home_improvement,0.19395941895378233
60,126484.61,750.9,0.1766,31888.21,self_employed,education,0.1964515056358434
22,54301.62,722.9,0.4842,13429.1,employed,education,0.5520981979039554
66,47497.02,660.6,0.164,42260.83,employed,business,0.5287691693800992
34,42398.35,660.1,0.1382,12035.05,employed,debt_consolidation,0.3820170965051399
21,40576.7,708.4,0.0642,16155.92,employed,home_improvement,0.26992587303742543
28,23397.64,656.4,0.0466,16876.19,employed,education,0.3598025737200737
57,27822.22,694.7,0.2365,25174.25,employed,debt_consolidation,0.44418251624211935
57,28486.11,737.4,0.3243,15718.07,employed,home_improvement,0.2687260634256357
62,51636.36,709.2,0.0249,6162.61,employed,education,0.07897765162131479
29,111003.99,728.1,0.1064,4620.55,employed,education,0.10636795027514942
66,62048.59,744.7,0.3065,15392.4,employed,debt_consolidation,0.22681263442308897
31,33538.69,691.2,0.2074,29471.83,employed,education,0.5285739159012528
43,35779.32,608.0,0.2744,5238.45,employed,home_improvement,0.3982679313620368
47,35664.52,628.6,0.1248,17864.61,employed,medical,0.5111782892283254
39,51209.08,684.9,0.3014,8106.74,employed,debt_consolidation,0.3929587205550571
24,57139.55,729.7,0.4494,9069.63,employed,business,0.5122117217227115
27,38424.92,616.1,0.1286,41686.32,self_employed,medical,0.8649927316557837
38,71245.1,653.5,0.1925,6676.06,unemployed,medical,0.749490331139023
44,27977.48,634.5,0.15,21920.95,employed,debt_consolidation,0.515523020375791
39,15000.0,744.1,0.1884,2890.11,retired,debt_consolidation,0.29561013047149814
43,58260.57,778.6,0.1886,17649.58,employed,business,0.21576737664869616
22,25182.25,636.2,0.1085,8290.51,unemployed,home_improvement,0.7347942410335231
66,77211.85,840.2,0.1324,5860.96,employed,debt_consolidation,0.044570385884438866
65,39059.16,696.8,0.2424,35379.5,employed,home_improvement,0.3964217101194907
66,67415.89,786.3,0.3134,37464.63,employed,home_improvement,0.27044202467301837
65,20832.78,651.7,0.2554,9767.46,employed,debt_consolidation,0.35314299718449427
52,25189.39,751.8,0.3488,17049.92,employed,debt_consolidation,0.3860697775565447
27,171824.51,618.1,0.1217,4232.66,employed,home_improvement,0.14212001129959054
50,40723.87,747.5,0.2994,50334.19,employed,education,0.6052013322450732
60,21136.44,699.7,0.1231,8803.63,employed,home_improvement,0.15108053559502993
44,56514.15,705.0,0.0461,7173.38,employed,debt_consolidation,0.15838685838358396
26,34634.56,660.5,0.1228,26728.61,employed,medical,0.654460356632984
63,25214.94,681.8,0.1765,3964.89,employed,debt_consolidation,0.2074982793119579
44,18287.6,684.0,0.0864,16199.76,employed,business,0.32849916053787565
62,24153.46,691.3,0.1449,6257.84,employed,debt_consolidation,0.1986311087638999
35,97508.8,669.8,0.0535,38117.68,employed,home_improvement,0.3587590012854392
24,51572.61,752.2,0.1933,10582.57,employed,medical,0.36326804020059067
68,88089.73,654.4,0.3015,22731.74,employed,debt_consolidation,0.3733742345802385
62,53601.02,788.2,0.0395,16452.85,employed,debt_consolidation,0.09216726427349806
52,24313.51,691.3,0.1306,6803.27,employed,debt_consolidation,0.23039927432787274
56,44242.9,638.2,0.3269,5442.7,employed,home_improvement,0.31153917371331297
22,92283.72,754.4,0.3094,15077.92,employed,debt_consolidation,0.35788198417969636
34,50811.9,649.0,0.117,9841.34,employed,education,0.28542987340518833
41,57293.61,686.3,0.1244,9012.74,employed,business,0.2414532088298127
60,42624.4,659.2,0.2281,16747.73,employed,debt_consolidation,0.37105772376520463
57,87904.25,777.5,0.3652,31937.45,self_employed,home_improvement,0.3427600251066662
25,109584.73,694.7,0.1999,3035.96,employed,debt_consolidation,0.22517160784509743
66,49559.86,692.4,0.3328,6175.68,employed,home_improvement,0.1974971316502851
51,26043.25,653.1,0.3204,11673.42,employed,business,0.4829197602202171
37,42955.98,700.5,0.3431,9098.7,employed,education,0.3685022521995359
39,56631.1,738.4,0.015,6516.58,employed,home_improvement,0.0900236544971205
27,36149.14,622.9,0.5148,33433.12,employed,education,0.8734723996562362
22,98899.71,759.6,0.2782,53869.57,employed,debt_consolidation,0.6993438569897669
57,78940.53,735.8,0.1569,14704.1,employed,business,0.15744202269246663
41,50878.65,588.1,0.0999,14348.83,employed,business,0.44294245637579205
45,40003.84,644.7,0.3101,15040.74,employed,business,0.5296410021058648
46,41432.57,673.8,0.1723,7145.74,employed,debt_consolidation,0.2847218149232271
23,38753.19,698.2,0.1639,15797.62,retired,debt_consolidation,0.5216643182515676
66,24064.63,677.8,0.2371,6887.88,employed,home_improvement,0.19815375042902117
39,41010.04,553.3,0.2706,42056.31,unemployed,business,0.9697511570035507
42,15000.0,761.6,0.0526,10992.09,employed,home_improvement,0.13013285715160983
21,81581.62,744.4,0.5084,7275.19,unemployed,debt_consolidation,0.8207675172046934
60,170033.48,656.5,0.0749,21690.96,employed,education,0.10576736418390942
66,45949.09,759.3,0.3898,7413.59,employed,home_improvement,0.165741540771292
48,23822.84,582.6,0.1373,19487.86,employed,home_improvement,0.4696331207276504
69,21266.73,644.7,0.0841,42440.16,employed,debt_consolidation,0.5316531382803855
21,47880.71,640.3,0.2187,9308.85,employed,debt_consolidation,0.5182010151725716
33,17590.55,624.4,0.1283,8064.51,employed,home_improvement,0.3619952843134141
58,49829.52,630.0,0.0433,11132.35,unemployed,debt_consolidation,0.5851594108256064
51,117679.77,830.2,0.3979,32501.54,employed,medical,0.351909748131603
61,19410.02,623.4,0.0881,6238.44,unemployed,debt_consolidation,0.6273363522736498
54,41036.54,585.9,0.2062,3750.57,employed,debt_consolidation,0.38576290542781455
35,39089.64,672.3,0.3242,8158.2,employed,home_improvement,0.3909768182862878
29,39225.33,577.0,0.4861,11606.77,employed,debt_consolidation,0.813302245552913
57,48829.75,601.6,0.1432,26626.43,employed,business,0.5017673370217614
23,55539.52,672.4,0.186,5892.42,unemployed,home_improvement,0.6592793830014486
44,47876.61,712.9,0.457,21622.57,employed,home_improvement,0.5057431467095972
45,37572.45,714.9,0.2011,8971.59,employed,home_improvement,0.20392646992681915
54,62500.99,738.4,0.0908,56880.06,employed,home_improvement,0.42446588583791356
32,102429.89,573.6,0.1909,11129.67,employed,education,0.3983502523995803
68,83169.54,642.4,0.2687,5115.18,self_employed,home_improvement,0.21105605882529777
35,75304.68,699.5,0.1759,3505.86,employed,debt_consolidation,0.21734575115263552
34,15000.0,702.5,0.3301,13960.89,employed,business,0.5383097489586391
23,51874.7,611.6,0.0147,8182.19,retired,debt_consolidation,0.44507009812945914
66,63071.83,688.4,0.3131,15019.37,employed,home_improvement,0.23552117978099238
34,36324.13,727.9,0.1675,31085.94,self_employed,home_improvement,0.47381528479566976
64,55363.03,671.0,0.2488,7562.77,employed,debt_consolidation,0.246732824863464
23,112469.51,655.6,0.3341,33217.81,employed,business,0.687618476972612
39,46245.06,665.0,0.1399,14732.83,self_employed,home_improvement,0.3518989383405867
53,35122.5,746.2,0.3126,8779.41,self_employed,business,0.3255881557845984
36,15000.0,716.2,0.2704,40397.91,employed,business,0.7128798656139722
32,73786.12,623.3,0.435,16668.05,employed,business,0.6896707951518836
57,37831.2,618.4,0.5128,6317.52,employed,debt_consolidation,0.6080884168500699
51,53087.36,682.0,0.0439,5568.64,employed,business,0.15131447932859063
37,23651.68,694.5,0.0486,6536.26,employed,home_improvement,0.17299972658179014
48,89518.41,563.7,0.2604,12874.81,self_employed,education,0.5065825500435825
30,45433.42,796.5,0.0968,32602.76,employed,debt_consolidation,0.329865913754275
56,48764.93,700.2,0.3205,11040.38,unemployed,debt_consolidation,0.699787699392661
37,58606.63,617.5,0.3596,16745.62,employed,education,0.581843252292686
32,15000.0,595.6,0.2284,29205.16,self_employed,debt_consolidation,0.8304038694034293
54,28072.99,721.9,0.1775,4571.95,unemployed,debt_consolidation,0.5298395490082067
30,37530.32,613.0,0.4304,9204.07,employed,business,0.7060625521287404
50,36809.24,757.0,0.1187,15036.46,employed,debt_consolidation,0.1909565986709545
39,15370.19,639.8,0.1369,4509.81,employed,home_improvement,0.2864751575362632
43,75792.43,673.8,0.6001,57107.86,self_employed,home_improvement,0.9167425712353904
62,22827.94,696.1,0.173,6784.17,employed,home_improvement,0.15896089124169877
49,65391.76,555.9,0.3375,14333.31,employed,home_improvement,0.5525405543695054
22,33774.15,703.9,0.0859,3431.32,employed,debt_consolidation,0.26487553533340863
49,36391.49,642.5,0.1853,28586.09,employed,medical,0.6353972764597616
62,36038.19,643.2,0.1797,13401.25,employed,home_improvement,0.25388740466799875
34,27148.38,668.6,0.1167,17037.63,self_employed,education,0.43038253118496517
46,65590.01,598.9,0.2503,51786.17,employed,debt_consolidation,0.8306411451350922
50,44184.18,705.8,0.2126,4096.0,employed,education,0.17672504467880873
46,40094.05,618.2,0.1547,18540.83,employed,medical,0.5601249182054667
69,45760.2,605.4,0.4698,13725.86,employed,home_improvement,0.5012187528103272
56,65120.98,667.1,0.2736,2704.8,employed,medical,0.3135330199243104
61,36156.19,697.7,0.1432,17464.76,employed,debt_consolidation,0.25903308921593377
29,87114.11,706.8,0.3639,9516.25,employed,debt_consolidation,0.4047427971577552
27,42467.14,765.2,0.0548,5660.76,employed,business,0.15555569171371028
29,34751.31,680.6,0.1241,4232.64,employed,debt_consolidation,0.30142761659689477
46,38683.02,694.9,0.0341,16303.69,employed,home_improvement,0.17900460422757755
43,49778.31,697.2,0.0706,14887.97,employed,debt_consolidation,0.24465905894637974
51,35174.37,696.2,0.1678,8215.17,retired,debt_consolidation,0.31354734041176363
24,73019.95,658.3,0.4624,7583.59,employed,debt_consolidation,0.6126374052100595
42,31807.1,591.3,0.0673,11040.2,employed,medical,0.492851224417792
65,174071.38,644.4,0.4627,50325.73,employed,education,0.5935837918937039
69,19779.39,730.6,0.2976,11552.51,employed,business,0.2556907425419857
48,57667.14,631.9,0.2925,2938.46,retired,debt_consolidation,0.44897631985166064
54,49744.18,759.0,0.1463,17244.8,employed,debt_consolidation,0.18869320111990928
42,40470.66,624.3,0.4049,16968.41,employed,business,0.6781037310734231
48,45250.4,760.9,0.029,55705.74,self_employed,education,0.47624600410417484
36,34933.78,727.3,0.1019,9520.11,employed,business,0.22800189613252173
33,102159.89,733.7,0.1938,36214.63,employed,debt_consolidation,0.4335980006722368
62,19680.08,711.9,0.2676,14925.1,retired,business,0.39947170974695206
64,72571.52,787.2,0.112,4602.76,self_employed,home_improvement,0.05783001032258227
45,31912.41,714.1,0.0399,8192.22,self_employed,home_improvement,0.1656747118594911
53,49251.86,694.4,0.2198,15692.55,employed,debt_consolidation,0.31821442789274135
65,57010.69,737.2,0.3101,20913.96,employed,debt_consolidation,0.2963726190162277
28,30419.02,648.9,0.1336,3866.45,self_employed,education,0.371938562967208
69,32760.89,708.9,0.1281,40685.1,retired,debt_consolidation,0.49365830936343413
29,15000.0,649.8,0.3187,12581.39,unemployed,home_improvement,0.8539084836632164
27,30757.11,628.5,0.1353,23597.79,employed,education,0.5467086144463641
37,77216.46,648.8,0.1629,5037.32,employed,debt_consolidation,0.2796711967916413
46,36886.79,763.7,0.3535,12387.88,retired,debt_consolidation,0.4108673654074657
24,34677.99,734.9,0.4182,16976.82,self_employed,debt_consolidation,0.6745145532298918
60,185631.01,697.3,0.15,12675.99,employed,business,0.08212002742318382
57,54381.1,630.0,0.3309,17229.45,employed,home_improvement,0.41937118638090426
43,50565.67,647.9,0.0343,13891.63,employed,debt_consolidation,0.2812730209751051
45,17877.05,626.4,0.5927,14208.57,self_employed,debt_consolidation,0.8461612766221767
56,95386.54,825.6,0.1153,10763.47,employed,business,0.05940388723894422
45,51923.98,690.1,0.1281,10388.62,self_employed,debt_consolidation,0.3038775482798571
23,19180.45,660.6,0.3875,40780.7,unemployed,home_improvement,0.9611717507253238
34,88377.38,692.7,0.2976,17652.45,employed,debt_consolidation,0.42769023669346207
25,130102.38,625.4,0.2578,57692.63,employed,home_improvement,0.7766407499937905
50,89657.34,757.6,0.0815,60000.0,employed,debt_consolidation,0.47258389909806564
37,47082.42,712.1,0.3123,7015.4,self_employed,education,0.3636660799438777
39,79909.28,796.6,0.5424,12658.58,employed,business,0.3833118172013019
46,47429.55,574.1,0.2533,8609.97,employed,business,0.5226742175777812
40,52770.23,639.5,0.255,27223.99,employed,debt_consolidation,0.6240667557462155
55,110003.11,724.2,0.1118,17152.36,employed,education,0.10798264233473076
26,17749.29,660.8,0.3077,20497.12,employed,home_improvement,0.6147185077460404
66,57300.66,649.0,0.0508,22519.59,employed,medical,0.3196540033154309
42,45994.14,581.6,0.1841,4140.65,employed,debt_consolidation,0.4321596954985302
48,39623.22,713.8,0.027,12626.21,employed,business,0.17502078352513326
55,59549.48,708.6,0.0424,8325.48,employed,debt_consolidation,0.12733298371770246
62,33691.86,692.5,0.1139,6903.29,employed,education,0.13626561094361647
25,50758.72,539.8,0.0913,9879.41,employed,debt_consolidation,0.5702996888780045
50,15000.0,683.6,0.5837,8085.1,employed,debt_consolidation,0.6487479243340913
38,44454.21,574.0,0.1978,7983.2,unemployed,debt_consolidation,0.8383674364651756
37,15329.64,670.5,0.1428,29952.43,unemployed,home_improvement,0.8245829454272644
64,61665.1,678.7,0.3932,15216.78,self_employed,debt_consolidation,0.47476155028855543
49,83052.38,672.9,0.1313,22970.78,employed,debt_consolidation,0.3123093048434548
50,91980.83,618.1,0.2813,5663.69,employed,business,0.3316585691316512
31,55554.28,635.9,0.2726,7724.55,unemployed,business,0.8145753776585934
57,43805.49,618.7,0.2742,9034.1,unemployed,debt_consolidation,0.7720612784727303
41,40327.53,667.7,0.0312,15371.54,self_employed,home_improvement,0.27246511455940203
28,17713.68,774.1,0.5296,34961.67,retired,education,0.8001688448593945
35,32257.56,650.5,0.1009,14732.0,employed,medical,0.4887764754705088
65,77126.57,627.8,0.1914,13527.14,employed,business,0.2756486357176137
49,58086.14,720.7,0.405,18867.62,employed,home_improvement,0.37219647048617754
33,135490.23,709.9,0.1455,7067.37,self_employed,debt_consolidation,0.18906838287453134
27,38950.97,573.7,0.1325,6076.45,employed,business,0.5108419334447402
21,67452.58,667.6,0.1845,11786.57,employed,debt_consolidation,0.425432145136438
41,129655.2,688.9,0.7025,18695.83,employed,debt_consolidation,0.6732680687878013
35,76412.64,746.1,0.2606,4331.2,self_employed,education,0.21506852366229057
25,32929.32,757.0,0.4311,12965.99,self_employed,business,0.6011022848644119
65,36220.41,730.8,0.3432,13987.75,employed,debt_consolidation,0.3042914760100288
46,67509.64,654.8,0.5901,12480.01,self_employed,home_improvement,0.6525840085767277
33,27007.15,667.9,0.3016,12054.45,retired,debt_consolidation,0.6255367273852881
43,70062.43,582.2,0.1934,5946.83,employed,debt_consolidation,0.40571583278014434
29,39106.12,692.7,0.1374,14441.14,employed,debt_consolidation,0.3801044526990375
29,88312.24,667.5,0.3876,13013.36,retired,debt_consolidation,0.612740447145178
35,117711.57,708.3,0.1312,23782.69,employed,home_improvement,0.2050365313286429
29,95532.12,696.2,0.3818,4727.78,self_employed,debt_consolidation,0.445475046491691
62,31069.16,669.0,0.3974,8503.97,employed,debt_consolidation,0.4246804588654504
22,54742.12,689.1,0.2757,7192.09,employed,debt_consolidation,0.4370596092465281
39,41262.68,784.3,0.1403,8843.37,employed,education,0.12879228665317155
60,27830.59,698.8,0.1873,6724.09,employed,home_improvement,0.16321827643267356
28,43996.02,662.7,0.2772,8367.64,unemployed,home_improvement,0.7575028792189864
53,30955.32,624.4,0.3251,30854.36,retired,debt_consolidation,0.7757329201243539
49,32630.37,789.9,0.5473,38160.1,employed,debt_consolidation,0.6993629137632269
47,24077.93,775.1,0.1744,19384.0,employed,business,0.25782145118865385
57,138676.84,717.2,0.0708,12184.51,employed,business,0.0815047542222115
21,52751.3,651.4,0.1349,19286.48,employed,business,0.5131749767651919
33,23110.28,752.8,0.0959,3908.53,self_employed,business,0.229242281379107
27,37450.6,712.6,0.402,6020.75,employed,debt_consolidation,0.4989898613853047
31,27242.87,649.0,0.2678,10702.47,employed,debt_consolidation,0.5463262155670189
45,26532.9,675.8,0.1816,7284.3,self_employed,home_improvement,0.3034343838070079
25,44876.0,680.4,0.4269,22961.93,self_employed,debt_consolidation,0.787706067991958
59,79410.67,696.8,0.205,26225.0,employed,business,0.31362459856000335
54,26617.14,684.9,0.0876,24893.3,employed,home_improvement,0.2731682567379698
25,80510.01,655.0,0.133,4589.14,employed,home_improvement,0.2230506140040489
40,40921.95,546.8,0.1918,2659.79,self_employed,home_improvement,0.4898733892077998
32,44041.25,635.1,0.4377,5354.65,unemployed,debt_consolidation,0.8869536744716597
25,90336.7,756.2,0.1092,10788.16,unemployed,debt_consolidation,0.5058184240338947
65,29928.1,557.0,0.4074,7670.59,employed,home_improvement,0.5254941759195105
57,79072.05,689.9,0.2451,2486.87,employed,home_improvement,0.13181290059583228
55,35795.54,718.3,0.0719,9831.35,self_employed,education,0.1633957583052489
52,15397.39,579.5,0.1204,17590.79,employed,education,0.45602866544311005
28,78822.21,663.5,0.2481,6372.13,employed,debt_consolidation,0.37364192271125934
40,43247.85,685.0,0.3121,8270.89,self_employed,education,0.4153841583205494
57,23017.92,747.8,0.2798,42783.26,employed,home_improvement,0.48646259680306597
49,20399.36,850.0,0.3619,24810.34,employed,home_improvement,0.2531079854081242
22,74697.33,741.5,0.1368,39455.39,employed,home_improvement,0.4258490873046529
57,26061.97,674.8,0.1667,60000.0,unemployed,home_improvement,0.9122888335571733
21,31827.34,704.6,0.2347,11138.4,self_employed,business,0.5316755528305128
62,32040.08,654.0,0.4369,51381.61,employed,debt_consolidation,0.8506025497624591
58,44562.51,671.5,0.5261,10178.08,employed,debt_consolidation,0.5449120112943631
49,17832.41,681.7,0.1959,11244.06,self_employed,home_improvement,0.33715033658248267
41,52792.86,641.9,0.0314,18037.48,self_employed,education,0.3326885966551624
59,42861.64,616.4,0.3888,13799.43,employed,business,0.5560912921185004
28,56713.24,689.1,0.1695,9170.71,self_employed,home_improvement,0.3180837557271129
37,66485.27,637.8,0.0838,12090.89,retired,home_improvement,0.3111376525498076
54,51026.92,732.5,0.2621,13898.53,employed,debt_consolidation,0.2676698809858702
68,117289.94,655.0,0.4733,9296.1,employed,home_improvement,0.25317164625963057
56,73250.57,653.2,0.3029,6336.84,self_employed,debt_consolidation,0.3727283924071114
51,66452.38,716.0,0.1952,20711.88,employed,business,0.286080436130186
38,28041.43,711.1,0.0878,12191.72,employed,debt_consolidation,0.2685932512555613
63,90531.31,623.8,0.1656,9024.51,employed,debt_consolidation,0.2218199283834672
23,15000.0,617.5,0.354,21967.22,retired,home_improvement,0.8072373781802183
42,78301.22,657.6,0.0688,5583.81,employed,debt_consolidation,0.19215671408977636
62,53810.04,604.5,0.0511,12100.68,employed,debt_consolidation,0.2550054039002212
38,53368.54,746.4,0.4747,17900.15,self_employed,debt_consolidation,0.6054266698962816
24,35762.9,651.2,0.33,29848.66,unemployed,debt_consolidation,0.9443288226937444
34,41839.73,705.9,0.1821,11517.56,employed,debt_consolidation,0.3356022854219027
59,109662.15,762.7,0.259,18405.93,employed,debt_consolidation,0.1644465466421299
53,29618.02,694.6,0.3733,24822.33,self_employed,debt_consolidation,0.6475633795631087
23,127059.55,689.4,0.0697,8387.6,employed,home_improvement,0.13110741330437123
56,51017.67,726.8,0.2249,7684.28,employed,medical,0.2543941529246599
42,73482.94,645.9,0.0917,31348.59,self_employed,home_improvement,0.44468226688726176
24,40214.98,602.1,0.2194,17973.88,employed,debt_consolidation,0.6720496774917748
40,35952.29,696.4,0.292,5390.57,employed,home_improvement,0.2819824694505815
60,75697.93,697.9,0.119,14460.28,employed,business,0.17081962052531918
48,121658.48,670.3,0.4917,20486.72,employed,education,0.455441026240714
34,68484.78,647.7,0.0804,7031.75,employed,home_improvement,0.2015961993745811
24,130264.59,618.2,0.1664,27164.85,employed,debt_consolidation,0.5208891393520433
32,24240.32,768.9,0.09,6660.79,employed,debt_consolidation,0.18341646806936732
44,34205.76,734.6,0.1537,26502.03,employed,debt_consolidation,0.3722716919952613
32,49485.12,578.4,0.1164,10937.15,employed,medical,0.5773909660553609
68,99181.79,649.4,0.3855,12306.15,employed,business,0.3239319015257336
42,50286.81,624.6,0.3886,52530.83,self_employed,debt_consolidation,0.9182553499736466
30,27373.43,717.7,0.1916,12410.89,retired,debt_consolidation,0.4589961583589879
35,43964.11,677.2,0.181,18700.18,employed,business,0.4413952740615239
42,99438.89,786.1,0.1157,15027.55,employed,education,0.09291411251672813
37,38931.74,627.3,0.3043,18097.8,employed,debt_consolidation,0.636912793957797
58,131643.4,845.9,0.1216,22480.65,employed,debt_consolidation,0.06266755410455073
66,102128.66,710.0,0.0737,16758.15,retired,home_improvement,0.11088457792595596
40,89411.78,677.6,0.4077,13875.1,employed,home_improvement,0.3876771670007447
67,47534.16,592.8,0.2991,24900.34,employed,home_improvement,0.4993246721609383
45,25420.18,845.3,0.0884,10206.36,employed,home_improvement,0.07081713834437715
50,18318.73,620.1,0.1655,13952.28,employed,debt_consolidation,0.4587452170933244
37,43079.05,659.0,0.2584,55453.29,employed,debt_consolidation,0.8458372836751059
31,54331.81,729.2,0.2174,18210.83,self_employed,debt_consolidation,0.4524598355647867
40,66882.34,573.2,0.5356,4817.79,employed,education,0.6557397030159787
61,64808.91,782.2,0.1469,14850.14,employed,home_improvement,0.0857014401704562
62,104651.15,592.1,0.4375,3349.63,employed,debt_consolidation,0.40269415596405733
65,22063.96,656.8,0.1627,25290.77,employed,education,0.3516527937439141
68,47703.84,724.2,0.0907,43594.29,employed,home_improvement,0.27994948671838754
36,107330.17,755.4,0.0637,11201.53,employed,home_improvement,0.08253242455391019
28,29588.53,741.4,0.3333,18102.07,self_employed,home_improvement,0.5040429656467105
32,55743.44,722.4,0.1842,12110.99,employed,debt_consolidation,0.30162190804321654
27,70559.91,624.8,0.0581,13660.8,employed,debt_consolidation,0.37655614745306254
39,110761.88,742.0,0.1837,5140.59,retired,debt_consolidation,0.1773060925520074
54,15240.52,590.6,0.0506,16882.44,employed,debt_consolidation,0.4279642177982411
33,67032.01,659.0,0.1127,22668.04,employed,debt_consolidation,0.4281084885238334
42,38044.78,683.9,0.3126,8182.96,employed,business,0.40858927045058185
33,36796.17,716.8,0.0255,10025.47,employed,home_improvement,0.15690563485477813
34,47233.98,691.9,0.286,11147.08,self_employed,debt_consolidation,0.5051455928256181
69,81417.92,671.7,0.4116,10749.76,employed,business,0.3196871101371309
22,17124.52,573.3,0.3029,7206.45,employed,debt_consolidation,0.7307232290715729
48,82640.64,677.2,0.1918,13909.6,employed,business,0.2712404204568664
36,32885.15,740.7,0.224,28635.57,employed,debt_consolidation,0.48832962374478023
29,57859.72,652.9,0.5368,26091.43,employed,education,0.7795761920939502
54,73574.47,636.2,0.4182,22682.03,unemployed,debt_consolidation,0.8806378620046411
48,68958.1,591.2,0.2533,30593.32,employed,business,0.6622298371465632
60,34404.22,630.2,0.3402,3567.94,unemployed,debt_consolidation,0.7588741309640356
60,66822.15,665.3,0.2913,6543.47,employed,debt_consolidation,0.27458871744909386
63,38313.24,757.6,0.1807,6621.12,employed,business,0.12981503807688666
58,172540.26,733.0,0.2561,7883.84,self_employed,medical,0.15216807678127783
45,81234.81,711.6,0.1241,60000.0,employed,debt_consolidation,0.635460019823455
44,44457.54,699.1,0.1284,4320.37,employed,home_improvement,0.15076207888705936
28,23949.99,493.8,0.2212,5605.96,employed,home_improvement,0.6639098430502497
63,133001.39,635.0,0.0454,10747.59,employed,debt_consolidation,0.11662382046334953
29,44244.65,611.7,0.01,7014.1,employed,debt_consolidation,0.33402763044765854
28,171773.04,657.0,0.2269,12922.71,employed,business,0.2631581408779758
57,39084.77,721.7,0.2338,14916.98,self_employed,home_improvement,0.26363683894425544
65,45605.92,799.3,0.5612,12371.13,employed,home_improvement,0.25400569947024665
24,107041.89,646.8,0.0904,5999.66,self_employed,education,0.2513124570673912
45,36705.45,810.6,0.1546,10582.79,employed,debt_consolidation,0.14285163018721356
33,76217.52,846.9,0.3168,7364.16,employed,business,0.1541195101142613
44,21613.86,687.8,0.1231,10989.85,self_employed,debt_consolidation,0.36774302486899846
29,178900.21,672.1,0.151,11636.83,employed,business,0.1765028533809709
39,43013.7,650.2,0.4244,15145.89,employed,education,0.5815372933069988
53,93580.77,622.9,0.175,13837.7,employed,debt_consolidation,0.3057513601606425
36,26133.06,698.0,0.0977,30674.83,employed,medical,0.5717322919537212
65,57933.58,764.4,0.1899,6383.03,self_employed,debt_consolidation,0.14036344688378924
56,29430.85,728.3,0.1917,2991.94,employed,debt_consolidation,0.17467485647202957
38,40537.16,711.8,0.0632,10944.85,employed,debt_consolidation,0.22358624159137896
62,64445.86,544.8,0.1333,35169.14,employed,debt_consolidation,0.6324627954479379
33,66179.74,661.3,0.3148,21488.25,retired,home_improvement,0.5809681733070163
43,37690.15,589.1,0.3555,10188.82,self_employed,home_improvement,0.6220244890940618
63,96993.89,748.0,0.1312,28537.96,self_employed,debt_consolidation,0.2256433933900377
27,92690.61,700.1,0.1042,12584.52,employed,education,0.19692109073723132
44,113680.19,608.4,0.0242,15200.1,unemployed,medical,0.6746440164888441
42,74634.44,722.4,0.2328,9162.23,retired,debt_consolidation,0.30431254862878054
59,96452.59,648.5,0.0606,19430.12,employed,debt_consolidation,0.20922574416737788
22,31160.11,699.0,0.1547,18233.04,employed,debt_consolidation,0.4749091958133833
54,69531.19,731.3,0.0943,12835.97,retired,home_improvement,0.14038066116224193
69,32672.11,733.1,0.4674,60000.0,employed,home_improvement,0.7500953724099182
26,30090.07,699.6,0.414,14918.64,employed,home_improvement,0.5550869433262644
43,73402.6,657.7,0.4089,5648.83,employed,debt_consolidation,0.4446244928797742
43,20510.27,666.3,0.2685,8407.65,unemployed,debt_consolidation,0.787634632878155
29,35439.14,727.0,0.3358,12832.56,employed,home_improvement,0.38902428699423036
51,101694.25,619.1,0.2519,17091.13,employed,home_improvement,0.3158243588924949
46,76682.0,703.9,0.14,13662.11,employed,home_improvement,0.16379548125569887
65,61390.51,491.0,0.196,19627.9,employed,business,0.6090267053660885
33,34596.88,660.4,0.2931,33097.08,self_employed,debt_consolidation,0.7896017301090735
27,62276.71,664.2,0.286,3335.8,retired,business,0.4864900856732699
46,16589.19,679.6,0.0351,18077.09,employed,education,0.2544338363551554
44,76118.36,704.2,0.2282,41399.94,self_employed,medical,0.7057170966861825
35,41676.72,714.9,0.264,15941.92,self_employed,debt_consolidation,0.4992259816546234
50,44391.14,616.1,0.0688,9839.21,employed,business,0.29334379614360345
32,62403.19,648.3,0.3497,20495.21,employed,debt_consolidation,0.6431827783845414
40,15000.0,689.9,0.1199,6185.1,employed,home_improvement,0.21562123730378396
47,17601.65,711.1,0.0125,5215.32,employed,debt_consolidation,0.15814807642990664
43,24254.91,703.7,0.5223,10720.6,employed,debt_consolidation,0.6079275261682359
33,43122.08,618.1,0.2158,5247.92,employed,business,0.45242349532040094
68,65437.52,624.6,0.1546,28045.0,employed,debt_consolidation,0.3988367777285316
23,42570.25,758.4,0.2244,33620.73,self_employed,home_improvement,0.5412555795870484
45,26533.91,727.9,0.1907,10481.87,employed,home_improvement,0.20691832175811867
22,36573.3,598.8,0.1481,11547.77,employed,debt_consolidation,0.5729595683218736
30,41490.22,622.2,0.2492,11854.5,employed,home_improvement,0.4772480683307988
66,44865.65,649.1,0.0806,13237.22,retired,debt_consolidation,0.28222111898333513
69,49742.17,598.0,0.1305,5738.56,employed,debt_consolidation,0.2437468928778831
62,70979.27,661.4,0.185,26806.94,self_employed,business,0.4324087409003894
50,25903.52,706.9,0.162,9110.05,retired,home_improvement,0.24654283710437444
36,99530.56,609.1,0.2248,9166.87,employed,debt_consolidation,0.39726624219498674
65,75395.22,847.8,0.01,19332.72,employed,education,0.03788162373869168
31,138203.2,794.4,0.2728,12851.62,employed,business,0.15620581784487297
25,56243.13,671.6,0.5384,15097.86,employed,debt_consolidation,0.7415337795821264
41,120831.89,737.1,0.1498,13729.65,employed,home_improvement,0.1110266252833096
36,77999.76,696.6,0.2164,15211.66,employed,debt_consolidation,0.33872774433338515
36,198713.97,713.2,0.1132,14758.74,employed,debt_consolidation,0.10609548983462941
34,57214.07,712.8,0.4437,14083.27,employed,debt_consolidation,0.5425353891840649
38,105627.57,674.1,0.2325,5293.91,employed,education,0.1961244036675264
36,82182.55,681.9,0.2108,14373.55,employed,debt_consolidation,0.34337762116414144
69,141591.08,635.6,0.1738,22392.48,self_employed,debt_consolidation,0.27005106544766266
30,34245.55,653.0,0.2522,10304.54,employed,business,0.5067019471334318
66,91415.19,843.2,0.3326,16189.21,unemployed,home_improvement,0.29406745744206997
44,51821.32,779.8,0.2496,23568.72,self_employed,debt_consolidation,0.379974270221866
37,77879.88,703.4,0.069,22271.8,self_employed,home_improvement,0.2621651991938931
27,43463.58,554.6,0.1207,59263.03,employed,medical,0.9364039669812393
48,57990.76,623.4,0.1537,12310.87,employed,debt_consolidation,0.3608784001978631
29,76150.69,630.7,0.3631,32095.5,employed,debt_consolidation,0.7702685295500864
31,52298.07,580.9,0.0242,23694.66,unemployed,debt_consolidation,0.8500750643906217
56,40454.15,622.5,0.2587,6596.46,retired,home_improvement,0.3764673315541341
52,15000.0,645.8,0.3213,15424.77,self_employed,home_improvement,0.5406279600971702
29,32838.85,687.0,0.168,6101.82,employed,home_improvement,0.2675867348754306
58,56063.1,747.1,0.0205,12335.93,employed,debt_consolidation,0.10380806556272973
62,105057.27,678.1,0.1863,6494.34,employed,debt_consolidation,0.14381881881289726
26,31257.25,677.9,0.1472,22481.05,employed,debt_consolidation,0.5299657589588891
27,36027.41,770.0,0.2805,14924.9,employed,debt_consolidation,0.38457764535429334
56,21812.78,690.9,0.1357,9780.35,employed,debt_consolidation,0.24466726868290736
41,50358.17,664.6,0.2709,2843.86,employed,debt_consolidation,0.3430786133270877
30,115938.17,604.9,0.1348,4184.67,employed,debt_consolidation,0.28680991653665233
42,65293.43,706.6,0.1226,7031.11,employed,education,0.15045451563531437
24,50460.02,573.2,0.1856,1967.17,self_employed,business,0.5813383985244426
38,91624.21,605.9,0.0204,14890.46,employed,home_improvement,0.22822688645775688
36,24151.11,634.5,0.4734,28047.63,employed,home_improvement,0.784599240157001
24,54341.87,657.2,0.2151,31309.8,employed,business,0.6723068048417529
46,26346.52,639.5,0.6299,20311.27,unemployed,medical,0.9704255431181015
58,72365.42,731.5,0.1061,27383.41,self_employed,debt_consolidation,0.2801935507332025
36,108487.37,699.1,0.1946,12957.9,self_employed,debt_consolidation,0.30847981495348353
28,52202.83,683.0,0.1253,15326.42,employed,education,0.3121054845922335
26,30257.52,574.8,0.4754,25786.94,self_employed,business,0.920677846592161
35,44080.01,589.6,0.086,28065.4,employed,debt_consolidation,0.621391746013504
50,36940.11,686.4,0.2484,16073.66,unemployed,business,0.7515210538762385
36,52128.39,667.3,0.2187,38060.25,self_employed,debt_consolidation,0.7338561075250892
25,61697.57,659.0,0.1614,10668.32,self_employed,debt_consolidation,0.47181267837811397
68,43961.72,634.4,0.1027,6326.61,employed,home_improvement,0.1450717049503191
55,68970.81,641.9,0.179,4425.4,employed,business,0.22896246165411308
56,96993.74,729.5,0.2713,10786.63,unemployed,business,0.5098020264742055
32,23451.15,695.2,0.1555,13094.74,employed,debt_consolidation,0.39136891666424495
35,85232.08,674.7,0.177,9457.14,unemployed,business,0.6473654930636322
34,104172.89,650.0,0.3626,9254.73,employed,medical,0.5247095301978142
33,19211.6,696.4,0.3078,29548.7,employed,medical,0.7524148384407806
63,61925.47,736.6,0.2031,5667.46,employed,home_improvement,0.09631849601921091
53,47636.38,673.6,0.1236,3802.48,employed,home_improvement,0.14191472209709904
26,42303.33,718.5,0.2416,13616.24,retired,debt_consolidation,0.5061026351395014
26,30204.8,598.2,0.0651,6259.8,employed,debt_consolidation,0.4374142710898025
66,102439.86,595.7,0.2658,22702.34,employed,business,0.424431610800544
59,37942.93,606.4,0.3556,42201.75,employed,home_improvement,0.744947179850592
35,25075.57,631.1,0.1837,34796.02,employed,education,0.6636599935717362
61,30041.43,609.5,0.1409,12186.21,employed,home_improvement,0.27956116339141035
55,83218.2,694.8,0.1787,18827.28,employed,business,0.24698189220209088
61,57810.1,723.2,0.1218,6498.29,unemployed,debt_consolidation,0.40299155653456925
41,26136.14,768.3,0.1755,42263.13,employed,home_improvement,0.43268412899888425
64,34292.72,699.1,0.2144,17863.74,employed,home_improvement,0.22936934830680475
67,78205.09,632.7,0.5633,14188.95,employed,home_improvement,0.4841909055844444
50,39876.74,750.2,0.2051,8700.4,employed,debt_consolidation,0.2009277060266348
58,50771.68,735.7,0.0635,4187.41,employed,debt_consolidation,0.09792469671750927
28,28129.19,722.5,0.0877,6734.61,employed,debt_consolidation,0.24993367029861693
24,100497.13,691.3,0.1167,14492.7,self_employed,home_improvement,0.26868707122023894
57,98679.98,755.7,0.0507,16767.24,self_employed,home_improvement,0.08972291020786627
30,24285.82,501.6,0.1158,11441.73,employed,business,0.6888295112472167
56,66164.56,687.1,0.3088,6176.39,employed,debt_consolidation,0.27001961475172764
21,37436.15,645.5,0.0737,6577.63,employed,medical,0.45445794178065285
66,23626.35,710.0,0.1405,14734.7,unemployed,debt_consolidation,0.5692629976966634
58,34828.21,603.6,0.1591,11704.44,employed,education,0.3206915628149511
65,44086.86,668.8,0.1853,12623.26,employed,debt_consolidation,0.2606544221242366
33,52864.14,702.4,0.1244,3713.13,unemployed,business,0.5687852744086471
62,30720.87,707.6,0.1505,6303.9,employed,home_improvement,0.1286557361437146
38,69876.37,726.3,0.0179,8216.91,employed,education,0.10488144997042581
61,70500.35,725.3,0.1001,10723.31,employed,home_improvement,0.08873376428443741
42,56374.94,557.6,0.4985,10713.37,employed,home_improvement,0.6975232339188844
27,54229.76,743.3,0.0169,35461.24,employed,debt_consolidation,0.3821681052806712
51,121384.21,623.4,0.3644,11103.96,unemployed,debt_consolidation,0.7509584487752023
36,77472.06,660.7,0.2463,21751.2,employed,business,0.4891038386918034
28,26353.78,770.1,0.1546,2620.29,employed,home_improvement,0.14908553316379577
52,48598.35,705.4,0.3006,11614.94,self_employed,debt_consolidation,0.39878900047224153
60,43560.39,706.7,0.3314,50782.0,employed,debt_consolidation,0.7121337445323879
38,42965.7,704.0,0.01,23393.82,employed,debt_consolidation,0.29516440793061305
41,34280.55,721.1,0.1541,15976.0,self_employed,business,0.37066344017029423
47,37365.86,583.0,0.3097,25944.62,self_employed,debt_consolidation,0.7902964965651417
29,45235.27,751.7,0.3767,13346.45,employed,debt_consolidation,0.4551841281203517
56,36289.07,638.0,0.303,16605.42,employed,education,0.434884039521395
41,15000.0,682.2,0.0943,9806.2,employed,debt_consolidation,0.30426964888984165
43,60544.7,752.4,0.2226,1629.74,self_employed,debt_consolidation,0.20575114114394868
28,38631.13,647.4,0.2941,26790.03,employed,debt_consolidation,0.7192187290896607
39,29675.19,688.7,0.3445,13905.13,employed,business,0.5196670185505552
37,108814.13,674.1,0.1318,4711.24,retired,education,0.18859236493666257
49,36776.67,587.9,0.4879,13100.04,employed,education,0.6811801338040496
34,113157.44,678.6,0.0761,12202.82,employed,medical,0.2560861837165851
42,100708.3,655.5,0.2212,4914.73,employed,debt_consolidation,0.2513963485580051
65,53307.3,740.7,0.0958,7453.59,unemployed,debt_consolidation,0.34866621413363985
31,44757.51,667.9,0.1963,13035.39,employed,business,0.43285199062914476
21,57043.25,704.3,0.0504,10800.88,employed,business,0.2638771447104638
26,49421.65,748.4,0.2241,7130.61,employed,home_improvement,0.2163112902010754
66,64604.52,613.0,0.151,24867.85,employed,home_improvement,0.3127256354458996
43,63963.31,693.3,0.0568,14541.38,unemployed,home_improvement,0.4783366677357218
57,75926.35,661.3,0.2515,7880.36,employed,home_improvement,0.19790272417925903
66,26278.14,772.7,0.3191,7951.77,employed,home_improvement,0.1437047771431813
21,70921.2,780.7,0.4117,6010.46,retired,business,0.4254856170894423
24,46112.1,639.6,0.2275,26662.35,employed,home_improvement,0.6034098328441619
45,35421.78,690.9,0.3394,9776.74,retired,home_improvement,0.4220106560426047
32,29699.74,664.9,0.068,18079.96,unemployed,medical,0.8195651700706652
34,56575.44,739.0,0.1271,13867.06,employed,debt_consolidation,0.24245370197175914
58,38814.84,601.9,0.1344,23938.9,unemployed,debt_consolidation,0.8171497432076622
53,42003.75,647.8,0.093,4720.48,employed,medical,0.28052939034767554
53,40527.12,730.7,0.1101,9676.45,unemployed,debt_consolidation,0.4887441385238841
49,53216.94,721.2,0.3272,14246.11,employed,home_improvement,0.2778352050152512
27,77278.99,728.2,0.1669,18824.58,self_employed,debt_consolidation,0.3941077478308457
69,86998.42,687.0,0.4186,7208.19,employed,debt_consolidation,0.26644009610920494
53,44143.05,718.7,0.423,6798.15,employed,debt_consolidation,0.3632897426568475
49,59457.27,574.9,0.1092,38560.17,employed,education,0.6022040079942054
38,86787.06,641.3,0.1545,5228.08,unemployed,home_improvement,0.5442718484493039
24,21644.82,695.5,0.1978,20312.6,employed,debt_consolidation,0.5488938456333733
28,33180.15,765.1,0.0211,14569.74,employed,debt_consolidation,0.20439476754800756
55,135507.7,661.0,0.2667,2360.24,employed,home_improvement,0.11867268374804098
43,39044.74,704.5,0.1098,8103.68,employed,debt_consolidation,0.22384489584117773
61,91443.93,664.4,0.2236,60000.0,employed,home_improvement,0.6126837272164886
44,26650.89,620.0,0.144,4599.42,employed,medical,0.43914763638528614
61,33119.15,648.1,0.2193,14025.63,self_employed,debt_consolidation,0.4393750403730482
61,30739.66,678.7,0.2329,38714.78,employed,debt_consolidation,0.5842227818146476
46,35951.38,561.5,0.1424,9388.55,employed,debt_consolidation,0.4855938259808719
55,105474.19,774.6,0.2819,60000.0,unemployed,home_improvement,0.8055619195326017
61,80079.06,690.8,0.4207,1846.97,employed,debt_consolidation,0.26311437716742503
49,68760.86,630.2,0.1646,17830.39,unemployed,debt_consolidation,0.7493772741451734
22,22089.56,688.6,0.152,9217.52,employed,home_improvement,0.3303541036390142
36,54379.89,693.2,0.2418,8542.73,employed,home_improvement,0.26616342232237045
21,104286.73,712.9,0.3803,8935.2,retired,debt_consolidation,0.49329540124788096
42,18133.39,799.0,0.1741,7425.5,self_employed,debt_consolidation,0.22027068736527305
64,26055.18,644.4,0.0354,51936.66,self_employed,medical,0.7398118307138475
33,69243.25,651.1,0.3768,14174.02,employed,business,0.5739665610938285
58,140833.62,803.8,0.1761,19676.43,employed,business,0.08187664313667549
69,83660.29,689.1,0.0738,7279.93,unemployed,debt_consolidation,0.3417381596392451
23,46428.23,664.6,0.1566,50607.49,employed,home_improvement,0.733152402816551
42,110130.39,655.8,0.1407,2446.26,self_employed,home_improvement,0.1640913274570987
33,26857.97,668.4,0.0885,24124.28,employed,debt_consolidation,0.4839736245923914
37,38787.31,638.5,0.2055,17726.41,employed,debt_consolidation,0.5293824367647454
31,32271.81,727.8,0.2136,3075.97,employed,business,0.27451267946389696
30,19197.9,708.4,0.2495,41958.51,employed,business,0.741999357465927
51,48033.03,640.3,0.1937,7567.72,employed,debt_consolidation,0.3226740402327521
41,45435.05,756.9,0.2232,14815.75,employed,medical,0.3465956287803449
63,15000.0,759.2,0.1205,5509.96,self_employed,medical,0.20653197004812832
56,66729.89,731.6,0.5301,16910.66,self_employed,home_improvement,0.4567011963768101
30,93283.45,651.0,0.2265,12845.17,employed,debt_consolidation,0.40458958027189157
62,53620.6,633.8,0.2969,7418.04,employed,home_improvement,0.27137788568062887
33,25165.4,807.9,0.1137,10286.91,self_employed,education,0.17257596016907406
36,111570.51,671.0,0.2976,24292.01,employed,debt_consolidation,0.4801585035590205
56,62001.66,734.4,0.3988,12466.46,employed,business,0.3196825250891062
26,30719.86,668.4,0.0702,18143.7,employed,education,0.3673727711705682
61,33270.98,703.3,0.1651,20093.79,employed,education,0.23728271297046688
59,78003.89,613.8,0.3332,20157.28,unemployed,debt_consolidation,0.8342110939871323
42,37704.72,741.6,0.2908,9601.9,self_employed,home_improvement,0.29726253147775633
28,44851.21,676.0,0.3236,5706.34,employed,home_improvement,0.3848022007131802
39,89677.05,740.4,0.0111,8429.27,employed,home_improvement,0.07420932295783071
23,104849.38,615.7,0.0929,11124.2,employed,home_improvement,0.27423143813364625
25,38482.4,732.5,0.1908,15520.62,employed,debt_consolidation,0.3872811126107699
33,33769.32,630.5,0.0992,39620.29,retired,home_improvement,0.6934201079737945
22,61830.52,743.6,0.0636,16007.33,retired,education,0.2612487058794003
23,34047.91,809.2,0.1119,37158.95,employed,business,0.4158312227250719
42,32468.85,663.0,0.0474,16611.24,employed,debt_consolidation,0.326452022154382
65,69436.05,595.2,0.4304,15296.66,employed,education,0.4971182978347876
33,24584.93,671.5,0.1336,10282.94,employed,home_improvement,0.2975708366743763
43,122481.9,612.3,0.0509,9781.29,employed,debt_consolidation,0.20426633574668546
27,72241.41,771.8,0.1419,5199.99,employed,business,0.1557456735184719
64,34921.21,686.1,0.2471,8246.32,employed,debt_consolidation,0.2605979442026146
32,66632.68,795.4,0.2585,5901.47,employed,home_improvement,0.13789942487926293
46,27528.96,686.5,0.0258,18349.5,employed,home_improvement,0.21154028947483594
63,103104.21,607.2,0.2072,11027.78,employed,medical,0.3367647471312485
58,34627.63,645.2,0.2128,5123.17,employed,debt_consolidation,0.2975175588445574
69,24143.57,639.2,0.3211,11830.87,employed,debt_consolidation,0.42345974393331925
53,32124.43,659.0,0.3805,9548.32,self_employed,education,0.4875407393251351
56,106498.57,687.7,0.253,3533.86,employed,debt_consolidation,0.16437535142811008
33,52574.31,841.4,0.1719,26360.89,employed,debt_consolidation,0.23843750129281205
49,41522.7,694.0,0.2818,15743.89,employed,debt_consolidation,0.4035209616026799
52,98151.87,744.9,0.1569,17869.69,self_employed,debt_consolidation,0.20783780554280187
32,65625.76,586.3,0.0958,14889.73,self_employed,debt_consolidation,0.5469953633903429
66,34830.3,618.2,0.1094,3642.75,employed,business,0.21680834036221616
55,106395.81,703.0,0.1744,22513.54,unemployed,education,0.5183064005686889
49,123386.98,713.3,0.0799,17621.66,self_employed,debt_consolidation,0.17944276958006927
33,15647.05,697.9,0.0206,8973.67,employed,business,0.25117907845857507
63,57357.71,642.1,0.2295,10127.99,employed,education,0.24197582376213247
51,162125.25,667.9,0.2071,12506.46,employed,education,0.13214932747329652
39,137901.0,631.6,0.269,26646.24,employed,debt_consolidation,0.4840899646140268
63,62174.55,667.8,0.4462,39087.98,employed,education,0.6473068327824911
57,51814.79,700.2,0.1591,13456.55,employed,debt_consolidation,0.22805818630765168
45,34908.59,626.5,0.1363,5863.47,employed,debt_consolidation,0.3367076978194611
36,47952.17,685.1,0.2293,12312.03,employed,medical,0.4755578451786612
56,35002.75,637.1,0.1218,35149.52,employed,debt_consolidation,0.5455770632717183
41,61428.08,805.6,0.0886,8960.14,employed,education,0.07947832321563239
38,26745.92,634.8,0.2075,6913.61,employed,debt_consolidation,0.4431795098305003
49,15242.9,740.8,0.1057,3867.5,employed,business,0.1584335102984423
61,36068.3,644.0,0.2268,22813.83,employed,business,0.4603792254628723
66,39941.53,717.8,0.0471,2491.68,employed,home_improvement,0.06465919091108878
33,84200.84,625.2,0.2192,7248.14,employed,debt_consolidation,0.3895122151508224
66,45633.98,677.6,0.0512,34128.95,employed,debt_consolidation,0.3297275352628555
51,22966.02,675.6,0.2163,3855.81,employed,debt_consolidation,0.2931222760134501
68,79018.5,655.4,0.0708,19047.75,employed,debt_consolidation,0.1949461846172276
35,22659.98,749.1,0.3317,25149.78,employed,home_improvement,0.4648073738453647
49,140361.51,749.7,0.3963,5315.38,employed,debt_consolidation,0.16477093629140757
42,42033.31,747.9,0.139,22197.29,employed,education,0.23914031541685343
51,66085.71,733.1,0.0755,19368.79,employed,debt_consolidation,0.18379718956461152
29,29907.3,619.5,0.1172,12564.43,employed,medical,0.5743808902836227
29,93013.38,660.4,0.2368,14980.94,employed,medical,0.5044763675526173
34,76798.68,665.0,0.2688,18999.25,employed,business,0.4842201260682568
68,48795.72,660.3,0.4152,9861.81,employed,debt_consolidation,0.40352655963831446
23,34829.91,613.3,0.1677,6152.97,self_employed,medical,0.6544092708205514
49,75600.5,625.4,0.3431,50603.39,self_employed,debt_consolidation,0.8604609488601788
62,88600.74,749.5,0.1322,11254.18,retired,debt_consolidation,0.13723522255392517
30,66155.87,736.3,0.278,60000.0,employed,debt_consolidation,0.7956420508034854
28,98827.12,741.8,0.1484,25405.85,employed,debt_consolidation,0.30887087856188944
34,54671.58,613.8,0.1362,23588.23,employed,debt_consolidation,0.5602982021168582
67,54661.86,741.5,0.2906,10624.9,employed,debt_consolidation,0.19435959155317786
34,31435.64,764.2,0.1291,13287.59,employed,home_improvement,0.18087472955083722
36,43316.71,638.7,0.5393,22406.87,employed,education,0.7659374769871364
49,83836.36,753.0,0.1827,18900.95,employed,debt_consolidation,0.20123661241195534
36,28666.65,680.1,0.0457,8686.61,unemployed,debt_consolidation,0.6283786906215184
54,30319.02,741.2,0.1906,6370.54,self_employed,business,0.23067464885316183
49,39688.6,705.0,0.5621,26848.0,unemployed,home_improvement,0.8984910961336091
64,48462.42,637.6,0.0452,13389.02,employed,debt_consolidation,0.2167632840002023
37,48550.49,646.0,0.139,31293.76,employed,home_improvement,0.48851791836031466
42,86814.51,604.1,0.2147,10911.04,self_employed,home_improvement,0.3905198681977806
67,31133.8,712.1,0.5654,7738.6,self_employed,home_improvement,0.4384960110725631
22,59848.19,683.3,0.3661,5300.59,self_employed,debt_consolidation,0.5697309101913621
30,119756.42,642.4,0.0602,14789.41,employed,debt_consolidation,0.2620640150467559
45,40508.91,724.1,0.409,36831.32,employed,debt_consolidation,0.6929524236100094
28,39687.72,605.3,0.3583,11558.67,employed,home_improvement,0.6136088167152866
40,44447.47,661.3,0.3032,19618.41,unemployed,debt_consolidation,0.8600510633163478
27,65436.57,654.2,0.01,13195.2,employed,home_improvement,0.22505363214513643
69,58616.68,672.9,0.0444,5655.73,employed,debt_consolidation,0.11277599458624574
61,53639.83,747.8,0.3058,13309.2,employed,debt_consolidation,0.23796742431455264
40,183092.92,699.4,0.5043,8883.79,employed,business,0.29124071816410546
24,120784.04,715.2,0.4057,18696.3,unemployed,debt_consolidation,0.8146104680334441
62,24490.57,634.2,0.0798,27000.03,employed,business,0.4117718026574017
34,15000.0,763.4,0.2854,6762.56,employed,education,0.26547523463542844
56,21499.78,705.5,0.2154,7263.3,employed,medical,0.32420342591201673
51,36611.93,724.0,0.4017,7514.04,employed,business,0.362179355387904
65,85561.95,711.3,0.2427,15492.1,employed,business,0.19970394980700204
31,54032.33,693.0,0.2819,6745.78,employed,debt_consolidation,0.38486363506505383
56,32198.13,751.8,0.0783,10315.85,unemployed,home_improvement,0.34253737090990033
54,134723.75,679.9,0.1662,6599.46,self_employed,debt_consolidation,0.16362060739757936
40,78782.05,811.2,0.2572,25997.37,employed,home_improvement,0.20091427790164804
38,73323.79,632.3,0.0518,17376.81,employed,home_improvement,0.25851148715342503
40,61202.15,714.9,0.1037,10230.44,employed,debt_consolidation,0.2037432194258184
47,70058.53,681.0,0.1177,3812.42,self_employed,debt_consolidation,0.2206798663659468
53,50958.12,767.3,0.1488,19205.95,self_employed,debt_consolidation,0.24540614322230742
54,69801.88,692.5,0.1189,21817.42,employed,debt_consolidation,0.2631051769556391
54,21494.78,662.6,0.2782,5722.56,employed,debt_consolidation,0.36776444456841156
40,35734.68,688.4,0.2377,16331.95,employed,medical,0.5215072075690124
21,44899.43,762.2,0.1821,29278.43,unemployed,business,0.8076789506312114
56,23154.16,579.1,0.027,5301.45,self_employed,business,0.35174900356214606
48,48165.24,646.8,0.0612,8434.39,employed,debt_consolidation,0.23968632509150486
59,70920.63,673.5,0.1793,27290.58,employed,business,0.35686931462902144
55,44780.47,822.6,0.1607,6237.53,self_employed,debt_consolidation,0.11611524002511005
48,42856.67,723.2,0.4204,30398.94,retired,education,0.6351584299746534
52,45665.59,620.7,0.1542,14668.53,employed,home_improvement,0.3085599196177176
25,71449.7,634.5,0.2036,18080.87,employed,home_improvement,0.44774855586160245
60,64428.56,600.8,0.3364,5045.49,employed,debt_consolidation,0.40617752993836953
27,93774.6,630.1,0.0459,24172.44,unemployed,business,0.7687344397348631
63,59737.67,668.0,0.1053,9194.9,employed,debt_consolidation,0.17619361265129904
50,36040.83,576.0,0.4135,14149.34,employed,debt_consolidation,0.7108557026307496
44,23374.69,727.1,0.0335,6905.89,employed,home_improvement,0.11991943674657492
39,23593.05,627.7,0.2273,16206.98,unemployed,debt_consolidation,0.8631467353245064
21,53589.42,724.8,0.13,19840.7,employed,debt_consolidation,0.38537082837034947
36,27195.13,761.0,0.1899,29536.21,employed,home_improvement,0.35421194011834867
22,80151.32,676.8,0.3029,60000.0,employed,business,0.872771401632888
68,75122.25,641.1,0.1298,14730.15,employed,education,0.17638511389557276
23,87682.95,655.5,0.3302,51917.73,employed,business,0.8529815492629805
34,23389.27,696.7,0.2617,8602.19,employed,debt_consolidation,0.42278754222882814
58,53978.02,584.6,0.1098,20450.58,employed,home_improvement,0.3431523074071001
36,49003.72,751.8,0.0875,6262.9,employed,home_improvement,0.11478703653011417
53,117379.12,576.6,0.2189,5282.92,employed,home_improvement,0.22471124178001844
47,35589.93,717.9,0.3263,12046.28,retired,debt_consolidation,0.4643442539844243
26,15000.0,562.8,0.5675,33738.41,employed,home_improvement,0.9359969456998358
67,31186.25,689.8,0.2014,17502.18,employed,debt_consolidation,0.29368213786411396
31,49041.67,654.6,0.0708,58098.43,employed,home_improvement,0.7116225613003164
46,30926.15,684.2,0.126,31524.75,employed,debt_consolidation,0.4866561863152308
26,48678.08,613.0,0.1305,7704.01,employed,business,0.43991677269030166
68,48399.98,637.2,0.0594,24313.42,employed,debt_consolidation,0.2974603911872978
45,127298.59,606.7,0.2022,13246.18,employed,medical,0.4015243435204834
37,34130.3,736.4,0.2132,8300.31,employed,education,0.22723643471171098
31,52244.87,619.7,0.3936,60000.0,employed,debt_consolidation,0.9379989605775152
46,36310.69,704.0,0.1831,14713.88,employed,home_improvement,0.24693001650126473
30,44228.63,738.3,0.1428,32064.33,employed,debt_consolidation,0.4676209328947806
44,66546.47,681.9,0.0552,13330.08,employed,debt_consolidation,0.21611638090803806
22,42374.72,608.2,0.1647,15686.88,self_employed,home_improvement,0.583460302057003
48,163193.11,739.4,0.1838,13514.12,employed,debt_consolidation,0.10828370162324377
55,21833.9,530.2,0.3837,13536.89,employed,debt_consolidation,0.752510258262434
57,67569.2,620.3,0.1362,8757.25,employed,debt_consolidation,0.26288734256329416
35,81326.56,664.0,0.2392,18437.3,unemployed,debt_consolidation,0.7920576708109165
48,41246.92,719.0,0.1523,27285.92,retired,business,0.4470047245913517
39,39371.95,713.3,0.1986,8599.2,self_employed,education,0.2924579927750461
36,49366.11,565.5,0.4102,6373.47,self_employed,home_improvement,0.6822520779589719
65,49093.4,759.1,0.0536,60000.0,employed,debt_consolidation,0.44446799673351844
69,18265.12,671.8,0.22,6191.2,employed,debt_consolidation,0.25066221254907384
47,38627.69,668.3,0.1128,16336.09,employed,business,0.3258496658107036
48,24025.13,650.8,0.1441,8077.07,retired,business,0.39959837492706246
29,46488.71,698.5,0.4648,28829.41,employed,education,0.7064472502041487
37,142691.62,625.8,0.3014,2365.43,employed,debt_consolidation,0.28468902095663806
58,44340.21,617.9,0.3843,4517.13,self_employed,business,0.5279595385760589
61,36986.64,771.5,0.06,8630.43,employed,home_improvement,0.06699592070025513
28,75197.3,694.7,0.3492,7774.69,employed,debt_consolidation,0.42441195550521926
54,38198.31,737.9,0.1847,32488.91,employed,business,0.3870466491358258
38,47739.25,685.1,0.2323,30221.5,employed,home_improvement,0.4830421465892204
65,59801.79,702.3,0.0695,18904.75,employed,business,0.17049644823205282
34,48007.01,678.9,0.2349,7772.89,employed,debt_consolidation,0.37660653439298303
42,125275.07,762.4,0.0393,10642.3,employed,debt_consolidation,0.0776053283698293
57,33208.12,643.9,0.1315,15878.63,employed,business,0.3375072076518014
32,22065.67,729.5,0.4016,14152.63,employed,business,0.5499256811062971
58,42503.27,692.6,0.2619,55484.67,self_employed,medical,0.8365588494616546
28,27453.54,707.7,0.3623,9564.85,employed,medical,0.6042708248138488
57,27716.97,612.6,0.2711,2728.43,employed,debt_consolidation,0.392409298212187
28,42288.99,811.1,0.1444,60000.0,unemployed,debt_consolidation,0.8931939007985611
65,53979.69,685.2,0.4438,9917.69,employed,debt_consolidation,0.3898045393964343
64,55158.23,850.0,0.2574,16704.59,employed,business,0.11418220736878222
45,94274.73,708.1,0.1931,31168.71,employed,debt_consolidation,0.37977900013109744
61,31970.81,621.5,0.1309,27686.59,employed,home_improvement,0.3929767763378506
45,29679.89,679.6,0.4273,19402.19,retired,education,0.6477415386347762
30,27068.16,694.2,0.243,19189.72,employed,home_improvement,0.44448368268749416
51,72942.85,671.9,0.2787,6265.16,unemployed,education,0.5841088890863201
33,66247.01,627.7,0.2782,23422.44,retired,home_improvement,0.6288975242935789
31,30408.36,680.6,0.292,18902.13,self_employed,debt_consolidation,0.6569494479228533
63,47918.75,647.0,0.0597,17024.27,employed,home_improvement,0.1837084106135247
34,75931.42,707.7,0.2467,13619.89,employed,debt_consolidation,0.34262196800453754
51,38452.93,644.5,0.189,8816.02,employed,debt_consolidation,0.34059755802123926
34,78473.0,612.4,0.1495,16698.21,employed,home_improvement,0.36685056864225085
69,54249.03,762.9,0.3835,13921.24,employed,business,0.23508558335750843
36,89630.63,761.5,0.3753,12009.41,self_employed,debt_consolidation,0.371819290242579
55,22642.13,711.8,0.2231,22186.23,employed,home_improvement,0.3088272210188862
33,92178.66,711.2,0.3042,9537.6,employed,education,0.26121289818300014
59,76438.3,645.4,0.0263,17754.61,unemployed,debt_consolidation,0.5536880448848485
31,60884.45,682.0,0.092,34691.21,self_employed,home_improvement,0.497827475152296
28,25939.77,681.0,0.2063,18556.06,unemployed,debt_consolidation,0.8445877846743092
27,65442.46,706.2,0.1436,11603.07,employed,debt_consolidation,0.2990270730314973
25,99179.74,666.1,0.2378,19741.03,employed,debt_consolidation,0.4733099595327857
41,148964.45,726.8,0.1375,38272.02,employed,debt_consolidation,0.29466653210740357
36,81087.89,521.3,0.5364,8961.68,employed,debt_consolidation,0.8122757987711232
42,35558.37,673.6,0.0879,9493.72,employed,home_improvement,0.20573426235540276
38,25574.39,696.6,0.1311,18111.35,unemployed,debt_consolidation,0.7465040253478464
51,44034.23,711.5,0.4759,9920.0,employed,debt_consolidation,0.4634199103810686
37,47871.37,726.8,0.1362,26032.45,employed,home_improvement,0.2954312000282108
56,24816.17,688.0,0.0898,19209.54,self_employed,home_improvement,0.2752152874634246
64,54011.51,678.0,0.081,17804.45,employed,debt_consolidation,0.21142328987317377
23,30583.94,677.1,0.1704,32587.31,unemployed,debt_consolidation,0.9052275122921586
57,85630.37,688.6,0.2308,2703.52,employed,medical,0.21795921151517475
61,110014.19,599.1,0.2137,4863.78,employed,business,0.2290994016370615
39,48556.92,756.6,0.1441,10884.33,employed,business,0.19714772262544225
54,112655.26,615.3,0.2259,7440.16,employed,business,0.2590379052670746
23,22928.4,804.1,0.1533,20219.26,unemployed,debt_consolidation,0.6896186135228081
56,124576.41,642.5,0.0935,32480.59,employed,education,0.25636815282037273
56,74584.55,751.9,0.2952,20234.84,self_employed,home_improvement,0.25510681430381854
62,65023.55,666.7,0.1188,30862.76,employed,debt_consolidation,0.3553858298350032
31,33182.53,638.5,0.1625,7335.11,employed,home_improvement,0.3403339707756314
66,57189.64,726.3,0.2661,25698.44,self_employed,debt_consolidation,0.385249196797362
28,72295.42,659.7,0.0125,12622.69,employed,medical,0.33679624248318607
47,15000.0,807.3,0.4666,33654.69,employed,education,0.5351458156567783
24,86074.86,691.9,0.4063,9240.13,employed,business,0.48866850779734133
58,41079.5,665.3,0.1622,16291.72,employed,debt_consolidation,0.3169808433477264
48,17495.21,642.8,0.352,31309.02,employed,home_improvement,0.6756392873874631
69,22240.43,708.3,0.3164,21562.59,employed,business,0.3925589798780076
40,59810.01,545.5,0.0716,7778.5,employed,medical,0.5024006175310562
63,44519.96,735.6,0.1995,12460.43,employed,debt_consolidation,0.18943250565042152
40,54920.12,686.1,0.1124,10228.97,employed,business,0.25091529325106343
63,87560.27,742.0,0.3972,5122.04,employed,education,0.1490700749364409
54,113561.38,744.7,0.265,19936.86,employed,home_improvement,0.1549721739610013
51,32582.97,603.3,0.1554,18137.41,employed,debt_consolidation,0.49106675986416976
27,57511.46,666.7,0.1267,28442.47,employed,home_improvement,0.44626952769786365
22,42518.68,761.6,0.2272,17025.75,employed,business,0.383695265509243
54,36135.41,774.9,0.1637,6263.83,employed,debt_consolidation,0.13374309632310274
32,99840.78,804.4,0.5308,4923.06,employed,business,0.288052208636852
22,63175.17,652.1,0.3261,11824.4,employed,debt_consolidation,0.5806130668346408
64,83330.81,633.6,0.0591,10588.99,employed,debt_consolidation,0.16790660549232284
50,50209.9,627.5,0.2328,2904.01,employed,home_improvement,0.25581863528594606
33,88535.78,672.1,0.1223,9767.35,employed,debt_consolidation,0.25630279152784347
44,39667.86,719.3,0.476,8248.9,self_employed,debt_consolidation,0.5513464861328682
37,42066.33,544.2,0.0869,24312.55,employed,business,0.6514194495764863
55,79528.49,561.4,0.2278,26804.19,employed,debt_consolidation,0.6065985648133476
45,69638.35,799.9,0.1869,20568.34,self_employed,home_improvement,0.18024999107116763
29,29162.14,635.8,0.4739,7216.62,employed,debt_consolidation,0.7087268721435671
62,83016.54,723.3,0.115,9243.0,employed,home_improvement,0.07978225148999471
69,84635.08,713.9,0.0408,11624.59,employed,education,0.06786893059923159
28,35559.73,722.8,0.181,13113.06,employed,debt_consolidation,0.36249347012287414
21,61189.75,729.4,0.2781,10322.02,employed,home_improvement,0.30837840337324834
64,63097.76,804.2,0.0687,7503.06,employed,debt_consolidation,0.05743121692634983
64,41825.98,664.5,0.3975,14616.42,employed,business,0.45855606049935355
68,124639.45,694.3,0.1204,20511.35,employed,business,0.135117786059577
60,64650.07,711.5,0.1333,39685.62,self_employed,home_improvement,0.3699435806897718
55,52741.27,625.2,0.4169,15233.47,employed,business,0.5811970028120974
63,90588.68,704.3,0.2578,10373.84,employed,business,0.1832160783734448
23,31437.41,667.6,0.3108,24217.54,employed,education,0.6506952590305963
57,81299.28,589.9,0.0754,3820.57,employed,business,0.20423110227205288
68,71642.97,671.8,0.0289,9475.97,unemployed,business,0.3775366569591304
31,100506.07,692.2,0.4378,20722.78,employed,debt_consolidation,0.5751170634030318
58,72488.69,593.2,0.3766,14829.71,employed,home_improvement,0.4603780323499071
25,43419.37,700.3,0.3386,11911.88,employed,education,0.45571323042862666
64,51233.95,717.5,0.2805,10744.66,self_employed,education,0.23605665445934607
27,109867.85,660.6,0.1064,12177.86,employed,home_improvement,0.20741782177507218
47,30100.62,695.5,0.2415,12497.56,employed,debt_consolidation,0.3668669920024689
64,60980.64,698.1,0.2698,29992.84,employed,debt_consolidation,0.41451296531139353
41,42958.53,671.8,0.4663,17851.14,retired,debt_consolidation,0.7321754773449118
23,67596.21,693.6,0.2704,60000.0,unemployed,debt_consolidation,0.9658913260662472
58,36742.87,758.4,0.407,24585.7,employed,medical,0.5275142325039855
24,33433.74,717.4,0.1178,6683.13,employed,debt_consolidation,0.28642417150069005
36,55169.91,628.3,0.4166,16294.73,unemployed,home_improvement,0.8758278055906366
52,47327.63,637.9,0.4941,60000.0,unemployed,education,0.9778219793095095
47,79105.22,698.0,0.114,5111.52,employed,debt_consolidation,0.15301926926859727
47,57082.36,693.9,0.1884,10966.81,employed,debt_consolidation,0.26918421404648585
65,15000.0,732.6,0.184,16729.98,employed,business,0.2423339904258519
47,59317.4,652.2,0.2863,10999.14,employed,debt_consolidation,0.4102856665957473
57,128917.78,653.5,0.3158,39095.05,employed,home_improvement,0.44388959482093204
27,65977.7,763.6,0.2005,37796.46,employed,business,0.4987650293578106
53,48981.27,657.5,0.5506,9364.72,employed,home_improvement,0.5105772079009148
39,37610.36,693.8,0.4454,15486.69,employed,education,0.5343138840733063
21,35054.32,654.5,0.0841,16727.84,employed,debt_consolidation,0.4771232885540592
60,114338.46,719.0,0.3289,12049.49,employed,debt_consolidation,0.20060374435802078
34,59996.28,663.8,0.208,13911.62,employed,education,0.3521742235209351
38,123920.45,579.1,0.0217,11419.48,employed,home_improvement,0.19503838034146376
61,51179.02,740.9,0.1193,19089.41,employed,debt_consolidation,0.18160136654022568
51,56630.23,574.8,0.2553,42276.33,employed,medical,0.8419862192921714
33,95754.0,652.3,0.1938,32994.04,employed,business,0.5563867328235571
36,119441.16,648.5,0.2287,19895.42,employed,home_improvement,0.31669996043838294
24,50937.96,651.4,0.3231,16925.96,employed,debt_consolidation,0.6428693555683213
24,185642.09,636.0,0.1474,5729.36,unemployed,education,0.4536831010889664
39,46470.36,635.1,0.4133,16106.85,employed,business,0.6628657667704584
23,129917.44,616.9,0.1504,15495.71,self_employed,debt_consolidation,0.4662537665630054
33,41353.95,658.2,0.0395,24506.12,employed,business,0.42950669231539085
69,38263.77,653.1,0.1592,5322.17,unemployed,debt_consolidation,0.5470523140217596
52,34557.61,661.7,0.2071,5780.4,employed,home_improvement,0.22977975582254437
50,148436.81,611.4,0.2345,15953.94,employed,debt_consolidation,0.30848071643233865
57,38877.66,746.4,0.1921,9796.76,employed,business,0.17940972896398336
28,22279.84,597.0,0.0609,20712.58,retired,debt_consolidation,0.6686599650335078
48,17822.01,697.3,0.2598,8153.37,employed,debt_consolidation,0.3540045500340909
55,44284.05,655.5,0.4892,10449.05,self_employed,debt_consolidation,0.6320737380326302
65,56942.06,682.9,0.1778,5452.83,employed,debt_consolidation,0.17130372560927293
26,72790.75,793.3,0.2689,12998.81,employed,home_improvement,0.1976391233128283
47,61960.8,711.9,0.3012,14720.07,employed,debt_consolidation,0.35050334747119194
42,37004.48,743.7,0.2255,10732.51,employed,education,0.22026144781033982
52,52323.13,764.0,0.1319,11348.15,employed,home_improvement,0.10548981558990497
27,41027.84,719.0,0.4061,6823.44,employed,business,0.4860631717361088
54,78642.52,719.3,0.2215,9599.21,self_employed,medical,0.3028673783160388
59,50792.93,786.8,0.1089,12214.39,employed,business,0.10452197874400783
68,32862.27,661.3,0.3746,5688.17,employed,debt_consolidation,0.35671781411258685
55,54187.44,743.0,0.1227,41179.84,retired,debt_consolidation,0.4646791468668163
34,130340.93,850.0,0.5346,10522.58,employed,debt_consolidation,0.22181399315402067
44,47124.23,673.0,0.1176,23274.03,employed,education,0.32803598867536077
37,29651.97,741.1,0.332,12882.89,employed,business,0.4128638090117793
52,34910.7,759.9,0.2148,13409.59,employed,medical,0.28896521488244986
42,74593.26,720.4,0.1742,24548.92,employed,debt_consolidation,0.3308163616041909
40,68701.34,712.7,0.2038,18416.11,unemployed,business,0.6940764741608609
38,40037.51,717.9,0.2025,14098.58,employed,business,0.33438178929470386
52,22452.46,608.9,0.0295,46218.63,employed,debt_consolidation,0.6723307960355139
64,35245.3,620.4,0.2146,7446.78,employed,home_improvement,0.2546413583693562
37,47344.01,736.4,0.0375,2764.61,employed,education,0.10170194647494965
43,35952.4,726.3,0.2634,5588.95,employed,debt_consolidation,0.27963299540401343
53,126125.22,658.4,0.0906,9008.99,employed,home_improvement,0.0991115898140224
55,41954.02,740.7,0.1474,35024.44,employed,home_improvement,0.28918726120177973
24,29506.02,782.2,0.1621,31271.08,employed,debt_consolidation,0.4569227441054243
64,23078.91,686.2,0.2156,15075.0,unemployed,home_improvement,0.6020219547776148
44,85966.1,663.6,0.0905,60000.0,self_employed,home_improvement,0.6689645960315636
58,82881.3,612.0,0.1897,5960.75,self_employed,debt_consolidation,0.32103698833886224
30,40011.92,606.7,0.2933,10523.62,self_employed,debt_consolidation,0.6888289608618169
44,37715.21,687.4,0.1621,3395.06,employed,debt_consolidation,0.24192511102312442
27,22584.12,801.5,0.0773,57810.74,retired,business,0.6900110093424723
37,42239.42,659.6,0.0647,8553.57,self_employed,business,0.33708266824365296
22,94779.67,695.2,0.0873,12441.93,employed,education,0.20707911132552562
64,72181.23,709.1,0.3468,12013.48,employed,debt_consolidation,0.2688776659784081
37,105723.35,731.1,0.6557,11190.16,employed,home_improvement,0.4603681562380439
66,19383.33,640.7,0.1291,18987.89,unemployed,home_improvement,0.6449484190774599
47,37207.27,661.9,0.2479,9713.08,employed,home_improvement,0.30685056365275293
28,29229.65,678.4,0.3976,6500.16,retired,home_improvement,0.5654886541555953
49,61088.82,710.1,0.2891,11094.89,employed,debt_consolidation,0.3026245156260047
56,24302.39,723.1,0.1524,20152.04,employed,home_improvement,0.22133907601666447
44,111709.99,619.7,0.2325,24033.41,employed,home_improvement,0.38193938274462996
55,15097.9,639.1,0.3676,23206.67,employed,debt_consolidation,0.6702727928770741
32,73894.29,782.9,0.0739,3018.16,self_employed,debt_consolidation,0.12930282640591667
65,131510.32,652.1,0.0756,17599.55,employed,debt_consolidation,0.14318375505553332
24,104106.22,656.0,0.3544,9815.24,self_employed,medical,0.6365930124247254
46,53384.49,620.4,0.1765,11927.58,employed,home_improvement,0.3159907455024486
58,35132.67,614.1,0.1407,2897.11,employed,home_improvement,0.20640823679984688
53,40474.83,738.3,0.2018,22766.12,employed,home_improvement,0.2404599624048187
44,118134.92,705.0,0.3532,11730.35,employed,debt_consolidation,0.29125573407303407
35,32758.63,566.8,0.1716,10400.12,employed,home_improvement,0.4864421512620094
34,107451.64,658.0,0.2055,6556.81,employed,home_improvement,0.2071224858221176
26,92112.73,631.3,0.4686,11959.81,self_employed,education,0.6630050604749506
50,58549.36,699.3,0.221,13036.8,employed,business,0.2812571807255117
51,91389.46,679.3,0.2668,28635.09,employed,home_improvement,0.35447287785661347
55,54180.13,678.3,0.357,35323.08,self_employed,business,0.7006159415420906
28,45077.5,693.2,0.1205,25899.32,employed,debt_consolidation,0.4758810337398305
26,42410.14,768.1,0.1219,13927.82,self_employed,debt_consolidation,0.3120540654606953
25,27712.9,710.4,0.2019,28370.76,employed,debt_consolidation,0.5911990705566829
32,117283.06,680.2,0.3043,18539.94,unemployed,debt_consolidation,0.7738793348893391
39,40958.68,536.8,0.1814,7201.78,employed,business,0.5642857686676458
57,23936.23,738.4,0.2668,6590.7,employed,home_improvement,0.17397658999057936
37,42220.15,721.6,0.2107,15259.8,retired,education,0.3630980914956741
39,119379.5,786.5,0.1617,40021.6,employed,business,0.28866908082422105
43,33115.96,635.5,0.2081,18552.25,employed,debt_consolidation,0.5245418386752736
38,90977.04,681.1,0.1222,23545.77,employed,home_improvement,0.25951546528240327
26,18966.41,821.9,0.4057,58929.31,employed,debt_consolidation,0.8307536687339535
65,15000.0,710.7,0.0802,40528.75,unemployed,debt_consolidation,0.7747730719099873
48,74554.7,612.0,0.3287,29668.67,employed,home_improvement,0.5885839593405989
25,15667.93,619.2,0.4178,35029.61,employed,debt_consolidation,0.8981849786288394
59,33483.4,824.3,0.0785,27319.26,unemployed,debt_consolidation,0.45461958140456976
67,60533.92,658.2,0.4505,28880.06,unemployed,debt_consolidation,0.8839481810754019
27,53591.75,654.6,0.2087,9273.27,employed,home_improvement,0.3515446871548261
47,78004.96,707.9,0.21,28057.63,employed,business,0.377827612717177
25,33892.54,697.6,0.2834,19802.12,employed,debt_consolidation,0.5844176956016366
67,35024.2,676.3,0.1776,8227.39,employed,education,0.17268227235376685
60,98215.16,587.5,0.0993,43667.69,self_employed,debt_consolidation,0.6302559695775615
28,78530.68,701.0,0.1659,26295.82,self_employed,business,0.5064188533933717
60,87868.76,578.7,0.2472,14071.45,employed,home_improvement,0.33105564101270907
49,89951.66,642.0,0.3933,8990.89,employed,debt_consolidation,0.4298521855205284
43,89374.67,622.1,0.1197,8940.32,employed,debt_consolidation,0.27622133746368677
57,23763.05,702.2,0.0272,11349.54,employed,debt_consolidation,0.17318095900932776
57,29552.25,639.5,0.2018,17285.03,employed,home_improvement,0.3430584530661628
66,104746.48,707.5,0.1366,8623.4,self_employed,debt_consolidation,0.1326577679103112
29,24761.47,699.9,0.3968,6799.47,self_employed,home_improvement,0.5220043882612612
61,114845.85,728.0,0.5916,6516.75,unemployed,home_improvement,0.599348010485979
21,44628.07,735.1,0.191,27229.42,employed,business,0.5071464972106399
50,62102.42,749.6,0.4723,60000.0,retired,debt_consolidation,0.8669081125405392
36,21786.91,678.3,0.1419,15154.85,employed,home_improvement,0.3277371555943961
58,43909.37,710.6,0.4695,7729.27,retired,debt_consolidation,0.4819110052875542
40,78263.57,651.5,0.403,10186.18,employed,home_improvement,0.414118686287181
61,50021.03,685.1,0.3203,41787.44,employed,education,0.572081836339592
49,50978.42,746.1,0.1099,9247.42,unemployed,debt_consolidation,0.456691427750481
53,23592.96,742.9,0.2512,24952.15,employed,debt_consolidation,0.3970003124673889
67,128245.88,704.1,0.2322,7715.53,employed,medical,0.15027536304663594
53,67437.98,688.6,0.1127,4435.48,employed,debt_consolidation,0.15285541040751158
54,45809.69,725.4,0.116,24247.79,employed,home_improvement,0.20457903193685203
39,22090.56,703.9,0.3231,5791.6,employed,home_improvement,0.3246869393494557
38,56296.45,701.3,0.2204,4561.13,unemployed,home_improvement,0.5446482427622683
60,61315.96,654.2,0.2641,10206.3,retired,business,0.3826739215386232
21,41557.16,561.0,0.1436,10877.51,employed,debt_consolidation,0.6252342267353044
64,17741.67,604.5,0.2547,6487.17,employed,education,0.3462743007800082
47,125930.02,738.0,0.4178,13029.27,employed,business,0.2683185954591651
62,59456.61,622.5,0.2068,12422.07,employed,debt_consolidation,0.33409584457254454
69,55153.33,714.7,0.117,10564.36,employed,home_improvement,0.09533072060960954
57,38148.85,739.2,0.1525,29678.36,employed,debt_consolidation,0.3227344858679113
32,46420.47,628.7,0.1617,15286.23,self_employed,debt_consolidation,0.5684113184455545
66,57862.06,612.7,0.244,11311.88,employed,debt_consolidation,0.3526311405928123
53,21677.68,739.2,0.3079,17035.6,employed,home_improvement,0.29407307284834827
43,27850.18,561.4,0.0974,34955.74,unemployed,debt_consolidation,0.9270797717386993
34,130174.86,706.8,0.4451,17504.29,employed,debt_consolidation,0.44633999227682564
45,25184.78,737.6,0.0316,6230.02,employed,home_improvement,0.10507724563033824
64,15000.0,680.0,0.0479,13689.05,self_employed,business,0.26088658563747397
42,77378.56,675.9,0.2326,10241.05,employed,education,0.25376158572838703
61,47377.43,673.9,0.2631,25398.29,self_employed,debt_consolidation,0.5209311499319443
33,23414.95,798.1,0.123,18398.55,employed,home_improvement,0.18503482026486417
43,21627.38,621.8,0.2163,11470.89,employed,education,0.43455476395618675
24,45565.14,706.3,0.183,11131.53,unemployed,debt_consolidation,0.7394528012511637
30,99652.86,736.8,0.0529,5468.05,employed,home_improvement,0.08641655629971648
22,35887.37,619.2,0.2461,17242.94,employed,debt_consolidation,0.6752130877480407
45,64632.91,652.7,0.0626,3789.05,employed,debt_consolidation,0.18943103881689446
57,36013.72,646.4,0.1926,11483.91,employed,home_improvement,0.2634741970388794
38,71470.29,722.4,0.1287,11802.95,employed,business,0.209689147219637
21,62804.55,608.8,0.3834,14618.66,self_employed,debt_consolidation,0.7828482165881566
41,55714.46,518.2,0.2947,6581.26,employed,debt_consolidation,0.6528461283809693
45,55495.96,625.3,0.3857,23662.91,employed,debt_consolidation,0.688057027602001
37,57404.58,639.8,0.1761,41548.15,employed,home_improvement,0.6202642444448556
44,16900.19,690.5,0.4228,16047.44,retired,business,0.6805457068559485
53,61484.11,566.6,0.187,8786.56,self_employed,business,0.4876253561651965
56,93037.34,750.3,0.2538,2851.66,employed,business,0.11585562462530183
25,50936.2,616.7,0.1267,6263.64,employed,home_improvement,0.3358781432252543
43,36975.39,694.1,0.3147,10956.03,employed,education,0.35525620958303256
27,26640.84,579.4,0.1088,11133.95,self_employed,debt_consolidation,0.633110273017104
59,28713.05,763.0,0.0822,16409.46,employed,home_improvement,0.11334189637660429
24,41858.36,730.9,0.0863,24243.87,unemployed,debt_consolidation,0.7505683662865508
42,62356.09,717.1,0.1068,33792.93,employed,debt_consolidation,0.39378476586148764
32,57123.26,668.0,0.0846,12738.29,employed,debt_consolidation,0.3161462857352912
51,15000.0,677.6,0.1275,18252.54,employed,debt_consolidation,0.3684082796105188
46,50151.81,613.6,0.5666,19167.7,employed,debt_consolidation,0.7932854249365687
65,121226.46,737.0,0.2323,14866.9,employed,debt_consolidation,0.1301076586358896
30,45384.49,587.2,0.3696,57342.56,self_employed,home_improvement,0.940688528860281
56,75886.71,746.2,0.1936,5609.51,employed,debt_consolidation,0.12594021397423072
58,47567.93,726.2,0.1924,9488.84,employed,home_improvement,0.13987726989508437
56,36086.46,655.2,0.3317,38559.4,employed,business,0.7102603671974732
59,138418.57,675.4,0.1624,41120.04,employed,debt_consolidation,0.35592297162928277
33,44330.69,666.5,0.1882,14494.85,employed,education,0.3708773289933191
31,38598.21,666.7,0.1341,28290.16,employed,business,0.5522567796455101
42,48330.88,644.0,0.152,1461.68,employed,debt_consolidation,0.27318752728535517
56,82157.3,699.9,0.1514,5732.2,employed,education,0.11174219696949057
60,47004.54,606.1,0.4191,18412.94,employed,debt_consolidation,0.639037770713586
23,54982.28,739.3,0.2918,20608.36,employed,debt_consolidation,0.4929758798476307
29,15000.0,741.4,0.01,2796.39,employed,debt_consolidation,0.1687301532933491
69,43941.26,674.8,0.0997,9298.12,employed,debt_consolidation,0.1661623100046651
37,33766.57,720.8,0.44,6264.83,employed,business,0.4667365060983592
66,42091.95,723.0,0.1844,10253.41,employed,home_improvement,0.12796387543305648
42,70954.07,657.2,0.1967,8880.15,employed,debt_consolidation,0.3127867655945757
33,65028.86,650.4,0.2622,5637.26,employed,business,0.39546872779760617
22,68216.78,740.7,0.2728,14181.96,employed,home_improvement,0.3046373248586715
37,51800.18,548.2,0.3025,15990.2,employed,debt_consolidation,0.7211615835487728
21,21846.74,610.7,0.1408,10021.47,employed,debt_consolidation,0.5633478326501592
44,54123.72,687.3,0.0511,7533.37,employed,home_improvement,0.13533448542496643
57,54213.07,643.7,0.1847,7082.72,self_employed,home_improvement,0.2550914740315476
28,214037.29,733.2,0.1748,14981.96,employed,debt_consolidation,0.11907885919162332
26,52385.79,678.4,0.2706,5792.6,self_employed,debt_consolidation,0.49362838938657394
53,38029.79,639.2,0.3144,12685.3,employed,debt_consolidation,0.48535614775442115
30,57752.5,678.8,0.0849,8087.2,employed,business,0.26282242159178226
44,17082.39,752.1,0.168,16102.71,self_employed,medical,0.4291909105317505
58,26073.83,533.6,0.3426,10423.64,employed,home_improvement,0.5856454592267983
24,35270.32,656.0,0.2413,18968.47,employed,business,0.6112418834929135
65,106502.06,800.3,0.1051,25374.84,retired,debt_consolidation,0.12745375029522338
55,89921.48,672.7,0.0673,6930.18,employed,debt_consolidation,0.13338789368692053
57,16019.47,670.4,0.3158,60000.0,employed,debt_consolidation,0.8569876854417161
54,84839.45,709.0,0.2749,8696.35,employed,debt_consolidation,0.2184888211044217
44,34564.96,601.1,0.3542,25601.91,self_employed,debt_consolidation,0.8056756151416481
26,30520.16,667.4,0.2143,11105.45,employed,home_improvement,0.39999263555055425
43,47989.68,684.1,0.255,11515.18,employed,home_improvement,0.2937770749116455
51,82322.8,618.4,0.2259,10371.59,employed,debt_consolidation,0.3496109653050768
66,76980.33,618.0,0.2174,3241.46,employed,debt_consolidation,0.22603751890293944
36,115980.08,558.1,0.1307,26692.24,unemployed,debt_consolidation,0.8568962845547436
32,33458.29,634.4,0.2859,14528.47,employed,education,0.5403159208288937
45,46273.67,622.2,0.1816,10618.09,unemployed,debt_consolidation,0.7643505836182416
47,31834.53,709.0,0.4981,6661.07,employed,medical,0.5795305940064502
42,22966.03,743.0,0.4192,5253.0,employed,debt_consolidation,0.3984477418920109
21,107363.25,767.6,0.177,4887.01,unemployed,debt_consolidation,0.4702962157657651
52,15000.0,710.8,0.2724,9240.08,employed,debt_consolidation,0.33714851918228944
57,26393.05,751.2,0.1483,15956.37,employed,home_improvement,0.15515492336975628
24,63075.27,823.5,0.3619,22045.23,employed,home_improvement,0.31059001988504376
60,89543.3,648.1,0.2291,8933.1,employed,debt_consolidation,0.24183920143507645
31,25991.71,677.7,0.0895,22275.63,employed,business,0.45492075300992907
24,69945.4,694.8,0.1318,10424.79,unemployed,home_improvement,0.5886283608255354
57,28937.3,744.6,0.1861,7303.55,employed,home_improvement,0.1304757843810713
42,50252.19,764.3,0.5056,11055.73,employed,education,0.37184100933052444
51,111611.71,715.7,0.058,22010.99,self_employed,home_improvement,0.1483765630662688
68,83803.69,678.2,0.289,22550.18,employed,business,0.3239975467274267
52,49965.51,694.5,0.1617,26278.5,unemployed,business,0.7357645894403616
63,37159.12,694.0,0.1025,3982.65,employed,business,0.14083424504364003
43,77713.42,728.9,0.1201,38724.63,unemployed,debt_consolidation,0.7587357855605459
62,73655.67,644.6,0.1412,21159.59,unemployed,home_improvement,0.5885610553545528
23,34457.81,626.6,0.5242,7722.54,employed,business,0.7719765647623615
67,31031.21,651.4,0.0748,24029.7,employed,home_improvement,0.24422712005828515
57,60048.59,517.9,0.4691,9967.16,self_employed,business,0.7817024737164764
43,34682.29,614.4,0.1048,56452.19,employed,education,0.7659375452980536
59,37842.39,540.1,0.4555,12296.58,unemployed,business,0.9279115683816168
27,35375.12,633.0,0.1485,17556.65,self_employed,home_improvement,0.5304619286218254
40,68436.54,625.7,0.2818,14156.66,self_employed,business,0.5742487931384633
36,47803.66,749.9,0.3418,22544.0,self_employed,education,0.4831826189228808
55,62078.15,818.2,0.0915,22298.71,employed,debt_consolidation,0.11958890200040365
48,31903.15,612.5,0.1914,7107.62,retired,debt_consolidation,0.49080252788290746
23,38796.8,636.2,0.2303,33553.28,employed,debt_consolidation,0.766887831450925
45,29030.57,744.6,0.2697,8590.09,employed,education,0.23014650686274793
45,81420.27,636.1,0.2402,4270.06,employed,home_improvement,0.23378495738000976
51,44708.4,769.6,0.0735,35968.9,employed,home_improvement,0.21961145155310097
49,42335.27,734.6,0.3027,12704.87,employed,home_improvement,0.24623575620258234
51,46156.2,632.9,0.2142,16304.19,employed,debt_consolidation,0.44203113430855734
69,121224.84,609.4,0.1439,30116.91,employed,debt_consolidation,0.3289612935007448
28,48171.05,600.7,0.1782,18493.67,employed,education,0.5422522233925566
67,51407.72,640.0,0.3631,6293.3,employed,debt_consolidation,0.3606681800107163
46,50052.58,610.8,0.2525,25550.59,employed,debt_consolidation,0.6297722101161828
43,15257.05,644.9,0.1372,16612.14,employed,home_improvement,0.37121891138154933
51,29581.79,576.0,0.0816,18310.7,unemployed,home_improvement,0.7550021560837045
21,46997.09,749.8,0.4807,10426.57,employed,debt_consolidation,0.5589457255550877
61,62943.48,706.0,0.0582,15600.71,employed,medical,0.2013687850234058
68,32975.04,679.6,0.1063,16044.82,employed,home_improvement,0.16795616541368294
61,40077.63,737.6,0.1106,32917.73,employed,debt_consolidation,0.3009520590735492
61,45415.04,710.0,0.3311,9726.13,unemployed,home_improvement,0.5760994418323239
51,19798.38,736.1,0.1864,17320.88,unemployed,home_improvement,0.5854401898007713
25,48245.11,837.8,0.1562,43138.65,self_employed,debt_consolidation,0.5041498658340839
25,50048.49,670.0,0.0396,18198.26,employed,home_improvement,0.2944952042936717
29,47987.91,685.0,0.0932,29037.79,employed,debt_consolidation,0.48880541627450497
34,70946.78,675.1,0.051,13703.35,employed,debt_consolidation,0.258318070771722
39,26336.42,687.0,0.2738,28522.14,employed,home_improvement,0.5350876933002658
61,27642.98,630.5,0.2475,21361.27,employed,debt_consolidation,0.5109273129148834
26,56449.49,669.3,0.1277,12388.52,employed,education,0.3112836779302839
53,82811.06,627.3,0.2161,9490.91,employed,debt_consolidation,0.30888018935490064
44,41978.85,660.9,0.3279,8710.11,employed,medical,0.5373551753618795
69,37891.15,744.5,0.1193,8620.99,employed,home_improvement,0.08262218858908495
33,25062.7,680.5,0.1723,34588.38,employed,home_improvement,0.5566350987535681
54,126160.11,687.5,0.1382,41437.2,self_employed,debt_consolidation,0.4366157443251876
28,129357.17,622.7,0.1964,9441.78,employed,home_improvement,0.2620408713589354
50,26604.47,688.3,0.1745,8781.78,unemployed,home_improvement,0.5661266078547696
34,15000.0,667.5,0.3125,5980.06,employed,medical,0.5899167511394293
48,30192.55,637.8,0.3406,7134.33,employed,debt_consolidation,0.49538384025856125
29,74007.94,700.6,0.0317,11526.01,employed,debt_consolidation,0.21111499262388114
30,43943.59,694.6,0.2871,23700.1,employed,debt_consolidation,0.5869523234620811
21,85380.07,682.1,0.3981,26997.08,employed,business,0.6931569008092502
47,44342.91,644.3,0.0896,16887.37,employed,business,0.34228175482395506
37,39990.67,620.1,0.3835,28001.42,employed,business,0.7819204002669282
38,130066.38,760.1,0.2341,24784.01,self_employed,debt_consolidation,0.3019940832802333
56,39046.61,677.5,0.2251,12307.32,employed,business,0.3167268270357414
44,36139.0,716.6,0.1307,24436.06,employed,business,0.3551888752179482
65,56284.11,655.8,0.3119,18305.89,unemployed,education,0.7127862023123754
54,67140.93,785.0,0.3206,10944.54,employed,home_improvement,0.14084462223815175
21,54907.95,659.8,0.2684,7219.94,employed,debt_consolidation,0.4899068228986931
35,54715.57,668.3,0.2894,2633.7,employed,home_improvement,0.2907209426180985
33,101249.75,697.1,0.1849,28732.27,employed,home_improvement,0.3314513442764014
69,66664.04,724.2,0.3015,12101.1,self_employed,debt_consolidation,0.2613482975022673
60,69784.73,679.3,0.5186,10739.39,employed,debt_consolidation,0.4690436928890262
32,39605.28,770.5,0.4332,8871.08,employed,home_improvement,0.33273944735007627
67,47016.94,613.6,0.2948,18879.29,employed,home_improvement,0.39640253991443164
46,58719.86,674.7,0.2099,9280.44,employed,debt_consolidation,0.300842565465198
43,62463.22,621.3,0.1031,47443.87,employed,home_improvement,0.6102082824039912
69,74655.71,696.2,0.0774,33408.36,employed,debt_consolidation,0.2533529585489081
61,69194.24,547.9,0.169,28152.35,employed,education,0.5122847441330721
36,67759.06,761.9,0.0136,13320.39,employed,debt_consolidation,0.13440834589829817
61,88766.34,652.8,0.178,48607.87,unemployed,business,0.8610585745098789
55,94969.21,736.6,0.2651,10488.79,employed,debt_consolidation,0.17654193656381253
69,47756.27,584.6,0.4307,12813.7,employed,business,0.5769091635386457
36,28884.73,704.9,0.0523,30942.51,employed,debt_consolidation,0.4362881808227912
69,145203.23,694.7,0.3062,8156.13,retired,business,0.17115223534637183
27,56929.38,702.3,0.4014,22378.71,employed,debt_consolidation,0.6462344078506382
55,56870.67,628.8,0.0907,7190.23,employed,debt_consolidation,0.2330548274977979
50,34137.2,731.8,0.3539,18044.11,unemployed,debt_consolidation,0.7808284782960608
53,15000.0,654.9,0.3081,14864.05,employed,debt_consolidation,0.5193408369036435
32,54213.45,687.1,0.3945,20487.18,self_employed,debt_consolidation,0.6937185801450557
22,139515.83,738.8,0.4127,11094.87,employed,home_improvement,0.26592754322934187
44,39549.16,665.9,0.1645,10885.54,unemployed,home_improvement,0.6254479269247752
52,15000.0,612.7,0.1192,2515.46,employed,debt_consolidation,0.3163127476204986
62,30491.32,577.8,0.227,39483.39,employed,medical,0.8025772675498943
29,36638.72,747.6,0.2547,7994.01,employed,business,0.3189521630453966
21,45849.56,713.2,0.3962,22771.7,employed,business,0.6713729201287132
54,35809.4,568.5,0.4617,10568.24,employed,debt_consolidation,0.7086397811739213
62,42461.37,523.0,0.0743,23361.51,employed,debt_consolidation,0.5437356744871831
31,25218.64,713.6,0.3136,27866.57,employed,debt_consolidation,0.6469696898244022
51,25030.48,632.6,0.2757,15453.8,employed,business,0.5232680743128995
35,56459.23,669.9,0.2447,29908.49,employed,debt_consolidation,0.6077672783792747
34,84688.94,566.0,0.4072,60000.0,employed,debt_consolidation,0.9447451273303327
58,32209.65,686.4,0.2533,4138.8,self_employed,debt_consolidation,0.3207207401501375
52,68320.4,680.9,0.1369,11970.89,employed,debt_consolidation,0.22457865262252666
27,57990.94,723.9,0.3791,10085.42,self_employed,education,0.46197495758030027
41,39464.69,745.0,0.4068,20259.22,employed,home_improvement,0.42162319569540596
36,29333.37,730.3,0.1463,20771.03,employed,debt_consolidation,0.3670755606855083
59,40737.04,560.7,0.3204,7541.24,employed,debt_consolidation,0.5437054487533551
35,23949.33,686.5,0.4849,29516.16,employed,debt_consolidation,0.8022294501504801
59,60659.25,552.9,0.3385,25009.59,employed,debt_consolidation,0.7051906765997007
62,44958.62,618.4,0.2307,2881.74,employed,debt_consolidation,0.29711115921623127
69,26123.17,698.5,0.5105,4231.26,self_employed,debt_consolidation,0.4691428212378831
68,49935.41,802.2,0.0542,11302.76,employed,education,0.050091939164568194
37,59790.7,720.7,0.3758,7325.82,unemployed,debt_consolidation,0.7423831017385043
23,249571.28,581.7,0.104,1883.04,employed,home_improvement,0.09802304644535159
56,95543.19,660.6,0.1022,8400.52,employed,debt_consolidation,0.15924848701662725
58,40339.29,719.1,0.1835,44024.23,employed,business,0.5139161131163923
52,91700.71,701.6,0.2263,10059.05,self_employed,education,0.20813351683841053
36,39908.59,583.7,0.241,20728.45,employed,debt_consolidation,0.6871246834119413
22,55012.94,724.4,0.1206,43690.49,employed,debt_consolidation,0.6158139209529256
57,85307.23,742.3,0.09,18083.64,employed,business,0.1336545929192178
40,52191.69,647.1,0.1513,15268.4,employed,medical,0.4782391854103426
46,56292.56,594.9,0.0642,16366.72,employed,home_improvement,0.3068994902400105
33,47673.37,841.8,0.3443,20827.79,employed,debt_consolidation,0.3203385383866693
56,19464.27,667.7,0.3915,8713.19,unemployed,home_improvement,0.7510037113067862
23,83137.43,713.1,0.1091,16077.2,unemployed,debt_consolidation,0.6602823970634465
36,148063.17,593.4,0.0958,5522.55,employed,debt_consolidation,0.2155115833699205
34,63162.62,603.0,0.284,7390.32,employed,debt_consolidation,0.5233992656955684
58,63239.69,701.9,0.3336,19707.96,employed,debt_consolidation,0.38489115368881577
52,35743.04,750.9,0.0574,7165.82,unemployed,debt_consolidation,0.3952452590065838
46,78246.41,671.0,0.1366,26796.05,self_employed,debt_consolidation,0.4503543497167774
51,30172.82,708.6,0.208,9843.3,employed,debt_consolidation,0.2770232591492245
49,143858.65,727.6,0.2763,25904.33,employed,education,0.20923416766743202
65,29598.37,718.1,0.3782,14791.75,employed,debt_consolidation,0.37197922308613973
34,48288.65,698.9,0.2182,12181.44,employed,debt_consolidation,0.3710608552526203
28,140488.23,769.2,0.1261,13193.83,unemployed,debt_consolidation,0.4071574009023247
51,15671.41,627.2,0.0588,13072.16,employed,debt_consolidation,0.34742495099489906
34,71588.02,664.8,0.3676,9973.76,self_employed,debt_consolidation,0.5658951311664544
49,109968.21,668.1,0.1989,25281.79,employed,medical,0.42338800331456605
53,81854.28,647.7,0.1109,19455.77,employed,debt_consolidation,0.28912369121119846
56,20451.0,750.0,0.2754,14036.87,employed,debt_consolidation,0.29229709801770165
29,91921.62,738.9,0.1348,15830.84,employed,home_improvement,0.17253993917271523
38,88859.4,804.5,0.0924,5375.37,employed,debt_consolidation,0.07976312990856746
42,33672.52,606.9,0.4913,13926.81,unemployed,business,0.9344850020600821
27,29326.66,701.8,0.3365,18412.63,self_employed,debt_consolidation,0.6735233500596214
30,110775.33,733.1,0.1368,15288.81,employed,debt_consolidation,0.20668726573943902
33,39903.28,787.2,0.2414,7121.36,self_employed,home_improvement,0.2146347789734561
56,24124.07,654.0,0.1256,15591.19,employed,debt_consolidation,0.3398387214463534
45,160889.31,748.6,0.2399,36843.95,employed,debt_consolidation,0.28576686378494476
25,102605.41,606.4,0.2356,44128.74,employed,debt_consolidation,0.7898835684074906
54,111092.65,639.9,0.37,5749.09,self_employed,debt_consolidation,0.3850941143060932
50,45967.54,740.2,0.4695,13524.36,retired,business,0.5213651515063461
36,32950.43,626.2,0.3792,7225.21,employed,home_improvement,0.519695681039764
67,39284.12,723.7,0.2015,3600.06,unemployed,debt_consolidation,0.44474264700068117
62,26588.06,625.8,0.4213,17293.18,employed,education,0.5545918487718393
66,59371.56,618.3,0.0946,18083.84,employed,home_improvement,0.21957954815363284
46,29738.3,781.5,0.2918,18693.58,employed,business,0.3220179942455163
46,24470.19,576.2,0.3834,8365.51,employed,home_improvement,0.5893515760127741
30,269778.35,683.6,0.2485,12157.87,employed,business,0.11879130404589446
64,36800.45,676.2,0.1784,18771.22,employed,debt_consolidation,0.31350914268472074
27,76380.09,657.8,0.0381,13018.76,employed,business,0.2858073675743218
60,29120.3,705.7,0.2431,9801.57,employed,debt_consolidation,0.26823406337269556
35,148969.39,731.4,0.0928,49315.1,self_employed,education,0.38659069517567396
30,23400.83,672.8,0.4402,27744.4,employed,debt_consolidation,0.7995178733928466
42,35315.75,644.3,0.0199,2602.76,retired,debt_consolidation,0.2768252014869797
38,50249.5,728.3,0.2287,9538.28,self_employed,education,0.2862076945235722
36,105982.16,659.9,0.1155,22263.85,employed,debt_consolidation,0.33677421463002527
29,57764.25,765.1,0.2659,24985.64,retired,home_improvement,0.4225515706123419
69,41020.09,578.7,0.3152,18302.79,employed,debt_consolidation,0.5636990384947747
64,37031.65,723.2,0.0309,18589.38,employed,education,0.12515888958497853
69,40487.67,717.2,0.045,5847.41,employed,business,0.0944469567596529
25,15000.0,663.8,0.2974,32107.73,employed,education,0.7352671315338007
55,18157.47,692.8,0.2202,36967.51,employed,education,0.5156631687808152
21,64988.21,667.3,0.1063,25168.46,employed,medical,0.5824228321105595
34,49133.07,746.4,0.1897,10381.6,self_employed,debt_consolidation,0.3168948227595787
28,34742.87,725.2,0.1386,2067.98,employed,education,0.18631997538229464
35,27927.79,850.0,0.1221,16277.74,unemployed,debt_consolidation,0.4707996337855584
35,27144.19,731.4,0.3794,25220.06,employed,debt_consolidation,0.6205215367089418
34,51361.52,650.0,0.2875,4276.65,employed,debt_consolidation,0.43072625489544064
60,42870.02,568.7,0.2768,17946.04,self_employed,home_improvement,0.5714544924915032
64,99801.88,610.9,0.0583,7808.9,employed,debt_consolidation,0.1567136397686851
41,45000.27,701.3,0.0934,17737.72,employed,medical,0.36530731417488016
65,15671.43,836.2,0.4078,15196.47,retired,business,0.2979929169993439
67,98952.44,640.5,0.1777,12132.1,employed,debt_consolidation,0.20433561403822095
22,42928.1,543.8,0.298,11110.11,self_employed,debt_consolidation,0.8102944958829648
26,47450.87,691.6,0.3766,7454.47,employed,education,0.4450397549289866
42,48823.94,701.0,0.3966,10610.35,retired,debt_consolidation,0.5430038701539058
22,41732.3,651.3,0.2903,5224.7,employed,debt_consolidation,0.5245914936600473
35,114436.52,656.4,0.2138,44800.13,employed,home_improvement,0.5566877628982535
63,29693.68,686.9,0.2265,60000.0,employed,debt_consolidation,0.753212014069922
59,36670.74,697.3,0.3535,10520.95,employed,debt_consolidation,0.3631616534250007
25,40215.0,797.4,0.3839,6470.29,employed,debt_consolidation,0.3419606171095343
67,51354.23,752.1,0.1862,16732.94,employed,debt_consolidation,0.17019677655613977
34,49874.93,595.7,0.2143,8522.1,self_employed,debt_consolidation,0.5864392435262809
32,120809.05,707.0,0.0886,4500.38,employed,home_improvement,0.09411824423415331
38,42900.82,632.4,0.1275,17617.16,employed,debt_consolidation,0.45756885900551386
67,31241.67,622.6,0.0829,8167.12,employed,debt_consolidation,0.23341548409780338
68,53250.46,573.3,0.3148,12911.21,employed,debt_consolidation,0.4982400635556685
43,65197.83,711.5,0.1542,18417.17,employed,business,0.2813628645217519
30,44968.37,700.5,0.0841,24116.26,employed,business,0.39651516900866324
23,20955.95,747.2,0.2438,12631.54,retired,debt_consolidation,0.5032701362761558
51,41884.85,716.0,0.4591,9084.78,employed,education,0.3676420422712107
36,286212.12,640.3,0.3179,28581.78,self_employed,education,0.2731303199131464
51,45954.34,735.5,0.097,17544.4,employed,debt_consolidation,0.20588074812641163
58,33018.96,591.6,0.4086,10628.8,employed,home_improvement,0.525527059331893
54,71865.66,737.8,0.1616,58049.91,employed,debt_consolidation,0.5720873141713915
56,81350.36,593.2,0.2582,17611.22,self_employed,home_improvement,0.4523245364703255
33,48005.31,723.1,0.4406,15735.52,employed,debt_consolidation,0.5616055210755232
44,30842.71,692.7,0.3106,16195.31,employed,home_improvement,0.39304180314898257
32,44146.22,737.4,0.275,10617.0,employed,business,0.34831359799732176
65,234885.59,660.4,0.106,14143.58,employed,home_improvement,0.04410021575627132
68,89856.35,576.8,0.22,27241.0,employed,medical,0.5669784827115031
45,68013.72,669.9,0.0655,29380.54,unemployed,home_improvement,0.6602954482284616
25,45864.99,708.2,0.2754,19693.22,employed,home_improvement,0.4422368565576657
59,149091.58,721.2,0.3331,11415.78,self_employed,debt_consolidation,0.20240649925786083
38,55309.06,665.2,0.3755,3912.84,employed,home_improvement,0.35830003246977726
35,36908.49,593.4,0.1179,10244.05,employed,home_improvement,0.38245591461285516
52,45510.02,749.8,0.5512,12629.48,employed,debt_consolidation,0.4787336481567713
60,25912.82,779.6,0.4607,25494.31,employed,home_improvement,0.3849907031568433
22,163415.67,691.1,0.1336,30768.97,self_employed,home_improvement,0.32900813384701133
58,34710.56,583.4,0.4389,48889.95,employed,debt_consolidation,0.9028935421643483
29,16806.44,681.0,0.1203,19998.53,self_employed,debt_consolidation,0.5600074507743279
43,23335.28,650.3,0.141,13452.41,employed,home_improvement,0.32073028335440606
40,23560.7,653.4,0.439,18578.48,employed,home_improvement,0.6346065979787907
40,74594.35,756.7,0.2453,29117.66,employed,business,0.37470921274425834
60,33321.94,700.4,0.4598,21661.79,employed,medical,0.642350227681406
44,46438.02,709.3,0.148,16223.21,employed,home_improvement,0.22251997573968238
66,98841.75,644.9,0.1559,6513.64,employed,debt_consolidation,0.15684431306274813
38,40770.37,661.2,0.3189,22515.85,employed,debt_consolidation,0.6252042533614237
27,31806.21,574.8,0.1132,3321.91,employed,home_improvement,0.3930850807819734
61,117855.58,725.1,0.2809,4446.19,employed,education,0.09529026655444078
64,89386.31,798.8,0.218,25276.21,employed,medical,0.20233604931074795
50,76202.32,656.0,0.2686,53186.74,unemployed,home_improvement,0.9094546040697093
43,65749.84,646.2,0.2465,9755.4,employed,home_improvement,0.30123483647692434
28,65006.66,743.3,0.2423,9958.05,retired,home_improvement,0.28888038993915477
42,117525.81,637.4,0.3223,5328.54,self_employed,medical,0.4748230011597666
56,68049.19,622.1,0.2503,10531.31,employed,debt_consolidation,0.3655997740367209
21,47524.54,662.0,0.1479,43011.6,employed,education,0.6892404271510488
52,24972.35,643.8,0.0783,25061.94,employed,home_improvement,0.3444371452653112
41,163302.54,637.5,0.3323,29825.89,employed,debt_consolidation,0.5008739651913775
46,65581.69,672.6,0.0931,30571.34,employed,business,0.3959692134124404
62,138131.13,625.7,0.2062,5130.23,employed,home_improvement,0.11783998483301909
35,35832.27,695.8,0.2614,11117.21,employed,home_improvement,0.3345882241508224
35,36437.84,633.5,0.0848,2736.94,employed,debt_consolidation,0.30222517673364435
31,117774.29,675.4,0.4201,5791.65,unemployed,debt_consolidation,0.7604182103526542
31,35779.78,683.5,0.2399,16260.1,employed,debt_consolidation,0.4995705105050904
59,36121.93,611.1,0.223,60000.0,employed,debt_consolidation,0.8455692856546335
40,31290.1,628.9,0.3902,10844.18,employed,debt_consolidation,0.632420904924355
46,54826.98,744.7,0.2084,18846.53,employed,debt_consolidation,0.28216275605132635
67,26728.39,625.2,0.5071,21562.14,employed,debt_consolidation,0.7068143508022429
61,44382.93,593.1,0.1451,46314.48,employed,debt_consolidation,0.7059885978733127
64,15545.93,669.2,0.1214,10927.96,employed,medical,0.31672532912851875
24,134062.48,684.8,0.0762,36679.04,employed,home_improvement,0.32664981905664836
35,54897.92,571.9,0.2957,22203.45,employed,medical,0.7949346845901273
34,51105.66,697.0,0.1915,9371.76,employed,home_improvement,0.24700111990415866
69,64144.94,591.2,0.1202,24147.57,employed,debt_consolidation,0.38717319626423663
46,94774.75,718.9,0.097,4263.53,employed,debt_consolidation,0.11267755179143293
62,92465.73,665.2,0.0635,27668.32,employed,business,0.2396448980459329
49,33002.15,612.6,0.2234,44003.08,employed,debt_consolidation,0.7791704185238117
32,44441.96,753.4,0.3277,7071.67,employed,business,0.32937923396807867
28,27373.1,712.2,0.1403,16101.53,employed,business,0.3863474003734666
47,60052.79,673.1,0.5011,11287.72,employed,education,0.4894673762418721
53,145148.62,719.0,0.2183,15263.11,employed,debt_consolidation,0.15080089626238724
21,65714.64,623.8,0.2049,5306.77,self_employed,home_improvement,0.4411016993574328
39,44889.36,646.7,0.2646,24344.21,retired,home_improvement,0.6027471869244538
44,60736.11,713.2,0.1486,26197.54,employed,business,0.3476233017232347
58,48779.88,598.1,0.2257,9866.89,employed,debt_consolidation,0.4065015787621455
46,85068.67,718.3,0.3596,5367.41,employed,debt_consolidation,0.26628948760934107
34,28340.06,683.6,0.3061,11401.48,employed,home_improvement,0.4140834197350255
24,15909.28,716.9,0.0904,3896.04,employed,business,0.2674820385861622
45,74624.65,763.2,0.1393,60000.0,employed,debt_consolidation,0.5694978510511312
66,29191.78,641.2,0.331,28313.08,employed,debt_consolidation,0.6055920168274475
39,57632.04,565.3,0.3536,6470.66,employed,debt_consolidation,0.6256498675323584
25,21523.94,748.5,0.1149,7567.96,self_employed,home_improvement,0.24663183585324272
31,81255.23,565.1,0.0782,12413.31,employed,education,0.3771668355306127
22,78826.65,723.4,0.2215,3457.63,employed,home_improvement,0.19589749961505953
48,81692.45,662.3,0.2702,8701.13,employed,debt_consolidation,0.312193667027398
26,29561.7,733.4,0.054,21114.81,employed,business,0.33493057842241625
50,122214.1,760.1,0.282,3670.67,employed,debt_consolidation,0.11421976396401715
35,106233.13,637.0,0.3647,6239.25,employed,home_improvement,0.34225731909277046
29,32414.01,850.0,0.1271,27617.86,employed,education,0.2029537211806495
23,49828.81,718.8,0.0952,1407.84,employed,debt_consolidation,0.20874772800987434
50,41403.07,682.0,0.1249,20004.79,employed,education,0.272817032652463
56,36129.47,726.8,0.3168,3299.98,self_employed,home_improvement,0.22862309655278948
43,17937.52,640.4,0.0787,60000.0,unemployed,debt_consolidation,0.9536062091469224
56,41389.03,703.3,0.4461,10515.83,employed,home_improvement,0.34974074000020167
32,32346.42,596.8,0.2298,18309.11,employed,business,0.6618874203470029
53,29134.65,675.1,0.2734,23112.32,employed,medical,0.5901074244896294
61,18001.69,624.5,0.2905,12728.5,employed,debt_consolidation,0.4882667391884475
63,45089.68,618.9,0.159,10277.8,employed,debt_consolidation,0.303908311968608
56,38502.21,729.9,0.0405,15796.0,employed,home_improvement,0.11953310088617333
57,41173.24,694.8,0.167,29855.55,employed,home_improvement,0.3218474608659082
49,72012.53,708.6,0.168,7866.71,self_employed,debt_consolidation,0.2354230629019991
45,89336.27,710.1,0.0484,6765.95,employed,debt_consolidation,0.11928031857402357
48,138453.39,759.2,0.3512,25178.21,employed,medical,0.3414983685746602
49,51051.4,700.6,0.0126,39820.45,self_employed,home_improvement,0.3721457615634867
64,28248.28,716.3,0.0982,15358.96,employed,medical,0.2472177525766757
36,60452.01,713.3,0.4797,4055.46,employed,education,0.3816607761817444
68,82612.45,673.7,0.1712,26434.63,employed,business,0.2802331935561573
23,46166.46,627.6,0.0767,7264.1,employed,debt_consolidation,0.3899072444059631
53,228672.76,634.1,0.3063,32801.81,employed,debt_consolidation,0.32797999511075526
35,56596.1,717.1,0.1691,7758.47,employed,debt_consolidation,0.2482049878622653
25,61622.89,616.2,0.296,10791.45,self_employed,education,0.5979308352325379
47,51264.48,648.4,0.2807,17786.77,self_employed,debt_consolidation,0.5715225192425887
24,36667.86,618.4,0.17,14465.42,employed,education,0.5046797219396522
23,34322.46,627.2,0.077,9900.25,employed,business,0.4346091884071796
68,27572.05,651.3,0.2486,19094.27,employed,home_improvement,0.3273805423056153
21,23145.81,752.6,0.2219,21365.37,employed,debt_consolidation,0.48898375217759277
55,20704.76,694.6,0.1412,31404.74,employed,debt_consolidation,0.45102542898670217
24,18347.23,652.4,0.164,20117.48,employed,debt_consolidation,0.602126068624579
21,65952.57,768.4,0.3408,8528.43,unemployed,home_improvement,0.6376310927737047
39,32923.2,591.1,0.3041,8087.42,employed,debt_consolidation,0.6017738475913654
42,36552.36,566.1,0.2257,26103.37,employed,business,0.7233292540734475
54,33505.41,800.5,0.2045,44891.56,employed,debt_consolidation,0.4326445551823827
33,22988.61,793.2,0.1899,26804.98,employed,debt_consolidation,0.38036506763192657
21,95965.68,701.8,0.4617,7597.26,self_employed,home_improvement,0.4860818591292764
30,45542.02,709.4,0.1905,13020.35,employed,home_improvement,0.28382564424480516
69,77927.26,795.3,0.1449,2193.04,employed,home_improvement,0.036233191110218985
21,131514.68,688.5,0.0741,13739.31,retired,medical,0.3516054238143672
59,78702.69,555.1,0.1128,12042.86,self_employed,business,0.41208450875696473
43,68831.97,601.7,0.0873,20383.8,employed,debt_consolidation,0.4298447563397322
65,102286.99,669.4,0.3215,5636.69,employed,home_improvement,0.15566019350540175
54,62823.15,619.1,0.3978,6554.78,employed,business,0.4707704390542326
36,53480.21,585.1,0.1619,18415.06,unemployed,business,0.8610243893490547
66,43756.54,704.6,0.043,21377.9,employed,debt_consolidation,0.1886760902959278
53,15475.16,689.1,0.1493,10378.03,unemployed,home_improvement,0.5650749378640424
66,37533.42,589.9,0.0535,15480.29,employed,education,0.25789663434122956
53,64349.29,746.9,0.2191,15818.06,employed,medical,0.28022614981089805
43,33398.37,673.4,0.236,12856.46,employed,home_improvement,0.3334665932831975
66,24722.76,607.9,0.7023,10844.35,self_employed,home_improvement,0.7698617272254168
54,26453.37,627.2,0.2345,3225.95,retired,business,0.43327660682315233
39,32456.03,592.0,0.1823,60000.0,employed,home_improvement,0.8576127319203968
63,57632.05,708.4,0.3151,11714.24,unemployed,debt_consolidation,0.6393185258514147
68,36121.17,707.8,0.2089,29332.76,employed,home_improvement,0.28591347644768256
57,34803.49,763.6,0.2152,19883.68,employed,business,0.247782668814482
50,51086.19,730.0,0.2378,18716.89,employed,debt_consolidation,0.31335919000090956
30,38918.65,615.7,0.21,10784.64,self_employed,debt_consolidation,0.6118592428101065
32,70293.13,615.4,0.339,26319.45,self_employed,home_improvement,0.7116748823439798
37,32885.09,800.0,0.3422,7063.14,employed,education,0.21695201046898147
60,45662.74,678.7,0.2132,42240.06,employed,debt_consolidation,0.57988912313341
44,62357.22,746.6,0.271,8345.86,self_employed,debt_consolidation,0.2907252728196435
29,39646.86,732.9,0.2111,19111.48,employed,education,0.3494997477617185
42,42378.58,672.4,0.2507,10833.08,self_employed,education,0.4029592039806968
48,62004.89,689.7,0.0477,19760.81,employed,debt_consolidation,0.23988481007415827
39,17930.43,779.5,0.2079,7679.31,employed,home_improvement,0.1702382209352531
65,38970.96,638.3,0.2885,41909.57,retired,education,0.7034923484452609
31,16417.53,587.1,0.2399,8582.44,employed,home_improvement,0.5438257129945964
67,89876.44,745.2,0.175,18142.73,employed,home_improvement,0.1010203997910449
50,34850.55,603.6,0.484,16744.49,unemployed,business,0.9303169870951283
63,84161.91,564.9,0.2122,12821.18,employed,debt_consolidation,0.3903965953073278
58,63728.85,662.4,0.2298,8033.42,employed,home_improvement,0.19744822739301704
35,32520.75,693.9,0.153,9464.8,employed,debt_consolidation,0.32511056350636874
28,63277.9,739.5,0.3822,28386.85,employed,debt_consolidation,0.6082833542046732
64,38280.54,673.6,0.2097,11258.18,self_employed,debt_consolidation,0.3343686161308383
35,72126.59,763.0,0.2594,10168.2,employed,education,0.19183701599081018
52,31607.98,588.0,0.1697,19504.98,employed,medical,0.6213268632075357
45,40933.75,734.2,0.2685,22939.34,employed,home_improvement,0.3300397305293431
33,74635.02,768.6,0.2485,23888.05,employed,business,0.34149009650117024
26,44444.19,708.2,0.4297,16010.34,employed,home_improvement,0.5361121794391066
67,75853.02,647.9,0.1035,22176.26,employed,medical,0.32179805405315565
63,30085.65,609.4,0.1496,6514.42,unemployed,home_improvement,0.5882801610676143
67,28636.91,769.1,0.2793,29956.02,employed,education,0.2823601005674971
41,58765.5,802.9,0.6914,19677.7,employed,debt_consolidation,0.6093135828153872
68,49678.24,618.6,0.1413,7245.75,employed,debt_consolidation,0.23845511482895854
42,39011.65,643.9,0.1756,14754.99,employed,debt_consolidation,0.4347280436544435
29,48207.27,657.1,0.2536,2351.01,employed,debt_consolidation,0.40188206447751856
37,42334.61,698.0,0.269,4558.24,employed,business,0.3307403990600108
41,48379.38,661.8,0.1676,14274.73,employed,debt_consolidation,0.37850730669837607
33,46142.55,765.9,0.1237,37626.08,employed,debt_consolidation,0.4383689843993354
25,120328.98,789.1,0.1141,7608.2,employed,debt_consolidation,0.10633275559561585
21,77082.87,608.3,0.143,17439.21,unemployed,business,0.8433811188947586
23,126357.1,670.8,0.414,27532.42,employed,education,0.5858488691992215
29,106980.12,773.4,0.5104,7791.98,employed,home_improvement,0.2766936028371835
65,28571.03,621.6,0.2882,6662.96,retired,debt_consolidation,0.46855489539012846
37,168910.11,708.1,0.2442,11564.75,self_employed,debt_consolidation,0.22107996599515867
28,39090.96,724.7,0.1809,60000.0,employed,home_improvement,0.7301550844245345
22,47272.95,659.2,0.3555,4420.89,employed,business,0.5416950045492415
69,31328.84,730.6,0.1352,5844.66,self_employed,business,0.15751116198298934
39,32312.58,673.0,0.4423,13308.45,employed,business,0.620664335603987
56,31723.64,579.8,0.0963,32142.29,employed,debt_consolidation,0.602739792840993
64,69158.72,669.4,0.3387,7243.99,employed,debt_consolidation,0.2867139590011076
34,26901.39,669.4,0.1637,11240.93,employed,home_improvement,0.32354588748097723
54,24027.07,686.5,0.2379,45469.16,employed,debt_consolidation,0.6876448583700954
68,30021.44,679.3,0.1779,3977.3,employed,debt_consolidation,0.1880116471772086
55,40816.7,589.1,0.361,43314.6,unemployed,home_improvement,0.9470474266736966
24,22472.26,658.6,0.1983,15469.75,employed,business,0.5589465198742504
60,98186.35,778.5,0.1182,8725.14,employed,debt_consolidation,0.07081733146525496
44,67208.13,669.1,0.309,26822.82,employed,home_improvement,0.47307873801585926
59,15000.0,591.5,0.2673,10064.59,employed,home_improvement,0.4265887767275553
64,98005.0,761.9,0.3144,37124.87,unemployed,business,0.7058225952343811
41,200883.88,720.2,0.3959,14361.77,employed,education,0.1654572011542649
23,89541.77,642.6,0.3726,12101.42,employed,business,0.5782141918423032
62,82778.28,646.0,0.0357,13901.85,employed,debt_consolidation,0.16974250134876875
40,86484.56,687.2,0.5348,10625.03,employed,business,0.5368923500786884
46,38335.55,693.0,0.2402,37079.11,employed,business,0.6065893288567527
40,62456.62,670.6,0.17,12303.31,employed,debt_consolidation,0.3262171935131401
51,32360.52,846.6,0.112,3195.8,self_employed,home_improvement,0.06371510720262727
54,40059.88,618.8,0.1989,24691.29,self_employed,business,0.6040566347529785
45,22841.24,585.0,0.3008,9429.65,employed,home_improvement,0.521344772318218
53,113156.21,727.2,0.278,14316.31,employed,medical,0.2609321190385345
28,21596.52,647.9,0.1308,9544.09,employed,debt_consolidation,0.443782232519049
43,26421.87,741.4,0.3381,14319.79,employed,business,0.4067569915249015
45,35170.99,704.6,0.3505,10532.44,employed,home_improvement,0.33706900785685284
35,49744.66,706.2,0.0775,10316.97,employed,home_improvement,0.17445584775175693
42,166091.31,788.6,0.0957,5835.37,self_employed,debt_consolidation,0.06276761947594342
48,35242.33,647.8,0.0436,12815.03,employed,education,0.22749557256221886
61,39886.43,656.2,0.2226,14602.13,employed,debt_consolidation,0.35093456459893724
37,64748.26,737.8,0.2279,9516.34,employed,home_improvement,0.18906558964238257
23,63279.44,684.0,0.273,6733.13,employed,home_improvement,0.33169229204461714
56,46923.65,694.4,0.3835,24108.22,self_employed,debt_consolidation,0.6018307032148579
38,61244.03,641.5,0.3515,17683.61,employed,business,0.5944534837788625
53,33812.08,671.1,0.2386,29948.9,employed,debt_consolidation,0.5492742229436289
33,80154.67,575.7,0.1856,7414.15,employed,debt_consolidation,0.4595701584386923
39,34706.43,629.2,0.2884,1479.61,employed,debt_consolidation,0.446246890420521
65,63957.85,714.0,0.3017,7724.17,employed,debt_consolidation,0.2088924095382286
53,49774.14,688.8,0.3796,23884.45,self_employed,business,0.6106237346078739
36,68008.97,681.3,0.2945,41759.37,employed,debt_consolidation,0.7135849819888614
68,102639.43,544.7,0.293,8919.46,retired,home_improvement,0.38572376181283596
69,20306.67,724.3,0.0668,22160.67,self_employed,home_improvement,0.19146105949980052
59,74114.82,612.7,0.3097,25271.87,employed,debt_consolidation,0.5579380344371508
48,32349.66,565.5,0.0256,28900.95,self_employed,debt_consolidation,0.6457920256301714
37,29021.97,762.1,0.1944,4223.92,employed,debt_consolidation,0.20992431538645656
29,156045.25,725.5,0.1952,6867.17,employed,debt_consolidation,0.1449326278634697
62,284764.57,663.0,0.3979,28391.48,employed,business,0.1885332733368582
38,36049.09,606.2,0.1672,18594.44,employed,debt_consolidation,0.5642827249060806
69,46600.3,733.8,0.3527,8962.21,self_employed,debt_consolidation,0.2884793513883465
23,45344.39,698.2,0.2928,8519.41,unemployed,home_improvement,0.7379926437427193
41,43569.41,663.8,0.1015,5978.54,employed,education,0.20774584060658777
42,43693.04,695.6,0.2923,9205.99,employed,debt_consolidation,0.3762681011788312
55,50106.57,685.9,0.644,43791.8,employed,home_improvement,0.8254647799384358
28,79926.61,675.5,0.2508,3222.28,retired,debt_consolidation,0.4004077769134206
35,61087.84,537.4,0.2059,15034.76,employed,home_improvement,0.5630567049118221
61,32767.88,666.7,0.2751,12893.17,employed,home_improvement,0.29102211796926436
41,49277.82,707.4,0.1976,9792.93,employed,debt_consolidation,0.2842945619376858
32,62829.26,690.3,0.2986,6244.77,employed,home_improvement,0.29528830701962394
63,23009.14,800.9,0.1185,5231.95,employed,home_improvement,0.06173867766954534
56,155036.78,672.0,0.2696,9379.45,employed,debt_consolidation,0.1692085169111499
44,15000.0,641.3,0.3811,9397.55,employed,debt_consolidation,0.5988014441597445
27,18816.64,626.5,0.1824,7423.44,employed,home_improvement,0.4259354147775166
39,44911.07,740.1,0.1324,19458.78,employed,business,0.28208032741019856
61,42969.05,708.1,0.1652,5621.6,employed,debt_consolidation,0.16767862487535704
58,38993.61,821.3,0.3661,10499.28,employed,home_improvement,0.14193274041053985
30,21983.08,632.4,0.0961,17183.55,employed,debt_consolidation,0.5103218819014668
58,92079.18,577.3,0.0646,18100.72,self_employed,medical,0.4574269080180109
31,48406.05,716.3,0.1145,28472.46,retired,debt_consolidation,0.5152780704589625
54,81129.31,621.3,0.2197,12430.58,employed,education,0.28522460028611873
61,55973.12,755.8,0.0935,9400.95,employed,home_improvement,0.0745867417451413
51,284968.42,661.4,0.2502,4961.31,unemployed,business,0.2388835873687787
60,94239.29,700.0,0.4248,10533.26,self_employed,debt_consolidation,0.3738112236916035
66,63576.28,635.5,0.2265,7242.72,employed,debt_consolidation,0.25847712262752
31,70272.06,619.7,0.2055,8430.57,unemployed,debt_consolidation,0.7860284750753004
25,45951.18,717.5,0.4282,7074.87,employed,home_improvement,0.4268062156382896
62,37239.23,730.2,0.3743,41389.92,employed,debt_consolidation,0.6212338519472744
45,37543.33,687.1,0.2246,6337.17,unemployed,debt_consolidation,0.6763471322886432
32,42170.21,687.4,0.0656,5621.65,employed,home_improvement,0.17814639979164254
43,106337.35,686.5,0.1495,11346.29,employed,debt_consolidation,0.20284064217428707
58,42982.91,673.2,0.1833,4886.73,employed,debt_consolidation,0.22336717266660203
52,29808.56,699.3,0.082,23163.3,employed,debt_consolidation,0.31165242933456117
26,38459.59,683.5,0.0175,22486.15,retired,debt_consolidation,0.4748490822071484
65,110998.96,710.6,0.3584,22070.96,employed,business,0.2886094487695922
25,40295.49,782.9,0.2321,13032.21,retired,business,0.37839621659767353
31,16360.46,659.1,0.1524,12087.75,employed,education,0.39291042267158144
61,70986.07,666.9,0.1569,7909.22,unemployed,home_improvement,0.4340297434869243
22,87231.27,642.3,0.1798,7411.8,self_employed,debt_consolidation,0.4504419264803133
40,63518.53,591.7,0.0746,48679.44,self_employed,business,0.7878554748831585
28,61574.41,692.7,0.1775,3073.68,employed,debt_consolidation,0.2724393445039034
47,31644.93,597.6,0.2837,22727.93,employed,debt_consolidation,0.677928435982771
56,71816.69,688.3,0.2557,26692.73,self_employed,business,0.4740901479319433
59,32038.3,677.8,0.01,4229.75,employed,education,0.10557346173653183
21,55844.74,639.5,0.1504,2582.18,self_employed,debt_consolidation,0.44683758539714263
56,18133.11,763.3,0.1694,4309.5,employed,debt_consolidation,0.1486640098264555
47,47905.11,669.3,0.187,4239.01,employed,debt_consolidation,0.2628071200715787
58,57239.89,689.1,0.4168,10305.82,self_employed,home_improvement,0.37690222502472404
30,31199.25,616.5,0.1907,22310.18,employed,debt_consolidation,0.6532535776913012
22,47919.92,673.1,0.1402,13177.82,employed,debt_consolidation,0.42431358584550205
66,92424.2,632.0,0.1429,60000.0,self_employed,debt_consolidation,0.7228652299009279
55,45033.6,729.4,0.2162,21024.5,employed,home_improvement,0.23387711466535488
68,35555.67,722.8,0.2537,19716.06,employed,home_improvement,0.21953673075973812
38,24278.69,695.8,0.2706,39924.31,employed,debt_consolidation,0.7207389828871303
37,87322.5,589.8,0.0996,17737.53,self_employed,business,0.4976547081699795
35,21856.83,672.4,0.0585,45143.53,self_employed,education,0.665504692632447
42,135922.54,679.0,0.0196,25580.09,employed,home_improvement,0.1478564603073944
25,35614.79,805.7,0.4968,60000.0,employed,debt_consolidation,0.8771146394169306
26,71447.99,619.7,0.2479,29082.21,employed,home_improvement,0.6214392044886923
38,107269.58,734.2,0.3615,11976.49,unemployed,business,0.6639602915004778
44,61759.2,696.1,0.2423,5126.34,employed,business,0.2559679769770711
67,108761.61,715.5,0.1041,24398.51,employed,business,0.14684944680811501
65,37648.7,814.5,0.0719,22738.7,employed,business,0.11235187261373716
23,46337.28,606.8,0.1783,60000.0,self_employed,business,0.9273018080827432
58,43116.77,685.0,0.0912,9340.21,unemployed,business,0.5148008487007967
60,45088.17,659.2,0.3096,17683.36,employed,debt_consolidation,0.44480378266433435
30,43503.46,680.3,0.0945,8560.95,employed,home_improvement,0.22818814670065646
62,63182.19,624.8,0.1523,3454.42,unemployed,home_improvement,0.4707757724706936
67,35329.37,730.3,0.2697,5469.05,employed,education,0.14665962257968726
28,39631.96,632.4,0.0987,17752.36,employed,education,0.42367424959368016
67,53582.05,724.7,0.0511,17235.0,employed,medical,0.1782055354553166
66,60197.87,606.0,0.5376,20726.88,unemployed,debt_consolidation,0.9171648363211303
24,15000.0,758.3,0.1208,7352.17,employed,home_improvement,0.19822973646636086
22,56420.2,711.7,0.1039,60000.0,employed,education,0.7100307884294194
63,20643.14,713.3,0.2187,17882.89,employed,education,0.2517146693125737
60,35470.91,673.5,0.0801,33689.04,unemployed,home_improvement,0.6904830423085162
32,30332.75,638.9,0.164,17393.31,employed,debt_consolidation,0.5326417050653894
55,50729.22,659.1,0.1933,5749.9,retired,debt_consolidation,0.32442839025549614
66,17865.42,717.3,0.3713,17383.24,employed,debt_consolidation,0.41051614625231525
40,23469.68,732.5,0.3805,25795.1,employed,debt_consolidation,0.6063752532807785
31,118456.39,682.9,0.0528,9184.94,employed,home_improvement,0.12189282872484594
38,63503.94,728.9,0.1156,13533.8,employed,education,0.17561752662312194
58,28643.25,638.4,0.1656,3943.86,employed,medical,0.34240532536414664
65,90598.31,648.0,0.278,5932.96,employed,debt_consolidation,0.22913243455507384
66,17773.05,647.9,0.3593,60000.0,employed,debt_consolidation,0.8699098180264292
32,52801.79,735.3,0.2294,19760.13,employed,business,0.3879947424172033
24,92553.25,702.5,0.2144,29161.13,employed,home_improvement,0.41210282262815817
37,44418.59,743.9,0.0735,7715.1,employed,debt_consolidation,0.1692550351693457
56,36727.02,623.3,0.3893,7882.16,employed,debt_consolidation,0.5163664629418261
40,121315.93,624.2,0.3857,3316.69,retired,medical,0.5469247742770235
28,55927.54,757.5,0.0687,7404.9,employed,debt_consolidation,0.165605727089707
27,52134.26,583.1,0.2591,19981.31,employed,debt_consolidation,0.7154449746036818
61,167561.09,608.2,0.3065,41717.06,employed,home_improvement,0.44857845491619563
42,89260.62,709.7,0.1206,10719.47,employed,debt_consolidation,0.18081350909057148
30,45593.48,638.0,0.3754,15254.53,employed,business,0.6655981350986064
35,23068.51,726.0,0.2637,18974.5,employed,debt_consolidation,0.47386608157798316
26,42946.63,695.5,0.3484,13714.33,unemployed,debt_consolidation,0.856894924881841
62,50990.34,796.1,0.1356,10610.86,employed,debt_consolidation,0.09682351110187737
65,15000.0,628.1,0.32,8772.53,employed,debt_consolidation,0.4503493618256954
22,27393.96,711.6,0.2265,14624.88,employed,business,0.4782028897055128
57,33823.55,665.0,0.4289,60000.0,employed,education,0.8582637211755928
39,86491.72,748.4,0.2973,2685.15,employed,debt_consolidation,0.19359690072140714
63,77532.34,729.6,0.2195,34837.85,self_employed,debt_consolidation,0.4090813833172561
42,58418.46,601.1,0.0794,4565.35,employed,business,0.2911296396064669
37,126884.72,718.6,0.149,17269.59,self_employed,home_improvement,0.187669747481937
59,65888.35,655.7,0.0566,4065.06,self_employed,debt_consolidation,0.18148723241542364
67,26285.5,850.0,0.1862,5437.99,employed,education,0.05368552830965546
55,43587.55,645.6,0.4102,7598.89,employed,business,0.4763207427651465
48,40972.55,606.6,0.0678,7316.17,unemployed,debt_consolidation,0.6749295124144588
58,47348.31,640.0,0.2812,18624.6,unemployed,debt_consolidation,0.8084463178974161
34,47604.61,519.4,0.4168,54179.47,employed,education,0.9517464241680413
31,65871.21,726.0,0.2924,28600.99,employed,education,0.4656369839149793
39,43580.52,657.1,0.2186,18148.07,employed,education,0.41989980235394986
69,112819.14,692.8,0.381,13518.64,unemployed,debt_consolidation,0.6050758528198844
23,43490.34,548.7,0.2281,13912.86,self_employed,debt_consolidation,0.7793158799554484
37,20296.02,659.3,0.2153,14034.94,employed,medical,0.5778524423399509
39,60766.24,758.2,0.2342,9420.21,employed,education,0.17955946236316722
50,31232.45,741.8,0.0859,10064.14,employed,debt_consolidation,0.16643040359959427
46,54407.26,653.5,0.2535,5855.86,employed,business,0.33916466255366357
55,44842.11,654.0,0.2699,7554.07,employed,debt_consolidation,0.3458244894815689
31,96530.17,604.2,0.298,47365.73,employed,debt_consolidation,0.8338822607046141
25,37150.21,661.9,0.175,42300.4,employed,debt_consolidation,0.7583095965242359
38,18790.49,610.9,0.1539,25628.76,employed,home_improvement,0.5603484512900383
63,46768.18,666.3,0.2098,18350.29,self_employed,debt_consolidation,0.4056753366617146
64,43630.87,741.2,0.2342,7732.24,self_employed,debt_consolidation,0.21532435198797223
63,77708.21,648.1,0.2062,3847.96,self_employed,debt_consolidation,0.2470282253792157
63,35802.02,612.7,0.5029,39387.44,employed,debt_consolidation,0.8482998871038043
56,37519.26,725.2,0.2697,8065.1,self_employed,debt_consolidation,0.30711032896371965
30,38205.67,717.5,0.2179,31993.3,employed,debt_consolidation,0.5824338778500532
39,56330.2,602.5,0.1224,19705.78,unemployed,debt_consolidation,0.8244554968210336
43,40978.18,650.7,0.1281,25757.05,employed,home_improvement,0.3960651027375588
59,46242.9,786.2,0.1214,16246.08,employed,business,0.1307694488941412
57,27562.95,690.8,0.056,12229.96,employed,home_improvement,0.14958647081871118
52,36650.37,603.6,0.1638,17605.19,employed,debt_consolidation,0.4788061161938806
53,32038.29,706.0,0.0324,15055.51,unemployed,debt_consolidation,0.5394433330356757
32,37763.5,515.1,0.1037,10659.1,unemployed,home_improvement,0.8429580608627234
45,33359.2,725.3,0.15,14332.1,employed,debt_consolidation,0.270349593691842
63,15000.0,706.3,0.3548,12509.87,unemployed,debt_consolidation,0.7500964564946678
66,55928.02,711.2,0.2056,13447.6,employed,debt_consolidation,0.2032588364565701
43,29724.9,593.3,0.1402,29000.18,self_employed,debt_consolidation,0.7173026696132272
41,54303.59,722.4,0.4576,10324.22,employed,debt_consolidation,0.46540087688468584
42,58101.39,771.5,0.3164,15159.16,employed,education,0.24378219033292345
53,97136.32,724.4,0.1428,13413.66,employed,business,0.1475171105663731
25,25720.25,685.9,0.3362,18967.92,employed,debt_consolidation,0.6553772373035364
64,70783.11,624.3,0.072,32715.7,employed,business,0.38187668456005014
38,96585.43,628.5,0.1403,12937.52,employed,debt_consolidation,0.32763153439297815
67,31892.52,712.0,0.2014,14431.13,self_employed,debt_consolidation,0.29255717171451256
47,37590.15,616.5,0.0533,24246.72,self_employed,home_improvement,0.43495031434501563
58,42358.66,665.7,0.43,18884.78,self_employed,debt_consolidation,0.6369399715464682
43,61952.0,705.8,0.0818,27825.5,retired,home_improvement,0.3233306506970451
47,22584.6,731.6,0.1934,8860.16,employed,debt_consolidation,0.2544857871086187
60,71687.42,699.7,0.1259,9834.83,employed,debt_consolidation,0.1535190796302819
31,49707.64,612.3,0.3441,60000.0,employed,business,0.9304438670742914
38,69057.66,732.4,0.2652,17208.89,employed,debt_consolidation,0.34275045640728086
47,23151.84,720.8,0.2674,4344.82,self_employed,medical,0.4226993545001911
65,38870.87,676.8,0.3812,10761.02,retired,home_improvement,0.38125424564996996
30,52577.95,634.9,0.31,17432.22,employed,medical,0.7038655863365276
67,37688.96,565.6,0.1139,8422.73,self_employed,home_improvement,0.3159433297842972
52,55719.47,716.6,0.3804,14541.61,self_employed,business,0.45740753195819583
49,44749.22,781.6,0.1361,16891.16,self_employed,debt_consolidation,0.22536733647290194
67,52844.87,668.3,0.0618,14346.18,employed,business,0.17692092717478883
33,17701.96,702.7,0.1005,14457.18,employed,home_improvement,0.27368042765067513
50,45748.1,631.1,0.168,20605.62,employed,debt_consolidation,0.4560569068359772
29,70557.26,642.6,0.1562,17561.8,self_employed,education,0.45934559499698296
29,39088.12,828.0,0.1756,19443.65,employed,home_improvement,0.18055460612828922
57,60931.12,694.3,0.1881,8044.23,employed,debt_consolidation,0.20205896678343413
44,55669.57,679.6,0.0388,10660.72,self_employed,debt_consolidation,0.2570384923064005
26,70050.76,732.3,0.2461,30220.61,employed,debt_consolidation,0.5205144969908841
28,51608.47,756.9,0.4938,7194.51,employed,home_improvement,0.38673044241336685
42,47603.49,774.8,0.2117,35165.19,retired,debt_consolidation,0.504512613584241
43,153679.56,654.4,0.3097,9526.54,employed,home_improvement,0.1998005396621376
48,22580.61,735.1,0.2026,9814.21,employed,education,0.20825268467825694
62,35687.55,710.8,0.3792,36973.97,employed,education,0.5490721244846005
51,33762.03,678.6,0.1417,2979.84,employed,medical,0.2763014389380752
59,38312.58,678.1,0.0865,28147.83,retired,debt_consolidation,0.42632797604092926
26,25768.39,616.3,0.3131,17073.46,unemployed,debt_consolidation,0.9261580520548047
24,22051.12,685.6,0.2509,10542.78,employed,debt_consolidation,0.5105924737341081
59,35312.22,807.5,0.613,5978.92,employed,home_improvement,0.2665019265367042
46,41864.1,642.7,0.2156,11053.66,self_employed,debt_consolidation,0.4787954057263657
54,81903.03,599.2,0.2158,20043.72,self_employed,home_improvement,0.4394658890778707
48,24332.27,567.5,0.2123,18462.26,self_employed,debt_consolidation,0.7040628140815286
40,62556.03,630.7,0.2642,9408.02,employed,home_improvement,0.35695441758700414
63,32909.1,552.5,0.3546,9009.8,employed,debt_consolidation,0.5969802633227508
55,32684.13,710.5,0.3506,24534.07,employed,debt_consolidation,0.5094130612792281
29,22717.36,602.3,0.2532,10472.33,self_employed,home_improvement,0.616869446231257
21,47802.39,574.8,0.2883,17311.61,employed,medical,0.8119441391796048
22,29414.41,766.5,0.1236,11864.16,employed,debt_consolidation,0.2763349675000765
69,21038.39,669.3,0.2188,1908.18,retired,debt_consolidation,0.2789881606551789
50,31758.35,658.4,0.1017,23925.77,employed,debt_consolidation,0.4108166859227917
42,18732.55,699.4,0.2088,17048.24,self_employed,debt_consolidation,0.49851856693360624
29,35898.72,761.2,0.1853,9749.75,employed,debt_consolidation,0.26908971501301004
35,38011.66,745.9,0.1316,8492.39,self_employed,debt_consolidation,0.2726396421222749
34,76314.03,663.8,0.2283,30565.55,unemployed,debt_consolidation,0.8666308506076921
32,23959.53,672.0,0.0475,14511.39,employed,home_improvement,0.27673963761585235
63,24880.06,738.6,0.0772,16101.88,employed,debt_consolidation,0.16845225447392542
50,55900.1,668.5,0.2681,23632.3,self_employed,education,0.48829561184608034
31,17196.19,688.0,0.031,58996.71,unemployed,debt_consolidation,0.9386595695686294
36,97351.6,724.0,0.2019,6101.3,employed,business,0.18498488464372487
63,47411.77,722.4,0.1027,19624.74,employed,business,0.19121031559696852
58,28501.51,657.6,0.1992,7272.85,retired,medical,0.4495557870850043
39,36889.6,749.0,0.2053,17394.08,self_employed,home_improvement,0.30651953496620504
66,40570.34,653.3,0.1281,7756.03,employed,education,0.1662415637002907
67,50030.89,597.7,0.2057,19196.9,employed,debt_consolidation,0.4354994948611327
33,124807.36,714.1,0.0657,11575.08,retired,debt_consolidation,0.18946263107376438
59,33612.28,787.7,0.1154,16605.11,employed,debt_consolidation,0.14344953391536794
26,37212.73,690.1,0.5297,11763.92,self_employed,education,0.7075987323729693
22,150440.89,849.3,0.2824,10929.35,employed,business,0.1149260807687763
48,37616.87,639.0,0.2595,12878.35,employed,business,0.4615892200251251
28,125338.31,741.4,0.1722,8458.37,employed,education,0.1271378624948076
69,42242.0,720.7,0.2704,14013.36,self_employed,home_improvement,0.22880098912476773
60,85432.81,685.6,0.1709,8120.91,employed,debt_consolidation,0.16438378676630166
21,33342.76,681.4,0.1091,8859.16,employed,education,0.30892818769566155
45,28777.3,742.4,0.3047,7989.46,employed,home_improvement,0.2363185645193063
58,106539.72,745.5,0.1413,7676.85,employed,home_improvement,0.06400306829478523
32,62268.18,766.6,0.0809,22238.32,employed,education,0.1913487807040905
28,80598.53,667.2,0.3339,11530.76,self_employed,education,0.49197324353563754
60,53119.5,674.2,0.0865,14161.43,employed,home_improvement,0.1551423590884638
27,27332.76,551.3,0.1363,15974.48,employed,debt_consolidation,0.6801528366010378
56,19083.34,692.4,0.204,31963.41,self_employed,home_improvement,0.49535036552239053
31,127148.41,745.1,0.2636,11524.75,employed,education,0.1702787626048996
37,92900.57,595.3,0.1068,11443.59,employed,debt_consolidation,0.3537225662792603
41,32972.06,750.3,0.6369,14608.5,employed,debt_consolidation,0.6533839728535288
25,34279.38,701.5,0.3423,6866.87,employed,debt_consolidation,0.4931466821143033
44,15000.0,630.9,0.2524,12870.44,employed,education,0.4714844098536206
42,98391.37,743.3,0.1235,2816.41,employed,home_improvement,0.07442923593991065
32,44590.63,734.9,0.1431,5182.95,employed,business,0.21366149812243507
48,23915.41,703.8,0.4042,22894.32,employed,business,0.5997161357006798
32,26107.58,722.6,0.2343,9391.48,employed,home_improvement,0.28678487889777027
50,38820.92,646.7,0.4456,10654.19,employed,education,0.508728407551681
51,28244.68,563.6,0.3259,16513.05,employed,home_improvement,0.6120894194546225
44,59970.46,778.4,0.0542,15774.35,employed,debt_consolidation,0.1357500862832233
43,28667.45,700.4,0.266,22732.52,employed,debt_consolidation,0.5080825948304987
57,50383.46,750.1,0.138,11705.24,employed,education,0.1181324736297385
39,26389.58,713.9,0.2223,8033.6,unemployed,debt_consolidation,0.6944252360930666
33,92520.63,550.2,0.1225,8071.08,employed,debt_consolidation,0.43399183623714377
32,26946.2,696.7,0.5073,10090.76,employed,debt_consolidation,0.6522721836898323
61,80303.21,680.6,0.1884,14612.07,employed,business,0.22097383762197564
34,29975.94,754.0,0.2038,7293.0,employed,debt_consolidation,0.2600160863180666
26,75300.83,721.2,0.2175,4895.45,employed,debt_consolidation,0.2608451318971107
24,53502.63,734.5,0.1631,60000.0,employed,medical,0.8211202871385723
26,22101.12,707.5,0.2766,10638.05,employed,home_improvement,0.3926529476159542
55,40857.24,617.3,0.2086,12745.77,employed,debt_consolidation,0.4178651801475377
67,16977.28,652.0,0.2337,13415.03,employed,home_improvement,0.2869418617714891
41,40121.0,587.3,0.1409,5760.38,employed,business,0.4122524760819625
36,82437.4,652.5,0.1276,14125.91,employed,home_improvement,0.24930438548137
66,15456.93,567.8,0.0407,5669.95,employed,home_improvement,0.22154166961401445
26,65874.18,654.6,0.1349,3778.36,unemployed,home_improvement,0.5929730676840257
46,44546.95,743.8,0.5159,15589.95,self_employed,business,0.5907406919551272
26,22547.47,715.8,0.0509,9368.87,employed,home_improvement,0.20633757897306004
56,27668.54,700.1,0.1356,15780.98,employed,home_improvement,0.20472376019772048
41,22505.74,804.2,0.0683,3564.66,employed,business,0.10277349746108978
25,71891.88,770.0,0.0907,49650.52,employed,home_improvement,0.42890466651217846
62,19281.23,603.3,0.1357,11796.25,retired,debt_consolidation,0.4571986531479793
68,46007.81,786.4,0.1786,24895.43,retired,debt_consolidation,0.23722625076287066
24,75682.8,654.9,0.2896,9032.72,self_employed,debt_consolidation,0.552256009849174
46,38065.64,575.1,0.5637,23334.56,self_employed,debt_consolidation,0.8987882126009736
37,40941.83,676.2,0.4174,11298.43,employed,education,0.5026170823144803
27,87528.78,667.3,0.3456,14677.06,self_employed,education,0.5267579194836409
21,45594.44,671.8,0.0961,29042.14,employed,debt_consolidation,0.5636910200305052
61,39632.0,701.9,0.1191,17459.23,self_employed,debt_consolidation,0.28881884385569334
33,39911.05,618.5,0.2968,9321.14,employed,debt_consolidation,0.5772049691986433
44,49570.03,643.3,0.1809,20621.22,employed,home_improvement,0.38052267777191645
39,39317.54,761.0,0.2534,7286.97,employed,debt_consolidation,0.24851379896168696
64,44242.51,736.9,0.134,16337.93,employed,debt_consolidation,0.1750790656788638
68,32309.32,708.8,0.3437,6617.32,employed,debt_consolidation,0.26772913030542733
25,39112.29,676.4,0.1182,7165.54,employed,debt_consolidation,0.3419489780060744
60,23300.19,592.3,0.2313,19640.88,employed,debt_consolidation,0.5630083801716943
23,42282.62,726.2,0.0768,14839.59,employed,debt_consolidation,0.30410517389563296
55,24057.64,683.9,0.1821,13719.71,employed,debt_consolidation,0.32232246651539753
33,50468.96,595.6,0.4109,4014.73,unemployed,home_improvement,0.8534795536058792
68,74626.64,719.2,0.4273,38906.34,employed,debt_consolidation,0.5574596112634477
30,45926.14,676.7,0.4047,23058.98,employed,debt_consolidation,0.7014453529930426
66,49745.13,684.1,0.1828,7377.91,employed,education,0.14970154492224458
32,46381.8,680.6,0.2999,23515.5,unemployed,home_improvement,0.834335669458433
34,62934.75,628.4,0.1715,18360.06,employed,debt_consolidation,0.49329337425480346
35,64148.4,741.3,0.2199,20262.7,employed,debt_consolidation,0.3444406654421358
26,98416.81,642.4,0.1569,17214.24,employed,debt_consolidation,0.4164227520721077
22,76597.64,782.2,0.5203,23889.35,employed,home_improvement,0.5195279419039718
40,34176.14,779.2,0.0628,16045.13,self_employed,debt_consolidation,0.22612631755098198
50,47852.88,633.6,0.2343,19866.96,employed,home_improvement,0.40697009378234883
34,56316.64,627.7,0.1085,8674.64,employed,debt_consolidation,0.3549844644660482
64,31375.28,756.8,0.3021,6352.48,employed,home_improvement,0.14294135101836505
30,46572.57,682.8,0.21,9115.5,self_employed,home_improvement,0.3684065455645769
26,128565.87,737.1,0.3081,20701.34,employed,business,0.34888473597062875
43,82852.98,575.3,0.2335,15126.41,employed,debt_consolidation,0.5235410883486705
48,47216.51,620.2,0.4417,17502.12,unemployed,debt_consolidation,0.9106380198926789
54,45417.18,673.2,0.289,17328.43,self_employed,home_improvement,0.4113942460674207
53,55232.72,709.0,0.128,33305.99,unemployed,business,0.7369264453985842
33,116572.62,707.0,0.3568,36418.06,employed,debt_consolidation,0.597969275570332
40,43650.53,716.5,0.4846,11020.63,employed,education,0.46255863757950405
46,51657.4,704.4,0.1231,15188.81,unemployed,education,0.5511057042515143
68,40694.55,683.7,0.1668,11034.74,employed,debt_consolidation,0.21035271209764228
66,115204.09,676.8,0.0707,6419.61,employed,business,0.0850953736482926
60,38256.31,701.6,0.3446,11610.28,employed,home_improvement,0.2728470366234501
28,65837.47,529.6,0.2793,11551.89,self_employed,education,0.7134431505199006
37,49617.08,716.0,0.3959,8725.87,employed,education,0.3690260780275974
65,70219.46,641.2,0.0967,11001.18,employed,debt_consolidation,0.19386655566560637
23,27474.78,707.9,0.0872,4175.35,unemployed,business,0.6327087466231621
36,144607.4,752.1,0.1232,3489.97,employed,debt_consolidation,0.08107382846491802
54,97559.66,770.6,0.0905,16247.3,employed,home_improvement,0.07387701927225272
54,37178.27,678.9,0.3716,11212.4,employed,debt_consolidation,0.44318341974775627
38,63124.21,689.3,0.1443,2011.57,employed,debt_consolidation,0.20619043360672565
57,170806.55,766.1,0.2216,5748.92,employed,home_improvement,0.04219622576808565
25,158435.22,689.6,0.1723,13289.08,employed,debt_consolidation,0.22235088706460945
69,117369.94,660.3,0.2645,12771.52,self_employed,debt_consolidation,0.25532402693759376
49,43094.16,696.4,0.1219,19120.83,self_employed,home_improvement,0.28611581017934895
62,34743.63,788.9,0.1918,10222.29,retired,education,0.1391961426431019
65,52015.56,675.9,0.1206,10012.69,employed,home_improvement,0.13449028940885674
64,20456.25,584.7,0.467,13849.54,employed,debt_consolidation,0.6963147944323866
63,34682.06,631.0,0.3707,9833.13,employed,home_improvement,0.3827883103272175
27,23729.84,806.6,0.4105,7051.39,employed,business,0.36782668553675046
31,34737.3,655.8,0.3382,11521.59,employed,debt_consolidation,0.5884883047116616
46,42181.24,788.8,0.2046,34054.07,employed,business,0.36392348784358086
60,33627.96,618.0,0.2754,6829.48,unemployed,debt_consolidation,0.7599367070360993
54,49773.04,701.4,0.3191,23828.89,unemployed,home_improvement,0.7385007215213482
51,15000.0,790.3,0.1536,8170.17,self_employed,debt_consolidation,0.1960382815001632
67,300000.0,710.7,0.253,10557.27,employed,debt_consolidation,0.03640488935450418
28,30501.51,715.3,0.4482,9922.84,self_employed,debt_consolidation,0.6522532111489663
60,24907.75,805.7,0.0758,11795.53,employed,debt_consolidation,0.09851319287004619
47,43086.8,751.0,0.0181,4427.46,employed,home_improvement,0.07243617519341478
52,51764.26,741.5,0.1244,20598.55,employed,medical,0.28626439174291546
64,106522.96,666.3,0.2935,15619.01,employed,debt_consolidation,0.2705216956329334
28,68434.08,635.0,0.3215,15009.23,self_employed,home_improvement,0.5802328632064159
25,22090.81,722.2,0.0555,9210.36,employed,home_improvement,0.20430023794523403
37,98347.61,725.6,0.0651,8814.47,employed,debt_consolidation,0.13390823836374827
63,37695.88,560.2,0.1178,27820.11,employed,debt_consolidation,0.5637268930753493
61,31320.55,666.4,0.0693,48195.42,self_employed,home_improvement,0.5440380233181138
40,27507.0,748.9,0.2431,9443.41,unemployed,debt_consolidation,0.66007055036672
60,30583.66,659.1,0.0479,29764.64,employed,education,0.3093824325954044
30,142002.21,673.6,0.2906,6615.89,employed,home_improvement,0.20691329558882432
51,20957.69,651.2,0.4404,34749.45,employed,debt_consolidation,0.8023203419476809
57,141495.11,693.0,0.3536,10549.36,employed,business,0.20737594299266962
25,44250.58,730.8,0.0812,9927.44,retired,debt_consolidation,0.3146215504668388
50,116182.66,690.5,0.1856,20672.98,employed,home_improvement,0.18589152198837297
22,27372.16,631.5,0.1504,13452.68,employed,home_improvement,0.4616260800168096
25,47254.46,806.1,0.289,9849.26,employed,home_improvement,0.20864586055425116
22,31718.94,715.6,0.1803,10723.85,self_employed,debt_consolidation,0.4601421271204005
51,55536.49,657.4,0.2661,9346.9,employed,debt_consolidation,0.35467445850334406
60,40578.38,676.7,0.4242,5659.23,employed,home_improvement,0.3132837468040369
64,45677.38,748.2,0.1482,30001.0,self_employed,debt_consolidation,0.3256580222103465
32,37866.74,735.8,0.0762,20940.96,employed,business,0.3037712245492089
62,66201.11,741.2,0.4777,6303.81,employed,debt_consolidation,0.28354727106270966
58,100327.02,648.6,0.1436,12991.76,employed,debt_consolidation,0.21110970004162066
47,88364.19,775.3,0.5251,17786.31,employed,debt_consolidation,0.4060685768730308
51,25119.51,642.3,0.2526,16102.28,employed,business,0.4916940492316129
24,39811.62,725.9,0.1779,10981.78,self_employed,home_improvement,0.32999907302710824
29,26716.65,721.7,0.3266,14736.75,employed,education,0.4467420924988197
47,127872.9,691.7,0.1806,5119.14,employed,business,0.13688733572287093
35,76594.34,672.9,0.2064,18117.28,employed,education,0.3409059765175707
50,82933.9,650.1,0.0419,57691.82,retired,home_improvement,0.615188524730679
39,80952.23,725.0,0.3411,25918.95,employed,home_improvement,0.3900859787479517
62,121753.65,690.7,0.0395,8056.52,employed,home_improvement,0.05590620324114567
57,90415.52,771.1,0.2779,41469.42,employed,debt_consolidation,0.3878512317950281
37,56103.04,588.0,0.2309,9215.05,employed,debt_consolidation,0.521383523103742
37,222015.8,701.0,0.1551,8021.54,employed,debt_consolidation,0.0844417676721042
41,166302.67,643.7,0.2415,6484.46,employed,business,0.19947733993981778
62,65552.55,805.1,0.0165,14666.59,self_employed,debt_consolidation,0.08550988650740743
40,176205.41,704.0,0.1663,21468.44,employed,debt_consolidation,0.1819473424614699
47,63597.98,780.5,0.1943,1557.49,employed,home_improvement,0.08072265211358097
46,38009.13,681.4,0.288,9743.64,employed,business,0.3872628611187752
25,20282.25,627.1,0.1344,11232.87,self_employed,debt_consolidation,0.5940400854929294
49,99595.41,725.7,0.3607,8381.23,self_employed,business,0.29963749179949
54,27361.92,567.7,0.125,5940.52,employed,debt_consolidation,0.3976659777683141
25,58980.64,737.8,0.3198,20998.1,employed,education,0.4346406896143836
39,45370.33,615.1,0.1482,12539.66,employed,debt_consolidation,0.44422339415325174
63,74899.51,638.0,0.015,35870.62,employed,education,0.2843657333436158
69,34950.48,795.1,0.0528,33065.21,retired,debt_consolidation,0.22011427176395493
54,33530.97,658.9,0.1078,57429.28,employed,business,0.7189387981491855
47,64091.3,660.2,0.072,14278.58,unemployed,home_improvement,0.528107847358185
28,49296.83,821.0,0.2621,13071.48,retired,debt_consolidation,0.3135059476425133
54,37581.33,731.2,0.1708,2608.76,self_employed,home_improvement,0.14697611198491278
30,53712.07,775.7,0.2372,12279.52,employed,home_improvement,0.2061966223300494
45,81509.97,735.5,0.2836,3800.42,self_employed,home_improvement,0.1828650861690409
25,91387.23,684.8,0.2456,18687.77,employed,home_improvement,0.3618997486617877
21,49642.08,728.1,0.0367,27380.08,employed,business,0.37871005518603995
28,15000.0,761.1,0.4404,5303.83,employed,education,0.40441181477405086
24,45250.63,709.5,0.1725,7191.12,self_employed,business,0.38571020414585805
34,36982.77,721.3,0.1172,11913.79,employed,debt_consolidation,0.2749509598849184
27,57962.18,637.8,0.2583,21132.74,self_employed,debt_consolidation,0.6921088554884917
23,36780.26,659.3,0.0755,53225.37,employed,home_improvement,0.7214297627505015
57,65989.79,732.5,0.2038,14749.28,employed,business,0.20043606116413304
26,16571.72,686.3,0.1622,13884.56,employed,home_improvement,0.37733125192067324
38,113300.16,787.0,0.1434,5891.24,employed,debt_consolidation,0.09035820366454479
54,38489.95,783.5,0.121,26597.02,employed,home_improvement,0.16611163543483182
24,134856.42,570.4,0.2874,18197.18,employed,business,0.6046877230472109
41,69586.47,570.4,0.4181,22614.45,employed,business,0.7717151623065367
65,83712.55,715.7,0.0902,8347.69,self_employed,debt_consolidation,0.12739280489648475
26,27530.84,571.0,0.3862,37519.39,unemployed,education,0.9754056409610662
58,66761.7,611.7,0.3431,10846.52,employed,education,0.3884750104466731
24,41555.3,735.8,0.2167,22907.86,employed,business,0.4728586775518811
26,67590.47,643.0,0.2942,17502.49,employed,home_improvement,0.5075359980467722
43,52574.61,758.3,0.1229,8031.13,employed,debt_consolidation,0.15370403459059545
62,45665.98,718.1,0.4459,16790.59,employed,home_improvement,0.3472360539369836
53,51477.32,582.3,0.2633,6551.54,employed,debt_consolidation,0.4547619925220598
44,23244.15,633.6,0.0606,8190.82,employed,business,0.3082226081996787
42,100007.46,621.0,0.0459,45354.63,employed,business,0.5568439074625604
30,68356.86,667.7,0.1261,7374.45,employed,education,0.2350589970688198
59,18440.07,727.0,0.1991,4353.43,employed,debt_consolidation,0.19184668110937653
60,15000.0,690.0,0.2355,4107.03,employed,medical,0.3280107934732965
65,18967.63,700.7,0.291,7810.32,employed,business,0.2820667355942935
52,58953.51,793.7,0.1945,19901.18,employed,debt_consolidation,0.18785783522945634
37,20897.02,716.4,0.0557,28376.32,self_employed,education,0.40430780838613883
38,51775.45,711.0,0.2154,19211.89,self_employed,business,0.455851403816133
39,37812.28,713.3,0.3466,15651.96,self_employed,business,0.5513892481795556
57,67985.51,692.7,0.1632,4089.35,employed,home_improvement,0.11526004401412526
66,46845.73,665.3,0.3956,9329.98,employed,business,0.3812835950772324
50,95167.56,707.7,0.26,8086.42,unemployed,home_improvement,0.46244836416666124
55,48719.04,630.7,0.3758,8962.29,retired,debt_consolidation,0.5667201531589457
33,47206.29,714.8,0.1171,33085.2,retired,debt_consolidation,0.5599953792288149
60,139972.29,597.3,0.3958,59810.08,employed,debt_consolidation,0.8256926940432663
64,26147.54,647.1,0.2214,5968.99,employed,debt_consolidation,0.2951263111787148
42,30520.52,629.8,0.4077,9512.14,self_employed,business,0.6842586317942504
34,63947.81,736.5,0.3388,33670.83,employed,business,0.5919291685960123
24,44227.48,619.9,0.1745,1864.08,employed,home_improvement,0.3435952122479644
35,88500.89,719.2,0.4703,12556.93,self_employed,debt_consolidation,0.5438610108383357
47,69753.77,704.5,0.334,12127.95,employed,debt_consolidation,0.35032848282913426
32,21969.81,669.2,0.1612,8159.32,employed,business,0.3896413012855095
22,85998.3,710.6,0.1609,13256.21,employed,home_improvement,0.23583718459807937
45,39332.45,682.0,0.2156,3201.5,employed,education,0.22401081608611617
36,45253.87,564.2,0.2449,8420.99,self_employed,debt_consolidation,0.6634559520984878
37,20299.1,694.1,0.0779,10261.78,retired,home_improvement,0.28042669417789023
68,86196.59,794.3,0.2368,6447.4,employed,debt_consolidation,0.07951314640949506
66,30932.5,698.4,0.2894,19813.89,employed,business,0.3692668162264125
55,38775.9,693.8,0.0656,60000.0,employed,home_improvement,0.5583763982141449
33,33158.95,695.7,0.2124,12997.41,employed,home_improvement,0.32845101754154843
43,59578.0,714.7,0.079,12569.56,retired,business,0.2509977334084659
43,36529.93,723.6,0.0381,13474.54,employed,home_improvement,0.1470522079570842
62,156610.21,720.9,0.4074,7115.6,employed,education,0.11999339949994682
61,54232.37,628.5,0.081,17802.09,unemployed,business,0.6555169419286231
37,66261.82,686.0,0.1723,10319.64,employed,debt_consolidation,0.29328229656628846
32,85149.61,646.1,0.0394,5817.22,self_employed,debt_consolidation,0.2713125045787026
53,28390.22,619.6,0.1449,26599.59,employed,debt_consolidation,0.5379290776315517
60,18378.77,783.4,0.1253,6040.36,employed,business,0.11016828196293406
35,80263.38,667.2,0.0805,6494.13,employed,medical,0.2754627120782501
42,65613.23,658.8,0.1172,6286.69,self_employed,debt_consolidation,0.2991558908751376
66,49838.26,639.1,0.1039,26555.93,employed,medical,0.4336769726276042
62,117174.93,747.3,0.4544,18710.93,employed,debt_consolidation,0.2814436166322977
41,81938.78,661.4,0.4799,4147.66,employed,home_improvement,0.3882559892375932
66,32255.1,698.9,0.1647,7170.14,employed,home_improvement,0.1345387835787529
43,85700.53,638.1,0.2736,17596.06,unemployed,education,0.7540636676934135
68,45509.95,672.2,0.0844,4542.72,self_employed,debt_consolidation,0.1758660362160695
44,32641.11,839.7,0.3093,3278.74,self_employed,business,0.19042875335416148
31,69753.09,703.0,0.4259,6496.37,employed,home_improvement,0.3683442919363347
32,87736.99,713.2,0.4004,18423.54,employed,home_improvement,0.40905940483394976
43,22631.56,704.8,0.4608,14450.89,employed,debt_consolidation,0.5948441673911438
47,17196.48,707.2,0.1497,23926.43,unemployed,home_improvement,0.693197464543117
65,27629.97,788.6,0.2042,11536.76,employed,home_improvement,0.10485015127083859
28,35599.71,718.8,0.2332,27742.7,employed,home_improvement,0.4739252582707327
55,73872.92,699.7,0.3977,5710.05,employed,home_improvement,0.23121916129461326
28,39030.39,706.4,0.1889,16919.13,employed,debt_consolidation,0.4296788743188193
57,26123.17,768.9,0.0985,17833.18,employed,debt_consolidation,0.17469613518879573
54,75821.26,727.0,0.0188,41071.87,employed,business,0.2890784142587604
46,65519.4,595.5,0.2274,17961.15,employed,business,0.5226515163698937
47,48111.29,681.3,0.3653,13928.8,retired,debt_consolidation,0.5608445764654083
65,18187.83,610.6,0.2411,7270.48,employed,debt_consolidation,0.3928635038386484
41,65593.47,570.9,0.6029,8199.47,employed,debt_consolidation,0.7881353922374745
61,50684.4,783.0,0.3137,16155.03,unemployed,debt_consolidation,0.5746159857223694
41,66379.66,611.7,0.1566,6012.9,employed,home_improvement,0.26490255888288106
49,111757.18,637.6,0.4629,7998.8,employed,debt_consolidation,0.44517946636733957
21,49383.47,666.3,0.1424,26345.09,employed,debt_consolidation,0.5783769214099894
34,56158.67,664.9,0.144,9589.99,employed,debt_consolidation,0.33003328567425183
60,124468.68,731.3,0.1956,26541.97,retired,education,0.20332808242800893
54,41852.83,782.0,0.2959,22031.75,employed,debt_consolidation,0.30162554787433005
57,77768.55,646.2,0.6151,27629.43,self_employed,education,0.7647793889131583
59,34619.92,742.5,0.1379,34783.09,employed,debt_consolidation,0.35023745873683104
35,200221.9,626.8,0.3662,10797.68,employed,business,0.3134289586061072
48,50779.12,617.6,0.1235,11766.49,self_employed,debt_consolidation,0.4238620972519414
67,76965.99,635.3,0.3198,16538.0,unemployed,medical,0.804711785924256
49,114429.38,696.4,0.1975,2703.99,employed,debt_consolidation,0.1381267030336389
46,27686.86,699.5,0.4568,26649.2,employed,business,0.6882819670513399
63,58225.91,774.2,0.0432,14270.23,employed,debt_consolidation,0.08939868264152737
27,37332.27,717.2,0.2287,10416.93,employed,debt_consolidation,0.3867104262252387
44,15110.06,674.1,0.102,10319.62,self_employed,home_improvement,0.29773334970155685
57,53899.63,624.8,0.098,8764.41,unemployed,education,0.5446611158965143
21,61629.98,681.0,0.1697,8087.43,self_employed,debt_consolidation,0.43354911143119834
26,30442.58,782.5,0.1198,12757.83,employed,debt_consolidation,0.24012043061848878
48,53634.99,671.2,0.1297,7006.03,self_employed,debt_consolidation,0.2881626178522179
50,51805.55,699.1,0.3368,6984.81,employed,debt_consolidation,0.3303479276105043
36,85908.7,689.1,0.12,7276.01,employed,debt_consolidation,0.20617531046322043
44,80335.95,776.3,0.2757,32618.49,self_employed,debt_consolidation,0.4456447777827037
46,45925.55,713.8,0.3473,18665.36,employed,home_improvement,0.3725759026557117
36,81851.81,589.2,0.1298,18833.7,self_employed,debt_consolidation,0.5588314476384049
68,80684.82,665.6,0.4461,10457.76,employed,business,0.36040332506737316
48,40873.66,659.3,0.0551,8172.15,employed,business,0.22347151231301424
40,92149.66,669.1,0.0835,21834.13,employed,debt_consolidation,0.29872147120153236
36,51569.26,713.2,0.1079,23111.18,employed,business,0.3417705613587881
32,51839.53,631.8,0.3992,12573.59,employed,business,0.6484315218414195
29,65646.94,667.4,0.1664,16522.89,employed,debt_consolidation,0.41988058637107256
65,28665.78,678.1,0.3286,37988.77,employed,business,0.635434267780089
46,19166.24,583.0,0.3891,6336.12,employed,debt_consolidation,0.6580840327128755
29,49067.27,619.1,0.1586,10669.65,employed,home_improvement,0.38355114352869507
62,29601.14,720.8,0.1999,13833.48,employed,debt_consolidation,0.241404405231411
39,43698.25,717.0,0.1757,18777.68,employed,debt_consolidation,0.35295649532581247
25,92674.84,724.5,0.2833,11414.59,employed,debt_consolidation,0.33688275819261454
47,95614.15,634.0,0.3437,6967.58,unemployed,home_improvement,0.6689471011938628
62,28611.65,739.1,0.1482,14064.74,self_employed,home_improvement,0.17976930867626664
55,32775.47,682.8,0.2289,15932.77,employed,debt_consolidation,0.3665976378925204
57,38236.06,636.3,0.2804,16997.74,employed,medical,0.5646464382750218
66,76974.86,705.4,0.1708,36153.33,employed,business,0.3356324369962236
43,35885.75,671.5,0.3107,4331.92,self_employed,home_improvement,0.3774230092167401
62,40857.71,554.8,0.4616,6352.56,employed,home_improvement,0.55769904533439
62,50246.24,607.1,0.3898,11141.31,unemployed,home_improvement,0.7813582922624083
24,48375.58,679.1,0.2125,18017.13,employed,home_improvement,0.42401826732387554
25,29418.68,690.9,0.3047,24520.49,employed,debt_consolidation,0.6679655253300701
57,25009.95,797.1,0.1102,14126.05,employed,debt_consolidation,0.13387604866507666
30,82646.19,722.1,0.3531,11797.91,employed,business,0.38902426563475323
25,40263.77,710.3,0.3504,6006.28,employed,debt_consolidation,0.4631396327425563
44,25271.02,646.5,0.4752,7523.83,employed,debt_consolidation,0.6300182199078153
56,62940.82,803.6,0.2169,24073.19,employed,debt_consolidation,0.19750961105304243
61,65429.98,622.9,0.3646,3457.92,retired,home_improvement,0.3602419935749255
57,67244.67,695.1,0.3825,10166.89,employed,debt_consolidation,0.3412873808613142
38,57778.18,656.4,0.3181,19093.25,employed,debt_consolidation,0.566029897198987
68,28615.59,686.5,0.2632,9736.86,self_employed,debt_consolidation,0.3384561217301423
59,31253.28,593.0,0.2982,10194.24,employed,debt_consolidation,0.5112539619904126
40,33721.8,726.7,0.2071,6982.74,employed,debt_consolidation,0.2678578148277238
40,39006.32,764.1,0.3575,6580.26,employed,debt_consolidation,0.3072904859742364
50,30459.14,708.4,0.3041,29024.37,employed,debt_consolidation,0.5510292592329301
26,31285.56,609.2,0.2605,3791.64,unemployed,business,0.8546026048160216
52,103522.87,654.7,0.3917,31644.37,self_employed,home_improvement,0.5800586029663449
47,17228.76,731.6,0.2071,10433.5,employed,debt_consolidation,0.28534011088272404
64,48485.71,698.5,0.1126,60000.0,self_employed,business,0.6744512979990234
21,94327.41,656.5,0.4088,3337.71,employed,education,0.4294295521183486
60,38835.6,682.0,0.226,19395.6,retired,debt_consolidation,0.44293963373907735
26,48941.86,657.1,0.4439,21549.16,employed,home_improvement,0.6834288748177721
56,80564.12,710.6,0.156,28972.15,employed,debt_consolidation,0.29694712784803057
53,36430.71,760.3,0.1981,10619.93,employed,debt_consolidation,0.19200029282164063
63,44172.82,614.5,0.3392,4068.62,unemployed,debt_consolidation,0.7572100410289642
30,50264.62,633.8,0.2751,40381.3,employed,home_improvement,0.7393526344914553
22,166795.5,711.8,0.2258,19229.94,employed,business,0.26814456929747676
62,94775.83,704.1,0.2633,5462.82,unemployed,home_improvement,0.3821973456481707
46,60085.71,803.3,0.102,8736.87,retired,debt_consolidation,0.13306334287680346
45,51718.15,663.5,0.3046,4289.44,employed,debt_consolidation,0.3635149644597185
54,23084.44,638.0,0.0773,10266.82,employed,debt_consolidation,0.2916918595152413
36,17447.35,731.0,0.2639,14214.96,employed,debt_consolidation,0.42117350097757883
32,38066.27,734.2,0.1484,14540.6,self_employed,debt_consolidation,0.3735809608077209
66,104894.78,752.0,0.1177,15937.84,employed,education,0.07269033623288865
27,45002.49,808.7,0.0202,25425.44,employed,debt_consolidation,0.21401241895202125
64,21133.36,628.3,0.2541,8990.94,employed,debt_consolidation,0.3893709865879467
60,49254.4,589.1,0.0392,10523.83,employed,home_improvement,0.2053043761944211
38,15000.0,585.1,0.3361,60000.0,employed,home_improvement,0.9273788525977922
62,34042.62,673.9,0.1157,3210.47,self_employed,debt_consolidation,0.21724985816939327
42,28211.66,598.0,0.0885,15032.83,employed,debt_consolidation,0.46716224580998217
62,76004.72,750.9,0.271,4891.25,employed,business,0.13171181359992276
41,76058.01,624.7,0.2123,14146.32,employed,debt_consolidation,0.4281350707636754
25,27603.45,595.4,0.322,9640.96,self_employed,debt_consolidation,0.7593564187480887
60,123449.47,735.9,0.0526,14210.36,unemployed,debt_consolidation,0.28796662658452776
28,30988.86,615.8,0.247,11116.9,employed,debt_consolidation,0.6014011769950443
21,55546.23,670.5,0.1493,25009.15,retired,home_improvement,0.5425364386676395
63,36052.61,603.9,0.4457,13586.99,employed,debt_consolidation,0.6224336062434838
61,20361.78,676.9,0.09,8450.43,unemployed,debt_consolidation,0.5540434538470002
21,31396.02,695.4,0.2462,9075.28,employed,business,0.4647310795964783
36,53617.41,723.3,0.1504,15298.83,employed,debt_consolidation,0.28881357038764915
57,127951.56,737.9,0.3908,16610.8,employed,debt_consolidation,0.23936240782268467
21,145863.77,670.8,0.2886,26556.97,unemployed,medical,0.8718998763260986
47,43078.85,706.1,0.4152,6727.59,self_employed,debt_consolidation,0.4835157479608028
69,59271.38,751.8,0.267,6821.81,employed,debt_consolidation,0.13933600267681867
65,58831.52,545.9,0.4203,20894.46,employed,home_improvement,0.6354193483536649
29,43717.57,657.4,0.123,13306.2,unemployed,medical,0.8198801125370866
65,61517.14,696.9,0.1436,27983.87,self_employed,home_improvement,0.2761592861057031
42,51239.27,678.6,0.3762,20536.85,employed,debt_consolidation,0.5820161717709504
28,106726.48,655.3,0.2122,29061.18,employed,debt_consolidation,0.5372992504995789
62,55969.76,779.8,0.1164,5370.53,unemployed,debt_consolidation,0.2920949878899649
39,37047.11,760.0,0.0926,12947.41,self_employed,home_improvement,0.18517529395051502
31,68439.35,647.3,0.2656,39274.61,employed,business,0.7387967339874884
60,99958.22,715.3,0.0929,20497.28,employed,business,0.14941477478588736
62,40125.28,591.9,0.3644,14771.51,employed,home_improvement,0.4938452081800963
54,15000.0,721.6,0.1268,16468.73,employed,debt_consolidation,0.2675321080358354
40,72666.54,671.0,0.2014,26005.58,employed,debt_consolidation,0.46915641352878795
40,91764.85,762.7,0.4247,12472.67,employed,debt_consolidation,0.32352043846262635
35,110504.33,593.3,0.1914,7903.61,employed,home_improvement,0.28851510180611956
30,37512.41,673.7,0.2344,5544.33,employed,home_improvement,0.3191817572917527
53,22138.82,677.6,0.0566,19736.98,employed,debt_consolidation,0.3045221693174107
60,91977.79,642.1,0.2204,6014.85,employed,business,0.21504542106305893
41,17846.07,661.3,0.0552,13031.25,employed,business,0.32717760068176666
29,33605.08,669.3,0.2207,12853.78,employed,education,0.4177855638040625
37,34596.31,802.0,0.1745,5055.17,employed,home_improvement,0.11237478598590986
57,26658.68,748.9,0.1425,21147.52,retired,medical,0.3874699933406747
22,90413.61,771.9,0.4294,18576.78,employed,business,0.4613599624732264
69,30768.97,502.4,0.1196,7702.58,unemployed,home_improvement,0.7225522857527044
66,63979.9,670.2,0.2127,2527.01,employed,home_improvement,0.1270523940471566
32,39646.73,824.9,0.2925,10029.8,employed,debt_consolidation,0.23555429352935112
43,27769.55,739.5,0.2015,16638.31,employed,medical,0.39932983385121457
22,62407.14,670.1,0.1244,12342.5,unemployed,debt_consolidation,0.7437998284007945
52,25290.25,670.6,0.3426,7548.07,employed,debt_consolidation,0.4292812363412977
61,49250.42,724.7,0.01,12262.94,employed,medical,0.15226788449033973
25,27486.21,748.7,0.1308,50263.52,employed,home_improvement,0.5963442527523728
21,36655.06,732.1,0.2205,28308.53,employed,debt_consolidation,0.5712834226301461
25,51789.11,588.5,0.5979,8405.51,employed,business,0.8331195750883507
32,119081.45,808.8,0.2348,25305.79,employed,debt_consolidation,0.22278046116567218
30,45890.21,753.1,0.3111,5663.13,employed,debt_consolidation,0.31644564210296067
43,80493.99,650.5,0.0916,16510.23,employed,debt_consolidation,0.2924185452902322
29,49467.74,528.3,0.0466,48997.68,employed,business,0.8523768972510941
63,56708.12,711.0,0.2416,46320.65,employed,home_improvement,0.4587681693757144
51,68613.52,688.3,0.3648,16818.01,employed,debt_consolidation,0.43278746312592675
49,43535.61,653.9,0.1788,8778.22,employed,home_improvement,0.24390989495906729
68,24224.16,686.4,0.2253,8118.35,self_employed,home_improvement,0.23101276251121602
56,22304.88,644.3,0.2012,9734.82,self_employed,home_improvement,0.3471092620669366
59,66478.97,603.0,0.0884,14368.13,employed,debt_consolidation,0.2952391997363484
65,70128.63,680.7,0.574,9537.32,employed,debt_consolidation,0.47460165017972133
40,53122.33,717.6,0.115,16187.52,self_employed,debt_consolidation,0.32396398658620323
64,21576.7,631.0,0.3653,7687.62,self_employed,debt_consolidation,0.5388657364696583
45,65689.67,677.3,0.445,26413.22,employed,debt_consolidation,0.6568375622416168
25,37923.31,709.2,0.3229,13429.0,self_employed,debt_consolidation,0.5957018007252793
42,69840.68,729.8,0.168,33615.33,employed,business,0.4009773827513739
57,42372.71,649.9,0.1483,9932.88,self_employed,business,0.33428674624940174
53,65027.9,634.1,0.1788,12048.21,employed,medical,0.3979355837816344
22,147972.47,700.7,0.3122,8153.89,retired,education,0.2968311088663885
34,31210.88,618.0,0.0245,11911.83,self_employed,business,0.4462216285275442
64,112395.22,594.3,0.2016,10044.51,employed,business,0.2522009898599947
63,21447.91,654.2,0.3696,11236.8,employed,debt_consolidation,0.4694539512154744
41,19916.61,781.3,0.1561,11484.69,self_employed,debt_consolidation,0.26536268132295493
35,131853.77,607.0,0.6642,7839.21,employed,business,0.6957861887391561
64,48942.54,800.2,0.1314,39328.35,employed,education,0.20026962530096015
51,100179.73,679.2,0.1628,11424.97,employed,business,0.19564187301720423
60,114074.72,661.8,0.097,26944.53,employed,medical,0.3053262107394947
45,57906.02,675.9,0.2673,11716.22,employed,business,0.36722131898319993
41,39039.64,749.6,0.0393,11840.87,unemployed,debt_consolidation,0.4825238079302521
54,35920.76,802.8,0.1311,20062.0,retired,debt_consolidation,0.21845189468412113
69,48494.16,604.9,0.3916,17396.87,employed,business,0.5521165222074192
39,20655.74,707.6,0.2404,7080.92,employed,education,0.28840601849427855
58,45810.54,595.1,0.1859,16041.63,employed,education,0.3778769399034691
53,64690.5,635.6,0.0894,5135.7,employed,home_improvement,0.1521542900058616
32,71745.89,606.9,0.2657,5062.83,employed,business,0.46357615465383056
58,26189.73,705.8,0.4529,22789.19,retired,debt_consolidation,0.6632881187437797
25,38002.21,595.1,0.158,16008.56,employed,education,0.5452355955853374
40,53175.64,720.0,0.2593,36016.67,retired,debt_consolidation,0.6515106850497592
30,184551.52,701.2,0.1377,24761.8,employed,home_improvement,0.1597124463662508
54,34172.38,750.1,0.3065,37689.71,self_employed,home_improvement,0.5196816466935944
59,32287.94,742.1,0.1751,4541.14,employed,debt_consolidation,0.14981188521115935
53,53217.74,644.7,0.1832,34350.81,employed,debt_consolidation,0.5570897068762914
33,40560.04,735.2,0.2796,10580.32,employed,business,0.35689917603123417
31,71950.12,739.6,0.4096,13347.31,employed,medical,0.5234669985637104
39,15000.0,636.5,0.2985,12406.71,employed,home_improvement,0.5035116864537795
37,31162.39,683.3,0.1389,14751.88,employed,debt_consolidation,0.3746968451556722
26,63127.18,666.1,0.3043,6344.15,employed,business,0.4512286553247695
56,28768.06,724.2,0.0785,9309.98,self_employed,home_improvement,0.1514868195998125
45,85342.48,707.4,0.0586,7702.32,self_employed,debt_consolidation,0.1709326617772161
48,34119.34,703.3,0.1685,14169.98,employed,home_improvement,0.22968561801885728
33,69092.06,649.1,0.0973,15598.09,employed,business,0.35255873933710713
48,65747.5,646.7,0.3877,11123.81,employed,home_improvement,0.4012160537710742
52,39141.18,730.3,0.3751,4015.73,employed,debt_consolidation,0.2951290503376814
22,87056.92,738.7,0.1672,17483.0,self_employed,debt_consolidation,0.37006158023888336
45,44692.89,650.7,0.4295,17963.87,employed,debt_consolidation,0.6464190872955271
63,41455.75,753.9,0.1466,8676.35,unemployed,medical,0.49220366808224636
63,35510.71,661.3,0.23,23389.96,retired,debt_consolidation,0.5167161546618467
43,47715.91,632.3,0.2867,37710.79,employed,debt_consolidation,0.7477792579716034
67,57321.17,760.8,0.1108,2426.45,employed,home_improvement,0.05075848617777671
61,52054.85,659.2,0.0751,7810.57,employed,education,0.13913996450620883
56,45057.71,673.4,0.2099,9978.02,employed,debt_consolidation,0.2863150119506204
27,42297.01,730.3,0.3262,42828.82,self_employed,home_improvement,0.7374582824964765
68,88379.69,610.5,0.1087,9559.13,unemployed,debt_consolidation,0.5320923357862999
48,32651.74,669.0,0.0768,11570.66,employed,debt_consolidation,0.26717380474212676
68,80067.89,669.7,0.2081,8784.08,employed,home_improvement,0.1360982055729966
31,69297.83,681.7,0.1274,14228.12,unemployed,debt_consolidation,0.6941052131951457
45,97991.51,764.2,0.066,27574.72,self_employed,debt_consolidation,0.22461318900490035
26,34051.91,630.1,0.3125,20061.67,retired,medical,0.8302933930660961
28,50747.83,671.5,0.2274,22138.67,employed,debt_consolidation,0.5588510667754927
39,40611.89,810.3,0.2481,28777.01,employed,debt_consolidation,0.3549000865094753
65,123521.3,731.2,0.4888,15196.29,employed,medical,0.3460339471198046
29,102176.86,703.2,0.2977,16337.99,employed,education,0.3295818477411453
42,86694.98,613.4,0.1378,9934.38,employed,education,0.26191669506259163
41,111747.75,609.3,0.1118,23640.5,employed,debt_consolidation,0.3981986241786896
34,62939.38,755.8,0.3689,17985.89,employed,debt_consolidation,0.42756026022756854
45,39485.39,712.4,0.2603,8860.87,employed,debt_consolidation,0.3125066137761996
44,27969.69,677.6,0.264,10543.45,employed,home_improvement,0.3315716738520893
64,33059.0,696.2,0.1512,10657.44,employed,business,0.20384091233419765
50,50480.39,683.1,0.2339,49679.92,employed,business,0.696359968668694
25,58050.93,678.2,0.0633,11495.99,employed,home_improvement,0.2321716825070542
36,30711.43,738.9,0.1055,26856.42,unemployed,debt_consolidation,0.74023814243862
43,147128.1,608.0,0.1957,4193.45,self_employed,home_improvement,0.2102777989820872
30,24073.95,632.9,0.0896,20346.37,employed,debt_consolidation,0.5327067749346202
37,58656.87,775.1,0.22,14580.61,self_employed,medical,0.3741710656568526
34,42647.51,664.4,0.2984,5975.02,employed,education,0.37940008016588966
25,41000.36,755.5,0.2655,9249.86,employed,business,0.3375989458405815
30,129947.74,758.9,0.3647,20639.99,employed,debt_consolidation,0.3401014157259555
57,40415.53,643.1,0.2418,7096.64,employed,education,0.27517914065652915
65,22316.79,732.4,0.1529,3430.67,self_employed,home_improvement,0.12856079544654528
55,18711.36,633.2,0.2232,13440.58,employed,business,0.4459465627441524
69,90390.33,546.2,0.3399,60000.0,employed,home_improvement,0.8286383646718569
30,49451.62,762.8,0.3607,36932.86,employed,debt_consolidation,0.6496262760695803
57,38191.84,717.3,0.2007,6095.51,employed,business,0.19389936068349325
53,24148.65,681.5,0.1574,34967.32,employed,business,0.5247233041788971
41,58754.6,730.4,0.2211,31550.15,employed,debt_consolidation,0.45704194721568425
35,22626.38,651.6,0.1054,21834.9,employed,home_improvement,0.4125462000239639
23,29870.63,645.3,0.1059,18335.56,employed,home_improvement,0.43815070460988625
63,51063.95,641.4,0.3543,3483.35,employed,medical,0.4211630806704663
63,56220.9,756.9,0.4868,10389.53,employed,home_improvement,0.24067670012300518
31,45640.26,681.1,0.1137,52482.62,employed,home_improvement,0.6567892895367565
47,32537.27,785.9,0.1661,6948.57,employed,debt_consolidation,0.15036796744215516
63,59953.6,667.8,0.2023,6752.42,unemployed,business,0.5561804584721136
64,59552.18,733.2,0.2,13069.08,employed,debt_consolidation,0.1751351507872758
64,44619.77,608.3,0.046,34006.15,self_employed,debt_consolidation,0.5311602220013478
47,55996.79,656.3,0.0807,15944.76,employed,home_improvement,0.2230332059768891
53,44943.24,718.1,0.1381,14874.97,employed,debt_consolidation,0.22715822742959305
50,115748.58,635.9,0.2786,6781.62,self_employed,home_improvement,0.2625134880252593
46,15304.73,497.2,0.1036,13634.75,employed,debt_consolidation,0.6511269183484097
61,22177.84,718.1,0.0837,8145.13,employed,education,0.121654772061623
46,28798.05,709.2,0.1223,53856.98,unemployed,education,0.877862835054946
56,138787.75,677.0,0.3064,7469.56,self_employed,business,0.23488265842749334
41,38981.07,568.0,0.2036,5493.4,retired,business,0.5840436165557095
48,86015.15,644.2,0.2985,8941.64,retired,debt_consolidation,0.4384235490175354
28,65375.97,572.8,0.2453,29625.04,employed,business,0.769206894064272
38,56464.85,608.1,0.1196,11583.77,unemployed,education,0.7088198069945386
69,45807.07,708.6,0.0502,14475.95,employed,debt_consolidation,0.1377238051910448
28,43373.24,690.3,0.3635,23082.95,employed,debt_consolidation,0.662312042078784
42,65433.5,705.2,0.145,12088.84,unemployed,home_improvement,0.510522180664217
35,20751.22,581.6,0.0708,13691.58,employed,debt_consolidation,0.5206577210963438
58,38982.14,694.1,0.6245,10187.76,employed,debt_consolidation,0.5994631333795382
67,41680.03,609.0,0.1197,7552.8,employed,home_improvement,0.19234972666003813
35,27071.39,660.3,0.1293,9764.18,retired,debt_consolidation,0.4561129587280127
28,70186.07,640.5,0.2689,50817.71,employed,debt_consolidation,0.8404934603952292
61,80413.73,685.8,0.4143,6266.59,employed,business,0.2980808692209798
29,26562.53,826.1,0.0767,14565.21,self_employed,business,0.21162290099718123
60,29470.99,581.7,0.2989,4141.48,employed,debt_consolidation,0.46736232760373586
66,36019.17,732.0,0.3736,7560.11,employed,debt_consolidation,0.2651904570783208
21,118812.1,533.9,0.4907,13474.49,employed,debt_consolidation,0.8064961690163518
51,70228.62,668.6,0.2098,10295.33,employed,home_improvement,0.210347279037594
52,50980.35,677.9,0.2343,9258.96,employed,business,0.29415615706068976
32,45989.26,620.8,0.2415,11571.95,employed,home_improvement,0.4504607383613392
22,15000.0,755.4,0.4255,60000.0,employed,home_improvement,0.8753378827530353
53,31715.49,612.1,0.2118,5557.27,employed,debt_consolidation,0.38515360645643926
56,75172.84,770.8,0.3403,11548.58,employed,business,0.20212322882656478
41,24946.58,572.1,0.3731,3440.01,employed,medical,0.7200004526724951
57,126923.78,738.8,0.0428,50739.69,employed,home_improvement,0.21242011052453452
48,15000.0,729.6,0.234,15288.48,employed,debt_consolidation,0.35229065974191437
22,51231.96,619.6,0.2981,23718.58,employed,home_improvement,0.6670408224699887
56,17375.41,697.5,0.4351,8328.65,employed,home_improvement,0.3735083048281836
30,42243.9,696.6,0.1615,7870.8,employed,home_improvement,0.2454859700716504
45,18007.14,680.2,0.2155,16399.57,employed,home_improvement,0.35723693157712605
36,72765.45,581.9,0.1605,7668.91,employed,debt_consolidation,0.42751937521839045
34,144177.22,563.9,0.2782,3563.8,employed,business,0.38575775822296504
33,137416.61,722.7,0.294,22585.27,employed,business,0.3295493669231432
69,31427.93,729.7,0.5531,10503.22,employed,debt_consolidation,0.43122191642086005
31,118018.49,635.7,0.2168,12874.34,employed,debt_consolidation,0.3719023058626153
60,86066.49,660.2,0.0992,31045.66,employed,business,0.3194868993496735
33,35343.73,744.9,0.2511,41624.38,employed,debt_consolidation,0.6476386008466378
42,32407.57,723.2,0.5448,13937.69,employed,debt_consolidation,0.6143250594986099
69,78843.8,639.9,0.4863,33140.79,self_employed,debt_consolidation,0.7351301194423694
60,15000.0,627.8,0.165,4823.31,employed,debt_consolidation,0.3103227775627749
30,33914.25,700.4,0.0324,10539.13,unemployed,debt_consolidation,0.6212769673636489
35,66287.12,606.9,0.4206,4225.81,employed,education,0.5199126676838424
69,15000.0,612.6,0.2831,48582.84,employed,home_improvement,0.7318491040267284
39,29690.32,562.1,0.1992,12895.01,unemployed,debt_consolidation,0.8850164927179298
61,115976.9,716.2,0.1542,11153.13,employed,debt_consolidation,0.11427579819273756
63,44593.34,549.5,0.2796,17137.86,employed,medical,0.6735755459603583
29,101929.82,731.0,0.0626,14142.81,employed,home_improvement,0.12862240666900057
66,15000.0,759.2,0.1854,7244.97,employed,education,0.11781631495197595
69,15000.0,702.8,0.165,6105.39,employed,business,0.179550597679861
36,95947.9,785.3,0.1876,10852.68,employed,home_improvement,0.10728378348457246
30,108481.8,666.8,0.1384,16860.32,employed,home_improvement,0.24386789093565783
62,39387.84,636.6,0.5443,17106.52,employed,debt_consolidation,0.6786051317808884
45,210820.1,534.1,0.1574,4666.33,employed,home_improvement,0.15013792869063355
26,57346.28,619.2,0.2935,10879.88,employed,debt_consolidation,0.5923826297389869
52,138078.9,693.4,0.0958,23533.46,employed,business,0.17249148351815394
53,23757.8,760.9,0.0746,3504.77,employed,education,0.08635440550276505
66,80256.31,722.7,0.0933,3958.08,retired,debt_consolidation,0.10871047121726359
31,77891.46,688.3,0.17,4931.95,employed,medical,0.3167669357086685
34,38138.68,670.3,0.1636,5685.98,self_employed,home_improvement,0.31569632886074583
31,88146.25,726.8,0.2048,13510.44,retired,business,0.3391024274109538
45,18601.56,719.3,0.1153,7704.86,self_employed,home_improvement,0.21331138483016168
37,31292.84,735.7,0.2538,9367.14,employed,home_improvement,0.25155179459977095
22,34610.35,709.7,0.4251,16782.71,employed,business,0.6587453665190156
28,41889.4,731.5,0.1497,20794.15,employed,medical,0.4644576137113886
27,163217.14,669.8,0.0392,5338.43,employed,debt_consolidation,0.12042841905997123
59,110063.81,616.4,0.0491,16810.96,self_employed,education,0.207088562902117
52,73983.85,538.0,0.0369,22188.4,employed,business,0.45683912043930935
23,42218.94,656.7,0.4504,7390.76,employed,debt_consolidation,0.665116792962025
32,45860.23,720.8,0.1961,32496.86,self_employed,business,0.6030105041387115
63,82854.54,568.8,0.3885,7106.09,employed,education,0.4084447994361821
29,82013.82,691.9,0.2704,7715.38,unemployed,debt_consolidation,0.7140615346388324
40,51534.63,665.6,0.1761,4263.7,employed,debt_consolidation,0.2853807910432
51,47351.19,659.6,0.0963,12716.91,retired,debt_consolidation,0.33816342070907024
61,26351.32,662.8,0.1513,17304.68,employed,education,0.27314923385313633
54,70424.48,657.2,0.1472,6995.81,unemployed,debt_consolidation,0.5640106590401294
29,54147.92,595.8,0.1885,11740.4,unemployed,debt_consolidation,0.8492487971670218
34,54043.62,693.6,0.1286,12357.74,unemployed,debt_consolidation,0.6710274580807847
46,64940.92,670.8,0.218,16823.62,self_employed,home_improvement,0.35616659576402737
48,97412.63,721.2,0.0147,18542.56,employed,debt_consolidation,0.13771160740786983
31,18408.84,745.8,0.0959,15892.41,self_employed,debt_consolidation,0.36526626491972913
46,107012.93,725.4,0.0316,34839.39,employed,home_improvement,0.1792732443336463
67,25545.32,719.1,0.3255,10367.03,employed,business,0.28140855629865025
28,106843.86,682.1,0.175,13157.48,self_employed,home_improvement,0.2845761746733734
40,42085.38,726.4,0.4061,18271.64,unemployed,debt_consolidation,0.8399251755860784
69,43404.83,661.7,0.0733,13122.56,employed,business,0.18723357547128663
65,34210.07,583.9,0.0718,11469.34,employed,medical,0.3871968030161651
47,67421.67,673.1,0.1281,27667.53,self_employed,debt_consolidation,0.46409663557033703
40,25325.67,745.7,0.1007,6688.2,employed,education,0.14792464588976292
49,93190.57,741.2,0.2432,18607.4,self_employed,debt_consolidation,0.2948488649966703
38,77782.22,625.0,0.2791,10352.97,employed,debt_consolidation,0.45887946180124306
61,68927.6,683.5,0.0981,10041.58,unemployed,debt_consolidation,0.46955093017460586
23,68718.56,717.1,0.2104,6666.57,employed,education,0.24420168383044044
33,87927.84,607.7,0.1474,43706.2,employed,home_improvement,0.6370824508603806
25,49717.93,703.3,0.4326,15946.36,employed,home_improvement,0.5419854960265931
58,55772.77,468.2,0.2996,60000.0,employed,home_improvement,0.9259034813132372
40,47697.55,754.6,0.3185,31704.92,retired,debt_consolidation,0.6082598235247207
33,19502.29,702.8,0.2754,11307.44,employed,debt_consolidation,0.464524374746269
32,97068.89,711.2,0.065,18364.82,employed,business,0.22015348572935878
55,52929.16,572.9,0.1947,18541.07,employed,debt_consolidation,0.5239144205235833
69,21505.68,638.1,0.1085,7000.83,employed,business,0.22214953132236231
30,103048.01,644.3,0.2886,6719.89,employed,debt_consolidation,0.3885384171346909
33,98416.54,625.8,0.2084,18005.99,employed,home_improvement,0.3729406165664481
63,40516.32,791.5,0.1794,8057.11,self_employed,home_improvement,0.10297966631063937
32,61202.13,641.6,0.0973,14804.55,employed,home_improvement,0.3006683464927838
42,52498.1,580.3,0.2667,5849.18,employed,home_improvement,0.4206546903277864
53,173882.15,570.9,0.3546,15564.73,employed,business,0.40290468566298326
59,87540.28,661.2,0.2031,31572.39,employed,home_improvement,0.3297627942874217
69,39020.89,699.9,0.0749,17774.89,employed,debt_consolidation,0.18380289440760456
29,74305.62,611.6,0.3552,31617.14,unemployed,home_improvement,0.9245112568956104
48,25452.08,666.2,0.487,19845.08,employed,debt_consolidation,0.7020553090852486
32,75059.02,712.0,0.0607,28676.73,employed,debt_consolidation,0.34210865938461216
46,37163.83,763.2,0.3916,58767.78,employed,education,0.7510641001004258
60,32525.25,621.0,0.1823,15125.06,employed,home_improvement,0.31846192120057826
22,38196.16,642.0,0.2309,13034.78,employed,business,0.572148495477766
27,40907.13,717.6,0.3956,5936.34,retired,home_improvement,0.4679974352151016
39,91025.71,635.2,0.1644,25562.26,employed,education,0.3973199269989761
40,24465.67,726.0,0.1583,28344.66,employed,debt_consolidation,0.44990596704355973
45,119498.41,794.4,0.3169,6026.81,employed,debt_consolidation,0.12451876244275806
24,40199.72,678.9,0.1207,6763.64,employed,home_improvement,0.26211157357123455
48,50234.83,637.9,0.3946,1543.87,unemployed,debt_consolidation,0.7909813125618274
56,31668.99,622.1,0.1586,9898.77,employed,debt_consolidation,0.3518157165949246
32,47208.62,640.7,0.2875,10411.69,employed,debt_consolidation,0.5309687178017858
62,110649.9,713.4,0.4207,14211.2,self_employed,home_improvement,0.26588699310739616
23,45718.01,586.1,0.3005,18808.82,employed,debt_consolidation,0.7565438392592105
58,29826.98,660.0,0.0941,7296.04,employed,home_improvement,0.1647776337744817
39,43413.0,673.5,0.3689,19090.0,employed,home_improvement,0.5106962535291368
24,36174.99,633.1,0.1605,12199.13,employed,business,0.5116646034212683
36,39804.65,669.5,0.1746,25800.35,employed,home_improvement,0.4416803883414757
52,44787.17,603.4,0.1776,21907.64,employed,home_improvement,0.42906702001079067
62,41475.32,681.3,0.1478,12137.89,employed,home_improvement,0.1724852079179718
36,66394.25,793.4,0.1722,7661.17,employed,debt_consolidation,0.14611533164700088
24,86287.27,659.9,0.381,18245.9,self_employed,home_improvement,0.6058045996381684
58,28005.24,711.0,0.1404,5066.42,employed,debt_consolidation,0.17507565402168734
47,191277.39,652.9,0.2889,8263.43,retired,business,0.22937356651140034
61,26111.33,764.1,0.2029,11395.58,employed,medical,0.23438695835181744
68,51035.24,640.9,0.0196,9788.12,self_employed,home_improvement,0.15044861830918876
43,31692.03,680.1,0.5992,6970.63,self_employed,education,0.6625641094797091
43,31159.04,599.5,0.2799,16283.43,self_employed,debt_consolidation,0.6964416587885939
53,97206.15,736.9,0.2019,7899.5,employed,education,0.10596687821260392
57,45475.81,697.2,0.1278,17544.2,employed,home_improvement,0.18969863402324783
29,86123.47,680.5,0.491,6316.96,self_employed,debt_consolidation,0.6039942770702091
69,23511.06,703.9,0.2155,24822.57,employed,debt_consolidation,0.35263777734577206
27,56990.29,680.5,0.3292,16652.83,self_employed,home_improvement,0.5487794737529078
69,86265.27,742.6,0.2525,14823.84,employed,debt_consolidation,0.15685639983449848
29,114400.63,731.5,0.2511,7109.6,self_employed,home_improvement,0.20492369101641247
42,36937.06,673.1,0.0588,6540.99,employed,debt_consolidation,0.2283971438470954
50,77868.67,778.1,0.3263,22095.34,employed,home_improvement,0.21976256128376817
62,20632.48,695.6,0.3341,60000.0,employed,debt_consolidation,0.8209826721336383
41,57269.81,732.1,0.1342,6409.02,employed,business,0.1738872663702321
29,19171.24,631.9,0.4461,39522.83,self_employed,debt_consolidation,0.927575000590455
33,97591.71,759.9,0.3591,11267.38,unemployed,home_improvement,0.5732998810143284
66,22126.49,673.5,0.0466,7442.03,employed,business,0.16061369455497762
38,55794.01,716.7,0.411,3869.14,employed,home_improvement,0.30053231555015425
37,20275.67,740.1,0.1838,8339.46,employed,debt_consolidation,0.2773632389795383
52,27607.6,746.7,0.2805,5187.14,employed,business,0.23013321852197613
30,80337.72,673.3,0.1663,8335.68,unemployed,business,0.6638937184990619
35,32342.57,637.6,0.1925,4776.3,employed,medical,0.48835995277424343
29,44396.15,705.9,0.3886,9905.09,employed,debt_consolidation,0.51574771873858
41,45340.68,628.6,0.3635,9474.06,unemployed,medical,0.8945974547601611
41,87773.53,703.9,0.1799,1247.43,employed,home_improvement,0.12016465622603593
52,49246.91,815.9,0.1212,21345.78,employed,debt_consolidation,0.148302898658466
54,57329.57,815.1,0.2705,10452.15,employed,debt_consolidation,0.14395177922588867
62,48340.81,803.9,0.155,13010.08,employed,home_improvement,0.07815259894930272
48,43158.36,729.6,0.2047,42864.73,employed,home_improvement,0.46405325250912494
30,59408.83,621.1,0.2762,5667.53,employed,debt_consolidation,0.4941879179190499
68,84511.81,611.4,0.1597,13721.25,unemployed,medical,0.6964788231521344
31,49668.46,694.3,0.1664,17807.41,employed,home_improvement,0.3204034892428443
55,19057.36,623.1,0.3418,30559.31,employed,debt_consolidation,0.7339145794421592
32,31115.86,783.6,0.1706,5785.14,employed,business,0.1924018764622932
61,39162.08,755.6,0.1499,11269.72,self_employed,debt_consolidation,0.1905438579569558
63,61037.02,724.6,0.2336,7571.67,unemployed,business,0.48530261340937625
28,48831.18,623.6,0.1858,3263.72,self_employed,home_improvement,0.3997996271212215
61,77954.6,722.5,0.0651,6797.35,employed,medical,0.12298288903028248
68,43005.94,586.1,0.2304,32283.03,employed,debt_consolidation,0.6217002567243793
40,39182.18,617.2,0.2423,14775.91,employed,debt_consolidation,0.5528572757573261
37,163669.13,695.8,0.2023,22533.6,employed,business,0.2440222591814818
45,18520.1,723.4,0.1187,22345.81,employed,debt_consolidation,0.34651896892074047
38,19424.29,624.9,0.2264,7298.2,self_employed,debt_consolidation,0.5693065175660976
50,36441.96,666.7,0.1106,8698.9,employed,education,0.20539689783374912
45,82713.73,639.9,0.0648,2276.81,self_employed,debt_consolidation,0.22013424648874605
36,22416.78,666.9,0.2076,42182.91,unemployed,medical,0.9512982155036022
48,16630.2,751.3,0.3672,9977.9,self_employed,home_improvement,0.35178647362401344
26,29702.93,616.8,0.3466,5085.26,employed,business,0.6294783370856036
36,87800.18,661.2,0.3097,9781.69,employed,business,0.39907659491267305
52,53962.06,641.5,0.4764,19541.45,unemployed,debt_consolidation,0.9029904024911605
38,53579.35,685.0,0.3557,5470.1,employed,home_improvement,0.3274709606146934
63,95037.59,690.4,0.5462,15354.65,employed,debt_consolidation,0.4548861404139851
24,88071.45,695.3,0.2633,34128.84,employed,business,0.6122488811210939
58,42444.32,675.2,0.1142,10402.58,employed,debt_consolidation,0.21965185516324473
62,34085.51,642.3,0.5616,12994.69,employed,home_improvement,0.5667052592548302
68,70621.56,763.5,0.2961,18903.95,employed,debt_consolidation,0.2032605700879524
59,53506.29,615.3,0.1735,29688.0,retired,debt_consolidation,0.6028716300262971
59,26771.05,795.2,0.2947,7211.21,employed,home_improvement,0.12787808755221391
69,25222.79,580.4,0.0481,16665.13,retired,education,0.3566000530341684
29,38899.68,702.2,0.218,43722.58,unemployed,education,0.9023851378340804
48,56691.87,679.7,0.1612,12278.0,unemployed,home_improvement,0.5583651516239846
36,50857.21,627.2,0.1359,14026.08,employed,debt_consolidation,0.4322562178310829
57,68501.98,680.0,0.0584,30978.56,employed,home_improvement,0.23380617697162548
44,20948.25,638.1,0.2216,17628.27,self_employed,business,0.6062916983972234
26,33216.41,594.6,0.0842,19007.67,employed,home_improvement,0.4966667953061364
38,65539.63,677.3,0.0874,7008.67,employed,home_improvement,0.16310424412755753
34,23809.42,783.7,0.0776,22805.35,employed,debt_consolidation,0.2672961911283962
54,55771.86,613.8,0.433,12945.7,employed,home_improvement,0.5068391418000651
49,161479.42,698.4,0.1586,12110.47,employed,debt_consolidation,0.12339508310356788
26,93385.82,703.1,0.5216,22769.84,self_employed,debt_consolidation,0.7428887876775618
63,41708.19,745.5,0.1641,11746.37,employed,home_improvement,0.11651314357469934
35,60105.25,687.3,0.1424,4842.72,employed,business,0.23940831060382567
60,34358.35,725.9,0.2338,15207.99,retired,debt_consolidation,0.339172077956806
65,82194.5,744.9,0.1928,7346.25,retired,home_improvement,0.10555176905210455
61,42700.08,726.4,0.1503,20359.11,self_employed,business,0.28916325831342266
39,27868.41,556.8,0.0944,6518.18,employed,home_improvement,0.38636805198875007
58,32601.75,697.6,0.0559,20633.78,retired,home_improvement,0.23793277527120038
51,39686.02,810.8,0.1293,10332.55,employed,business,0.11196293276348689
31,143434.85,605.9,0.0864,12832.06,employed,debt_consolidation,0.27586393411150406
32,35112.66,698.0,0.1695,7295.51,employed,home_improvement,0.24672738852079223
38,25016.31,631.4,0.168,8789.18,employed,home_improvement,0.3506323662323482
31,51662.95,850.0,0.24,21505.44,employed,education,0.19397711421436162
45,93407.83,649.4,0.2987,25314.1,employed,medical,0.5986232121247268
29,62576.24,735.2,0.2044,7521.67,unemployed,debt_consolidation,0.6246087257953498
56,50332.41,756.3,0.2809,6383.99,employed,debt_consolidation,0.1869248630575064
21,76114.51,674.8,0.2398,5170.84,employed,home_improvement,0.2946137255901267
41,31515.64,607.1,0.2089,11164.62,unemployed,home_improvement,0.7763289803888757
65,62576.03,602.0,0.3041,60000.0,self_employed,home_improvement,0.8373366683162359
29,68414.69,521.7,0.4151,7143.2,employed,business,0.7664100972428874
57,123383.0,660.0,0.085,4291.46,employed,home_improvement,0.07571938316156603
69,24604.21,723.2,0.5519,28783.53,unemployed,debt_consolidation,0.8950330818839158
29,49880.61,667.2,0.1887,26316.96,employed,business,0.5668298245208824
58,21504.55,738.7,0.3163,7520.29,employed,debt_consolidation,0.2723865629648001
44,26815.1,633.5,0.2878,25249.91,employed,debt_consolidation,0.6687515311235607
40,64772.3,662.3,0.1036,16946.74,employed,debt_consolidation,0.3272832592593781
60,18077.24,713.2,0.3287,5561.92,employed,debt_consolidation,0.29966932702569055
52,35300.38,637.4,0.1213,16373.55,employed,debt_consolidation,0.37164220844838314
58,33255.84,832.8,0.3285,23581.35,employed,business,0.2537612221353448
65,95440.65,660.0,0.3363,5094.27,employed,home_improvement,0.1768547989260043
60,27024.33,663.8,0.0806,14665.5,employed,debt_consolidation,0.2604896825329882
21,113415.75,591.8,0.1829,30957.42,self_employed,education,0.6688668840900085
29,32402.39,672.2,0.1632,9989.0,retired,business,0.48213332975746626
41,102753.35,650.8,0.3662,15114.83,employed,business,0.4657290833340232
66,48712.68,763.4,0.3483,31225.63,retired,home_improvement,0.38206766493519406
58,48227.96,712.5,0.0686,11785.59,employed,business,0.1524231350309517
65,28026.88,715.7,0.1866,9845.02,employed,debt_consolidation,0.201938229328522
54,101933.32,655.4,0.1008,12867.99,employed,debt_consolidation,0.19002182707367174
46,27277.32,635.8,0.1512,14800.55,self_employed,debt_consolidation,0.5032814523240675
24,26247.14,677.1,0.3969,16432.19,employed,debt_consolidation,0.6968017617585933
58,55414.39,723.7,0.3203,6176.6,employed,business,0.23020279469537433
60,36282.45,703.9,0.2776,15882.5,employed,education,0.27768276062906977
42,21669.06,654.5,0.0642,10716.7,employed,business,0.3125224465574638
65,51022.52,693.8,0.0988,21779.89,employed,home_improvement,0.1724011135707597
49,49418.01,726.5,0.2097,20506.84,employed,debt_consolidation,0.3214530708056827
37,107785.54,621.5,0.0396,7357.57,employed,home_improvement,0.15587611326269313
48,55068.35,706.3,0.1957,11723.99,employed,business,0.2567524426037087
38,41213.17,671.1,0.1155,32172.74,employed,business,0.5254912881186609
47,26121.78,535.7,0.1002,16576.67,self_employed,debt_consolidation,0.6539858054539678
49,51667.36,662.8,0.1917,11214.0,employed,debt_consolidation,0.3214293976545914
58,102551.12,747.7,0.1796,13809.65,retired,debt_consolidation,0.17149551253398163
24,80206.77,629.6,0.2374,15059.4,employed,home_improvement,0.44288344521109624
27,34065.9,689.5,0.4421,5194.52,employed,debt_consolidation,0.5744084733673442
43,35853.77,739.6,0.3137,21283.78,employed,education,0.3790764505270965
59,28652.46,706.4,0.3985,10575.44,self_employed,debt_consolidation,0.47212582684573673
51,18309.9,729.2,0.1864,7249.43,self_employed,home_improvement,0.21825634676796088
35,22892.77,742.8,0.284,10879.84,employed,education,0.3139624101105642
50,88496.69,641.9,0.2627,5923.75,employed,business,0.28832591258596685
25,105246.41,664.4,0.2186,16009.07,employed,debt_consolidation,0.4093598455053925
26,100554.68,625.8,0.3865,4523.66,retired,education,0.5223691619497297
27,84485.3,652.2,0.3817,7870.39,employed,debt_consolidation,0.5189759071992063
31,22842.74,575.8,0.1705,22528.57,self_employed,home_improvement,0.6992603796021967
36,58776.14,602.3,0.5137,7975.04,employed,business,0.710415120867376
29,77676.46,731.2,0.3139,13979.85,employed,home_improvement,0.3001853784815775
39,66589.61,658.2,0.3721,10327.17,employed,debt_consolidation,0.49554026188020084
49,53468.57,801.4,0.1176,33275.82,self_employed,home_improvement,0.23253430991266077
59,26982.3,711.1,0.0537,11697.12,employed,medical,0.21987664853486416
46,24047.06,709.8,0.2471,23199.22,retired,debt_consolidation,0.5549457734717322
26,36579.77,688.0,0.2532,8074.8,retired,debt_consolidation,0.5258463699300266
51,32397.1,705.2,0.1819,7425.47,employed,debt_consolidation,0.24140445550064865
34,35631.93,704.7,0.1909,8160.69,employed,home_improvement,0.2494004864029285
66,17506.08,826.8,0.3276,8340.55,employed,debt_consolidation,0.15415335242348985
45,27354.03,763.7,0.113,14375.11,self_employed,debt_consolidation,0.2565403508529052
36,51200.52,633.1,0.0407,12987.25,employed,home_improvement,0.2565570682883566
51,48777.03,675.2,0.1065,9088.86,retired,home_improvement,0.21726212958413485
40,48282.89,571.4,0.1902,8980.2,employed,home_improvement,0.42201942176780494
65,37500.74,680.4,0.1809,9006.81,employed,home_improvement,0.166534616265885
21,53480.02,703.3,0.0479,8295.44,employed,education,0.2033324565891506
33,60333.98,604.3,0.1045,4037.94,employed,business,0.3391432734585854
50,72022.25,633.2,0.0678,6935.85,employed,home_improvement,0.15534652797981574
51,105873.23,677.2,0.1401,15750.41,employed,debt_consolidation,0.2111341659003895
35,43144.55,707.4,0.2575,9779.51,employed,debt_consolidation,0.3695090164071448
51,19208.21,810.9,0.6171,32612.11,employed,education,0.6174239576447016
26,55258.63,536.3,0.2934,8494.62,self_employed,debt_consolidation,0.7679169760221904
62,81471.6,690.9,0.2649,52627.65,employed,home_improvement,0.5387617378472946
28,26847.07,589.5,0.0346,13309.21,employed,education,0.4254080369171175
21,29917.77,636.4,0.0866,14345.51,employed,home_improvement,0.4073108520511764
23,37975.19,600.1,0.2167,3424.76,employed,home_improvement,0.44628307550963825
37,40462.95,637.6,0.11,14319.11,employed,debt_consolidation,0.4091440116702271
29,37254.72,634.0,0.2848,11328.87,employed,home_improvement,0.4949853699905376
30,45280.85,591.1,0.0239,5404.53,employed,business,0.35195365199544504
67,17595.21,669.6,0.1079,12768.21,employed,home_improvement,0.18028668060394576
52,44197.58,735.4,0.1128,21783.87,employed,medical,0.31015932851696093
54,36243.23,559.6,0.1921,7809.75,employed,debt_consolidation,0.4721355838404238
21,131804.0,701.7,0.3683,21146.27,self_employed,debt_consolidation,0.5667462631248964
46,87099.83,687.7,0.2357,7203.8,employed,home_improvement,0.1782552748614275
28,53060.77,638.0,0.2944,5832.08,employed,home_improvement,0.4132600137517537
37,33484.64,591.8,0.3539,34588.19,employed,debt_consolidation,0.8500108139980186
34,25127.06,694.8,0.1979,12204.88,employed,home_improvement,0.32065692647172434
42,38788.02,676.0,0.2693,27001.34,self_employed,debt_consolidation,0.6544301029865394
48,69326.63,697.7,0.1077,7782.08,self_employed,debt_consolidation,0.21932842654911996
69,44360.68,653.5,0.3833,14197.42,employed,debt_consolidation,0.43610960569861285
52,96601.75,776.8,0.113,18410.22,employed,business,0.11808377829464503
36,22671.43,715.6,0.1418,5541.06,employed,debt_consolidation,0.26141191273065467
34,72980.01,621.7,0.1878,6325.78,employed,home_improvement,0.2948172854390051
59,61367.27,578.1,0.1671,2443.18,employed,home_improvement,0.22501905229895028
26,68027.09,575.5,0.3935,15205.85,self_employed,home_improvement,0.7449355318759756
36,75145.85,520.2,0.1905,2310.25,employed,debt_consolidation,0.5064757274212739
34,47343.24,747.2,0.2153,14521.35,employed,home_improvement,0.2393351479178376
25,31491.21,763.0,0.4188,6941.34,employed,debt_consolidation,0.45302108357656573
50,90511.72,659.7,0.5272,3883.66,unemployed,debt_consolidation,0.7974523502162539
38,64948.14,672.3,0.2347,13257.4,employed,debt_consolidation,0.39009838348032305
30,101277.52,649.7,0.5796,6391.01,employed,home_improvement,0.5404053216926549
46,29373.52,705.3,0.3085,18213.91,self_employed,home_improvement,0.45294758378735134
57,290227.83,657.8,0.2037,10758.43,employed,debt_consolidation,0.05984157600281231
37,46779.38,670.7,0.3208,16783.67,employed,debt_consolidation,0.54522088607913
29,51346.62,712.7,0.2279,20966.09,employed,debt_consolidation,0.46448555695485694
25,59409.02,610.5,0.3244,21059.01,employed,home_improvement,0.6485586143213354
55,30856.02,615.5,0.244,23636.55,employed,debt_consolidation,0.5848960005545841
45,28193.34,768.9,0.1728,6566.14,self_employed,debt_consolidation,0.2266866507149569
43,137273.29,672.9,0.1021,36542.4,employed,medical,0.4261269912722955
33,42434.93,625.0,0.1159,6506.9,employed,debt_consolidation,0.3751052342429521
43,49120.8,689.5,0.3498,51793.34,employed,business,0.8086838297020482
66,27854.84,761.9,0.1622,8757.46,employed,medical,0.17599557833469917
57,66312.64,652.4,0.4268,4787.02,employed,home_improvement,0.31614571146977904
69,59437.91,700.5,0.2752,5968.68,employed,business,0.1863761277775422
59,49542.69,702.5,0.1718,7202.57,employed,home_improvement,0.13625382964928415
33,24411.68,659.1,0.4653,7035.78,self_employed,education,0.6542403332318253
49,98401.2,657.2,0.4291,8128.54,employed,debt_consolidation,0.40795005208175844
28,54864.97,829.9,0.1169,13766.29,employed,home_improvement,0.11157604975281578
24,28419.88,655.8,0.3163,4443.05,employed,debt_consolidation,0.546318936928264
38,72740.76,771.3,0.1363,26461.56,employed,debt_consolidation,0.2626597212873331
37,63214.81,670.5,0.0653,10865.17,self_employed,education,0.25245284447978017
43,23534.99,789.6,0.0656,52456.73,retired,debt_consolidation,0.5722292393352644
61,48317.63,749.6,0.5461,10583.75,employed,education,0.33384243914070205
59,53654.88,719.0,0.0357,4553.95,self_employed,debt_consolidation,0.12670564296040632
54,126935.03,687.8,0.3496,5162.86,employed,business,0.20393744748334086
61,28828.28,739.0,0.01,5194.48,employed,home_improvement,0.06608068038359281
56,41763.61,656.6,0.3607,16075.59,employed,business,0.4996854210702111
27,40559.1,701.8,0.4976,16901.48,employed,business,0.6942091715647062
52,83895.75,672.0,0.3859,16449.22,employed,debt_consolidation,0.44169258366562447
23,31238.13,736.2,0.3518,7994.74,employed,debt_consolidation,0.4661061259484819
41,135339.53,599.3,0.2034,7409.26,employed,home_improvement,0.2221559942101889
61,21514.0,679.5,0.1674,12990.02,employed,debt_consolidation,0.2884142208220227
43,127036.33,600.0,0.1883,14188.1,employed,home_improvement,0.2681115171034011
31,72707.74,728.1,0.1679,11984.96,employed,debt_consolidation,0.25784699956334994
63,68436.56,692.4,0.1419,14642.54,self_employed,business,0.23771654931979352
33,61313.5,699.0,0.1868,9728.32,employed,debt_consolidation,0.30505243683058003
64,35329.89,794.5,0.1685,60000.0,employed,home_improvement,0.4213239562637543
39,75715.38,715.5,0.1875,60000.0,employed,business,0.7108840539816041
59,45642.5,622.6,0.0959,15554.39,employed,education,0.2575010709228576
35,147709.74,701.7,0.2546,9013.34,employed,debt_consolidation,0.2035341600402609
59,25688.1,558.6,0.0306,16160.78,employed,business,0.4086183649238824
45,44768.25,629.1,0.2064,36537.25,employed,medical,0.7470858616448546
50,68284.96,595.4,0.0975,18762.46,employed,debt_consolidation,0.3974772408717829
35,39497.57,634.6,0.2832,21674.46,employed,debt_consolidation,0.6509204416283672
58,88905.72,586.8,0.18,41433.62,employed,business,0.629005823355676
48,34163.9,575.6,0.1975,16633.58,retired,debt_consolidation,0.6547063831918278
55,61597.83,780.7,0.3106,10913.09,employed,business,0.19033207369894498
33,57230.26,800.8,0.156,15880.48,employed,debt_consolidation,0.19878936507398842
44,44404.16,686.9,0.3369,15002.14,employed,education,0.4072063034968257
26,18170.94,771.8,0.4456,14002.08,unemployed,debt_consolidation,0.8551203734268902
65,55999.96,761.8,0.3691,9923.16,employed,debt_consolidation,0.21534283033051485
27,57477.47,654.7,0.2006,27087.5,employed,debt_consolidation,0.6089392467121855
34,126980.7,707.0,0.1683,6583.0,employed,debt_consolidation,0.16486035393853332
66,28427.88,683.2,0.1497,27219.06,employed,education,0.3006906656573416
46,34511.51,732.5,0.0942,28596.04,employed,home_improvement,0.26099623590659926
58,62787.26,679.1,0.4237,14125.62,employed,debt_consolidation,0.44656036351264644
47,57075.25,778.1,0.146,11422.87,employed,business,0.14485829000863965
22,64631.32,676.9,0.1605,60000.0,employed,medical,0.8694530779560077
66,52220.81,743.1,0.1499,43371.16,employed,home_improvement,0.29351892639562666
49,54637.66,674.4,0.4223,15770.18,employed,business,0.5301109069649881
27,24665.23,702.9,0.0748,12199.01,employed,debt_consolidation,0.3272775896298663
49,28623.2,676.4,0.25,3150.15,employed,education,0.25268932121733956
58,31222.46,642.3,0.3872,21504.59,self_employed,medical,0.7516404363166781
40,44077.84,568.0,0.0773,15766.32,unemployed,debt_consolidation,0.825447977504135
36,50521.05,696.6,0.2527,6378.88,employed,debt_consolidation,0.33305686285429076
64,27908.21,630.5,0.4677,8362.34,employed,debt_consolidation,0.5507782326237107
58,15937.37,706.4,0.2928,22868.06,self_employed,debt_consolidation,0.5389452037232771
39,44933.35,630.2,0.6276,15299.03,employed,business,0.8089630503491667
34,69138.33,691.1,0.3743,21084.21,employed,home_improvement,0.47997315917680733
49,54673.18,741.3,0.3204,7868.12,employed,debt_consolidation,0.26108432600263803
45,60442.51,665.6,0.3079,29852.65,employed,debt_consolidation,0.6083463642589036
68,34157.46,679.8,0.4387,3744.04,employed,home_improvement,0.2768334404992898
46,56269.47,583.0,0.2314,23451.73,employed,home_improvement,0.5395166620164528
23,47786.84,543.5,0.1532,40915.67,self_employed,home_improvement,0.854486260138567
53,45544.3,750.5,0.286,50880.95,employed,debt_consolidation,0.6371135615814604
27,111983.74,649.3,0.1956,15417.44,employed,debt_consolidation,0.3875847628679332
52,30481.28,607.1,0.1334,8556.41,employed,debt_consolidation,0.36619019502239564
29,65107.62,660.5,0.1636,13211.91,employed,debt_consolidation,0.39727436894914214
42,71315.73,666.4,0.3548,6930.64,employed,education,0.33847538402278876
67,30796.58,696.6,0.2657,9822.41,employed,education,0.21299777797204997
64,87758.85,680.9,0.1099,2799.7,employed,debt_consolidation,0.10580195322025966
36,99307.79,743.4,0.4329,13458.7,employed,debt_consolidation,0.3781195371485272
51,37122.88,645.3,0.1828,14690.35,self_employed,business,0.4596550014462322
55,43154.52,653.5,0.0598,16510.68,employed,debt_consolidation,0.2724780754595355
38,83095.87,742.3,0.2732,22275.42,employed,debt_consolidation,0.3555312642252455
46,82203.09,703.4,0.3585,8705.95,unemployed,business,0.6869645168690951
65,67859.12,702.0,0.2056,4460.33,self_employed,home_improvement,0.1392040510253652
33,48780.03,628.6,0.4224,49828.98,retired,home_improvement,0.9067875578786243
33,25735.16,665.3,0.3138,29307.21,employed,business,0.7216419502808038
42,31660.35,698.7,0.1293,36274.92,employed,debt_consolidation,0.5328460341370548
31,64984.71,834.7,0.2707,23728.08,employed,business,0.2780061014945776
62,43788.32,729.7,0.1239,4214.73,employed,business,0.11727843651659878
50,43086.29,604.0,0.4346,13368.09,self_employed,business,0.7205279734812545
25,45580.24,686.1,0.1592,4779.16,self_employed,debt_consolidation,0.3916131473533373
56,64859.14,595.1,0.3085,24055.68,self_employed,debt_consolidation,0.6769506119030275
63,16431.29,663.0,0.2118,18398.09,employed,debt_consolidation,0.4010531482550564
29,64151.46,699.5,0.2005,14338.39,employed,home_improvement,0.2915675983080512
29,47165.71,582.3,0.1283,8071.3,employed,debt_consolidation,0.49105302666029793
53,49858.58,618.4,0.2156,24521.68,unemployed,debt_consolidation,0.8462921740590107
26,203796.5,744.3,0.1621,11451.25,employed,home_improvement,0.0745804472399523
32,56555.48,692.0,0.1502,6555.27,self_employed,home_improvement,0.259725842720241
53,42023.83,631.4,0.311,15492.14,employed,debt_consolidation,0.5183336878257141
27,32224.19,651.8,0.3656,27218.15,employed,debt_consolidation,0.7772531011097595
55,67734.77,616.3,0.2108,12360.7,employed,business,0.36123935129471574
45,18168.86,661.4,0.068,12628.58,retired,debt_consolidation,0.3951102929373572
43,36898.53,591.3,0.265,35511.39,employed,home_improvement,0.7191951515078626
32,32338.61,653.4,0.1702,10694.37,unemployed,business,0.7821312300087493
46,15000.0,731.7,0.2679,18492.99,self_employed,education,0.4208175864019802
30,27706.73,773.3,0.3616,3012.67,self_employed,education,0.33152707922313485
36,66157.48,632.0,0.1671,4126.72,employed,business,0.3186704597444282
31,58937.74,630.7,0.3034,27446.23,unemployed,medical,0.9413823752675815
44,28206.63,596.3,0.3165,5921.58,employed,debt_consolidation,0.5635800571373439
68,36609.07,641.7,0.2739,60000.0,self_employed,debt_consolidation,0.8515145299671885
24,44166.71,690.8,0.2611,35440.8,employed,debt_consolidation,0.7129942020851633
61,38298.5,658.0,0.3584,4704.85,employed,home_improvement,0.28469291120816587
32,61844.88,724.0,0.2557,19550.84,self_employed,home_improvement,0.3989735167729026
54,71151.73,596.5,0.2085,4461.39,employed,debt_consolidation,0.3219899554666821
58,38421.79,626.1,0.4986,15574.04,retired,debt_consolidation,0.736531847318633
31,34077.51,677.8,0.1553,11438.66,self_employed,debt_consolidation,0.462004840894848
48,52180.9,673.1,0.3518,4404.55,employed,debt_consolidation,0.3706465295039017
50,42254.54,654.2,0.2618,17007.95,employed,debt_consolidation,0.46479284959077954
29,145756.82,777.9,0.0412,23571.91,employed,debt_consolidation,0.12783927138592666
54,80506.22,579.3,0.1852,3802.45,self_employed,debt_consolidation,0.375725323622912
66,72914.77,731.5,0.0721,15730.67,retired,debt_consolidation,0.15566818406147034
44,60552.96,723.0,0.1087,20629.76,self_employed,education,0.26067092958081967
35,65691.71,701.7,0.5906,16336.91,self_employed,home_improvement,0.6683547576204735
63,30776.36,658.9,0.1011,14889.52,employed,home_improvement,0.19977916433320742
36,33101.63,703.4,0.2523,7193.92,employed,debt_consolidation,0.3603992869142442
34,134917.83,669.1,0.3149,35417.65,employed,home_improvement,0.48849763946872177
61,57449.7,778.3,0.1405,27102.8,employed,debt_consolidation,0.19451034126951988
43,97631.96,679.4,0.288,3592.41,self_employed,debt_consolidation,0.31155933035633954
35,46158.95,681.4,0.5715,19403.47,employed,debt_consolidation,0.757895607872009
41,86289.7,710.6,0.1862,6804.99,employed,business,0.1930529133328632
23,50460.96,693.7,0.3133,6733.42,employed,debt_consolidation,0.4595621547184764
33,42565.37,626.3,0.1626,12763.64,self_employed,home_improvement,0.45816683117514057
45,73510.97,669.3,0.3628,13390.04,employed,business,0.4468402667965248
61,15000.0,736.6,0.1224,8714.08,employed,business,0.16306571442055282
60,95437.69,630.2,0.1662,10275.47,employed,home_improvement,0.1696055903473261
23,49321.62,662.4,0.0833,32713.46,employed,debt_consolidation,0.589496587747932
38,47457.89,715.3,0.1504,23386.59,employed,home_improvement,0.2965494806686671
30,46670.27,654.6,0.2149,7551.23,retired,debt_consolidation,0.5067581334064718
67,45406.41,726.4,0.173,20617.11,employed,debt_consolidation,0.22616130660908815
37,43651.05,670.5,0.0919,2967.51,employed,education,0.18816032878135103
50,118835.41,571.6,0.053,17207.04,self_employed,home_improvement,0.28166652174575224
64,109138.79,659.7,0.4254,25133.45,employed,business,0.4687608947108268
56,15000.0,628.9,0.1924,60000.0,retired,business,0.8811184020494833
42,135180.65,721.3,0.2523,3057.3,employed,home_improvement,0.10090010037499787
27,41902.98,671.1,0.1927,11643.11,employed,education,0.3736119106092975
62,105208.61,605.2,0.1665,3109.01,employed,education,0.14893702863437375
46,26715.46,682.2,0.2488,8241.68,unemployed,business,0.7267843543357378
52,46145.02,637.2,0.4043,8136.75,unemployed,business,0.8275565299860854
42,40577.88,711.4,0.3002,15328.08,employed,debt_consolidation,0.4224539533699777
37,36114.08,775.2,0.2655,8056.14,employed,debt_consolidation,0.25580192602862
57,19867.2,617.5,0.19,6834.22,self_employed,debt_consolidation,0.44271776626508175
23,75065.65,548.8,0.2074,28025.63,employed,home_improvement,0.7047645843343299
51,39695.35,666.5,0.2699,4961.7,employed,debt_consolidation,0.3293775252193213
65,37969.72,618.5,0.4093,39175.44,employed,home_improvement,0.7136480697283564
69,49748.54,640.3,0.1976,10884.44,employed,debt_consolidation,0.2702330368349209
43,82582.55,553.8,0.1043,21139.06,employed,business,0.5075255880024063
21,20681.88,575.1,0.3164,8377.13,employed,education,0.6877518529734842
23,36805.2,705.8,0.2939,7723.16,employed,business,0.4516720324178996
23,31714.99,764.8,0.3437,14064.77,employed,business,0.46287904123758705
40,36306.93,655.6,0.3374,6540.51,employed,debt_consolidation,0.4847697849313045
32,136594.88,744.2,0.4625,18091.78,self_employed,business,0.4639281195497183
64,64984.22,771.1,0.2767,6176.89,employed,medical,0.17233100122736314
67,117591.01,717.0,0.4299,55711.49,retired,debt_consolidation,0.726333162556371
32,36088.24,676.7,0.3064,46320.47,employed,debt_consolidation,0.8206185789064209
35,71903.12,719.9,0.5294,8540.82,employed,debt_consolidation,0.5119782332433853
35,70531.91,642.0,0.2091,12576.49,self_employed,business,0.4872467735851695
51,72517.13,688.4,0.2882,16258.11,retired,education,0.3665639913001551
35,43540.21,631.0,0.0477,22333.18,employed,education,0.3852624292933405
46,35964.81,594.0,0.4005,6018.72,employed,home_improvement,0.5249453679936853
66,35349.8,814.0,0.0757,5263.35,self_employed,education,0.05978708455598351
69,86870.99,687.7,0.145,14438.05,employed,debt_consolidation,0.15786306338803002
66,19691.69,736.1,0.3392,10040.39,retired,education,0.2913591706339181
32,56160.44,652.9,0.3368,6951.41,employed,debt_consolidation,0.49763734964024764
58,33327.11,732.8,0.1066,23719.93,employed,education,0.2019299615517672
56,15000.0,698.7,0.1427,26044.04,self_employed,business,0.4615990975757476
32,40540.2,589.4,0.2907,17946.11,employed,business,0.7026789973024304
58,78096.84,695.3,0.1035,13911.36,employed,debt_consolidation,0.16944724487298263
30,54779.78,687.4,0.3959,10391.44,employed,education,0.4641518136730197
63,89000.24,750.9,0.0261,14784.07,employed,business,0.07904324971962327
35,125918.66,662.9,0.4382,10481.94,employed,medical,0.5315170528490772
62,94369.02,571.1,0.4024,11319.06,self_employed,debt_consolidation,0.5860274303663913
43,37271.87,724.9,0.3237,40128.71,employed,medical,0.7388833430155082
25,48982.95,694.3,0.1448,2675.28,self_employed,debt_consolidation,0.3391354922461909
68,79793.36,714.9,0.1947,7670.58,retired,debt_consolidation,0.17164575948475083
29,135513.97,695.7,0.2577,8906.49,employed,debt_consolidation,0.2523092364805499
22,63112.43,624.5,0.1218,4449.01,employed,debt_consolidation,0.37816457496563644
68,57213.06,674.0,0.5532,16701.29,employed,debt_consolidation,0.5530515338782351
23,87487.21,743.9,0.2489,22390.29,employed,debt_consolidation,0.40229239046753223
40,22088.89,575.3,0.1852,12933.22,employed,education,0.5236020099512434
42,68277.17,612.1,0.1088,23093.12,self_employed,debt_consolidation,0.53728846532598
32,51686.08,640.4,0.1267,7392.79,retired,debt_consolidation,0.43348902456962357
54,138450.55,723.2,0.2648,20175.09,employed,education,0.16194820924764178
42,19791.61,723.8,0.3344,15995.54,employed,home_improvement,0.3874010939147027
59,54364.51,616.1,0.3416,10209.35,employed,debt_consolidation,0.4610233950634991
49,48492.4,673.4,0.3054,18074.15,employed,education,0.4016966770102415
41,74662.86,711.0,0.1823,11026.07,self_employed,debt_consolidation,0.29736344703688666
68,15000.0,688.5,0.2968,26316.44,employed,medical,0.5666283281652824
53,113489.63,657.7,0.2844,17477.04,employed,debt_consolidation,0.33216255313854426
22,56185.89,661.9,0.2846,9256.79,employed,home_improvement,0.422562310805043
67,66940.27,647.8,0.1304,10622.05,retired,home_improvement,0.19425051238420996
60,31603.4,638.4,0.1798,13183.18,employed,debt_consolidation,0.3530427891296964
64,19703.93,649.2,0.1411,10076.03,self_employed,business,0.3373251530483441
37,111120.6,677.4,0.0336,9116.26,self_employed,debt_consolidation,0.1952650070022144
31,67836.37,763.5,0.3516,8690.8,unemployed,home_improvement,0.601986896786239
25,38390.12,741.0,0.2013,5813.94,employed,debt_consolidation,0.29075412420468977
46,80482.55,694.3,0.0116,20819.21,retired,business,0.2565992274103553
29,96686.27,751.5,0.1499,6957.33,retired,debt_consolidation,0.21110216631795506
60,106930.97,719.0,0.0954,13823.88,unemployed,debt_consolidation,0.37400683848823796
45,18754.34,695.8,0.3294,17164.9,employed,home_improvement,0.4313044699615992
45,20004.25,715.4,0.0412,6817.79,retired,home_improvement,0.17580044883635648
51,66993.09,688.4,0.1568,35559.61,employed,debt_consolidation,0.449734788711685
64,74508.55,742.9,0.1175,15522.44,self_employed,business,0.16009445555178609
61,16889.34,589.1,0.2467,7576.17,employed,debt_consolidation,0.4634518314421807
23,116939.35,703.5,0.1326,8308.13,employed,debt_consolidation,0.20904251600661675
25,26988.1,633.8,0.0285,39946.19,retired,education,0.7039804779250479
45,116078.27,698.1,0.135,15189.45,self_employed,home_improvement,0.17678873772578885
55,71095.09,710.7,0.4018,12986.98,unemployed,home_improvement,0.6487436975636948
42,86185.97,689.2,0.3168,6995.65,employed,business,0.3044537597698712
26,89828.35,674.9,0.1087,15301.16,self_employed,education,0.32050728274314877
66,98962.15,782.6,0.223,19192.56,self_employed,education,0.12725645652814718
32,69080.1,662.6,0.1388,9301.94,employed,debt_consolidation,0.3142239533888465
58,38453.45,668.1,0.0644,5822.19,employed,business,0.1715209564552543
42,97011.43,665.9,0.4775,11557.43,self_employed,education,0.5120910009178806
54,28486.71,715.4,0.1965,26723.87,employed,home_improvement,0.3187063387621421
56,74419.84,712.5,0.0648,7145.72,employed,business,0.11023648911961338
37,29483.23,671.6,0.0679,7666.22,employed,education,0.22362723255205258
41,82551.22,641.4,0.1537,9048.92,employed,business,0.28729473112333836
45,28956.76,721.9,0.348,4393.35,employed,home_improvement,0.2646984960982225
43,68592.41,632.3,0.3968,4049.03,employed,debt_consolidation,0.47352115710076875
64,50586.39,681.5,0.0825,6754.96,employed,business,0.14209443220894627
40,93116.99,622.3,0.0165,8547.61,unemployed,medical,0.6387909502541895
36,123964.64,598.4,0.2562,39746.07,employed,home_improvement,0.6215473004126455
67,48700.72,702.8,0.2046,14657.36,self_employed,education,0.2291665377137955
47,18720.63,714.3,0.136,18264.09,retired,home_improvement,0.31940734146856137
59,48898.46,592.6,0.1572,28000.92,employed,business,0.5340798491267033
47,47155.51,683.3,0.1192,6414.01,employed,debt_consolidation,0.21826007874765654
50,71896.44,679.7,0.1775,9403.07,employed,home_improvement,0.1754660641680651
40,26351.45,672.3,0.1097,12849.9,employed,home_improvement,0.26754045771320684
41,50104.62,625.1,0.1351,34443.65,employed,debt_consolidation,0.6212631789337986
56,66060.55,724.6,0.4144,16603.14,employed,home_improvement,0.3038099197351648
29,15000.0,692.7,0.2352,30511.11,employed,home_improvement,0.5875252978178119
22,90049.77,636.7,0.4343,7897.08,employed,home_improvement,0.5185175972554597
30,29786.55,612.2,0.01,10157.9,employed,debt_consolidation,0.3849287176363392
69,19581.89,787.4,0.3305,30190.73,unemployed,home_improvement,0.650826712435077
57,32887.11,664.5,0.1972,50301.93,employed,debt_consolidation,0.7060748679033161
32,24922.61,623.8,0.4288,9586.71,employed,debt_consolidation,0.7083860679266996
41,120809.57,666.4,0.0981,12667.94,employed,home_improvement,0.1439043358067472
21,66576.54,810.3,0.1652,30226.05,employed,debt_consolidation,0.34465726356156245
61,53040.74,619.9,0.2839,6099.11,employed,home_improvement,0.2769742696018287
25,92495.32,621.0,0.5225,19142.13,self_employed,debt_consolidation,0.8246306676525212
22,56905.17,656.2,0.0997,10253.86,self_employed,education,0.37555533254184165
38,118911.2,683.4,0.2628,4551.45,employed,debt_consolidation,0.22719115738665946
57,26199.14,760.4,0.0472,2955.64,employed,debt_consolidation,0.09149834052097454
39,52370.62,695.3,0.1299,4536.56,employed,education,0.1738191090515415
22,44422.44,709.3,0.1258,13577.37,self_employed,education,0.3610097192574489
66,83676.79,754.1,0.2661,5582.5,employed,education,0.09054900333377545
64,48484.49,572.4,0.14,7939.36,employed,debt_consolidation,0.33217508363725645
34,63447.61,609.5,0.3237,44773.18,employed,business,0.8492569497514878
47,64152.15,702.0,0.1432,11620.09,self_employed,debt_consolidation,0.2783409819531057
69,62482.83,792.6,0.01,34613.78,employed,debt_consolidation,0.13198716106693867
60,99071.2,589.2,0.1082,4811.41,retired,education,0.20875512500420235
25,30219.94,631.5,0.118,47499.49,employed,debt_consolidation,0.8086889070862862
64,37886.51,745.3,0.3121,7345.4,employed,debt_consolidation,0.21183134396560804
47,108742.94,672.4,0.2839,23189.77,retired,debt_consolidation,0.483090958594031
39,48739.47,769.3,0.0366,60000.0,employed,debt_consolidation,0.5522659757139632
52,94774.76,708.0,0.0175,10421.37,employed,education,0.08169737967435309
26,47656.01,683.7,0.0908,17374.0,employed,debt_consolidation,0.3856490942724916
26,25609.86,807.2,0.4243,4092.93,employed,home_improvement,0.27732291612022836
55,49038.55,736.1,0.2832,14984.45,self_employed,debt_consolidation,0.34843045491445707
67,68486.63,642.6,0.3099,6408.08,retired,home_improvement,0.28030108532835046
69,70598.84,648.5,0.2435,15007.75,employed,debt_consolidation,0.2921058032900974
33,30125.9,608.2,0.1122,8781.54,unemployed,home_improvement,0.7274026067825519
30,37023.17,695.4,0.2463,23740.86,employed,debt_consolidation,0.5643399821498389
24,84506.92,757.9,0.4185,11834.84,employed,debt_consolidation,0.41453384805459764
26,19137.08,611.7,0.1337,19677.64,self_employed,business,0.6921332230313331
48,58952.65,658.7,0.1811,11627.7,self_employed,home_improvement,0.3002061935694406
54,39492.54,712.1,0.139,17644.83,employed,education,0.21007654639324566
43,97269.6,741.3,0.3493,24351.17,employed,debt_consolidation,0.38837890581594336
64,77795.62,649.7,0.3238,13408.69,employed,debt_consolidation,0.34805509271645463
22,62186.41,755.8,0.2372,8384.55,unemployed,debt_consolidation,0.6600390999446039
43,35882.18,811.1,0.0368,12308.95,employed,home_improvement,0.07917219184076259
25,30552.12,659.7,0.2063,8138.18,employed,home_improvement,0.3823065589641633
65,42472.78,667.2,0.0722,34991.33,employed,debt_consolidation,0.38327533835945116
28,87705.49,625.0,0.4396,36985.92,employed,home_improvement,0.7840142805202003
52,60708.52,745.1,0.1392,3548.17,employed,debt_consolidation,0.11926234907309458
34,105755.34,645.7,0.1905,34348.56,employed,business,0.5546631268246519
22,15000.0,742.9,0.4022,12462.16,employed,education,0.5111147197930624
40,60272.1,773.0,0.4999,18581.28,employed,business,0.4831759216839389
33,66106.88,722.1,0.1719,6241.96,employed,debt_consolidation,0.22599607181087386
33,53434.77,682.6,0.1886,3830.53,employed,home_improvement,0.2230806421175222
43,30383.51,638.6,0.2731,4862.62,employed,business,0.4319774286372853
29,30590.96,710.9,0.191,16741.39,employed,debt_consolidation,0.4325859679631761
51,123742.2,613.4,0.2255,14232.61,employed,home_improvement,0.24626809802396887
58,25433.64,766.3,0.2144,24455.74,employed,debt_consolidation,0.29639803667506687
26,37651.51,715.1,0.251,8662.45,employed,business,0.3903402094681789
57,15000.0,692.0,0.1253,17130.79,employed,education,0.24669595905131783
41,47282.45,740.4,0.5735,20807.91,self_employed,debt_consolidation,0.7160064866684572
63,54126.07,722.9,0.3542,32546.45,employed,business,0.4817359113641609
55,42260.65,657.6,0.2945,11747.08,employed,debt_consolidation,0.40586683938670287
34,93253.53,790.6,0.0787,24481.41,self_employed,debt_consolidation,0.22393592044489355
21,67236.25,777.5,0.3253,3975.9,self_employed,business,0.33713264973773266
28,51197.51,653.6,0.2659,20275.05,unemployed,debt_consolidation,0.8783146629486842
63,43321.21,739.3,0.1349,60000.0,employed,business,0.5681178865775031
37,84923.83,749.1,0.1069,24101.05,employed,debt_consolidation,0.24134922476877516
41,73261.07,769.9,0.0806,34660.01,unemployed,business,0.6428354622890714
32,42147.27,770.5,0.1293,10761.37,employed,home_improvement,0.15394723498964138
57,42899.99,744.1,0.2092,15432.25,employed,home_improvement,0.17060888892092632
48,19006.53,766.2,0.1904,17421.79,employed,debt_consolidation,0.27386651125679146
34,59121.04,524.6,0.104,14251.11,employed,debt_consolidation,0.5894586382865749
66,132665.85,745.3,0.4851,19896.35,employed,home_improvement,0.20722857919834997
28,41066.82,649.6,0.2222,11186.28,employed,debt_consolidation,0.4992684901022279
32,86668.25,801.9,0.4393,7714.81,employed,education,0.2231698935941511
62,69737.38,643.5,0.1784,6085.01,employed,education,0.17107508352731846
28,20722.18,708.7,0.0861,4076.89,employed,business,0.2536136794539662
33,24895.17,787.0,0.2015,7749.84,unemployed,debt_consolidation,0.5835582250945643
65,43297.59,763.7,0.1713,5350.47,employed,debt_consolidation,0.10977433501509833
47,46204.76,695.8,0.1686,8640.36,self_employed,business,0.304821172416274
50,15000.0,634.2,0.2576,4410.88,employed,debt_consolidation,0.42051781327941695
24,44522.27,642.5,0.3044,7420.03,employed,home_improvement,0.46822863644806084
42,51015.79,720.7,0.2542,24954.33,unemployed,debt_consolidation,0.7912805451121484
36,56911.14,802.4,0.4097,21507.52,employed,debt_consolidation,0.41556607249420097
30,143704.96,685.4,0.4265,12081.68,employed,business,0.4025762820558445
52,43729.6,737.5,0.2394,10721.93,employed,debt_consolidation,0.23953573213108179
63,78920.32,648.4,0.3189,8594.38,employed,home_improvement,0.23299065125140803
24,32328.3,806.6,0.1261,20004.72,unemployed,home_improvement,0.5528130193604528
36,62327.04,705.8,0.4538,12112.78,employed,debt_consolidation,0.522733301030148
28,31869.55,785.9,0.2983,11318.39,self_employed,medical,0.4879949024084213
25,43491.06,545.7,0.1443,15682.21,self_employed,debt_consolidation,0.7350470032008957
54,56141.57,679.1,0.0261,6778.19,retired,business,0.18681660923971002
62,46605.15,671.5,0.1618,6897.86,employed,education,0.1644112769448594
30,28977.2,648.8,0.2259,17736.4,self_employed,debt_consolidation,0.6540687935557711
43,78168.62,723.2,0.3675,24147.0,employed,medical,0.552499610868685
22,69594.01,609.8,0.2959,15334.34,employed,home_improvement,0.5650632518095119
62,86788.77,640.0,0.2003,15225.61,employed,debt_consolidation,0.2806631308769091
37,54011.77,789.5,0.1161,20372.01,employed,debt_consolidation,0.21028917308912884
54,27400.29,754.6,0.2295,11261.96,employed,home_improvement,0.17155679449490846
23,22814.21,645.5,0.087,30656.18,employed,home_improvement,0.5638866054886619
39,44139.22,603.6,0.1846,36987.27,employed,medical,0.7940568104629523
53,34409.29,755.3,0.1167,19524.81,employed,education,0.1706039009469177
60,36223.45,667.8,0.0966,12969.04,employed,debt_consolidation,0.23847101813717983
50,37707.42,689.8,0.255,11888.71,employed,home_improvement,0.2740497922029045
62,39851.36,571.5,0.1879,8733.55,employed,home_improvement,0.3219041619660614
23,48255.52,759.3,0.2291,27158.17,employed,debt_consolidation,0.4830568339131231
48,79352.68,773.1,0.2564,3248.12,employed,home_improvement,0.09661008669262208
65,58086.09,702.0,0.2679,8884.68,employed,home_improvement,0.16340298230381606
43,56794.21,722.6,0.0545,12586.37,employed,medical,0.23146559723336005
35,67736.37,728.2,0.0245,23057.84,employed,home_improvement,0.18080063090130627
30,47060.43,711.0,0.0839,17944.53,employed,debt_consolidation,0.32079549259881507
24,126836.73,638.5,0.0774,12604.57,employed,debt_consolidation,0.27617408189493353
43,37148.38,714.6,0.3888,5892.96,self_employed,debt_consolidation,0.4693880005948105
27,24296.93,671.4,0.1739,5232.99,employed,debt_consolidation,0.3943480114243976
28,28730.26,651.7,0.44,3080.36,self_employed,home_improvement,0.6059787192256147
44,41238.41,644.1,0.3757,8973.7,employed,business,0.5276378553573103
29,68231.98,603.7,0.104,12714.85,employed,debt_consolidation,0.4374270318403716
49,18957.92,698.9,0.1034,6620.0,employed,debt_consolidation,0.2213538653620729
36,58232.6,679.4,0.0652,20163.97,employed,home_improvement,0.254489618928837
33,34235.8,659.8,0.3071,8673.05,employed,medical,0.5947931400889558
26,47465.99,744.2,0.1692,7677.59,employed,debt_consolidation,0.26044967436280453
66,118718.84,670.3,0.1336,24076.69,employed,debt_consolidation,0.20290887216865006
56,59204.66,659.5,0.1799,6028.86,employed,debt_consolidation,0.23254072255877756
24,40207.94,829.4,0.3041,8565.31,employed,business,0.2523909203754813
58,25778.23,724.1,0.1962,11182.62,employed,education,0.18817866712582518
57,49106.01,719.1,0.1025,7361.64,employed,home_improvement,0.10346127582218018
41,21489.46,712.0,0.4184,8572.35,employed,business,0.4908461042391447
48,63140.87,745.9,0.252,25649.88,employed,debt_consolidation,0.35132683065352144
49,32398.9,743.3,0.187,16712.22,employed,business,0.2690329311142868
42,38710.21,569.9,0.2929,6911.93,employed,home_improvement,0.5007338204114713
49,20148.95,710.8,0.2838,4556.3,employed,debt_consolidation,0.30824114971106364
58,37117.98,687.8,0.0508,22062.7,employed,debt_consolidation,0.2589215863002345
62,35841.04,727.2,0.3791,8944.57,employed,home_improvement,0.23420340627161326
23,56185.13,600.9,0.3613,15749.48,employed,education,0.6771853300463404
57,61759.74,723.6,0.4731,20621.1,self_employed,debt_consolidation,0.5562166120784567
55,34595.25,685.0,0.2626,10801.01,unemployed,home_improvement,0.6254166790444476
66,146158.3,644.1,0.198,10455.71,employed,business,0.14652209655192042
64,43089.14,660.1,0.2438,8345.89,employed,home_improvement,0.2159118549438285
44,25425.52,728.3,0.3264,22875.66,employed,debt_consolidation,0.512012475113291
56,69789.49,739.9,0.1188,18581.28,employed,debt_consolidation,0.17361388387606153
64,15000.0,665.6,0.5041,15267.77,employed,debt_consolidation,0.6140708980403128
64,93128.97,706.8,0.3206,10992.65,self_employed,medical,0.33917423613528114
53,30868.57,795.9,0.1557,22900.64,employed,education,0.17152467818440514
28,19943.26,700.6,0.0927,10317.15,self_employed,home_improvement,0.314868769124838
52,83570.32,705.2,0.2803,3854.34,employed,education,0.15940306939102075
49,88992.16,695.1,0.1272,12589.77,employed,home_improvement,0.13966687752457474
59,25739.66,604.8,0.4754,7173.41,employed,debt_consolidation,0.6217471584960046
66,58227.77,684.8,0.289,19300.04,self_employed,debt_consolidation,0.41172356661867426
44,27558.59,700.5,0.3361,8593.6,employed,business,0.4126335248023997
46,106481.86,559.5,0.2309,24703.88,self_employed,education,0.5889165749022973
26,49553.47,707.2,0.3799,5902.06,employed,home_improvement,0.3803837048083715
59,56601.96,850.0,0.0914,31446.54,employed,business,0.12838387675917093
37,17557.95,662.3,0.3697,7367.82,employed,debt_consolidation,0.5625942879752363
64,26437.99,701.6,0.2374,9936.63,employed,home_improvement,0.19462961447225116
68,73296.7,740.4,0.3346,25078.58,employed,business,0.3002937245221932
57,78167.11,677.0,0.3676,9635.43,employed,debt_consolidation,0.33514902694968923
43,78309.48,629.7,0.0392,9971.76,employed,business,0.2323287541251719
65,70618.35,655.8,0.2597,21489.86,unemployed,business,0.7324198775784647
24,136135.7,680.4,0.2636,49605.89,self_employed,debt_consolidation,0.7602748388279472
38,31795.67,618.3,0.2486,51165.12,employed,debt_consolidation,0.8649126851807024
30,33664.65,606.3,0.1487,43533.68,employed,debt_consolidation,0.8073949000916955
48,56030.96,725.2,0.5406,13542.47,employed,home_improvement,0.4340243013239067
37,88600.81,697.6,0.1343,10703.84,employed,home_improvement,0.16426319213717638
69,31656.29,577.4,0.1891,11048.48,employed,home_improvement,0.3155314875057708
24,36512.69,677.4,0.4326,9948.72,retired,debt_consolidation,0.7180313432961895
41,68245.98,670.7,0.2303,5211.5,employed,debt_consolidation,0.29320971458989015
27,68213.36,659.6,0.2587,12197.57,employed,home_improvement,0.38536246462915175
32,30276.73,601.9,0.2752,12347.65,employed,debt_consolidation,0.6418893048949278
39,49851.11,652.8,0.1906,12532.59,employed,home_improvement,0.31933929864316946
27,20008.14,702.6,0.1488,9433.15,employed,home_improvement,0.28812143579981814
34,27629.73,690.6,0.4557,11871.78,retired,medical,0.764249733536612
30,90979.78,655.0,0.4431,16768.94,employed,debt_consolidation,0.6289856298072326
37,179526.03,656.6,0.5254,34205.82,employed,education,0.5979987645422631
67,60592.06,530.1,0.2556,38438.08,employed,home_improvement,0.6842490455667783
47,28555.13,704.0,0.0851,6621.78,employed,home_improvement,0.14687494683358365
56,60609.09,695.0,0.3659,5445.38,retired,medical,0.45468602564651944
53,66953.99,663.1,0.2737,39145.71,retired,business,0.6926610906776304
52,74064.1,683.4,0.2357,26160.41,employed,debt_consolidation,0.41089442105428337
63,46516.33,725.3,0.3284,6905.86,employed,business,0.23182946337564464
24,46195.34,643.9,0.2345,9905.9,employed,home_improvement,0.4275171494746806
45,43444.6,653.4,0.3113,25198.1,self_employed,debt_consolidation,0.6846821623460397
24,123091.83,705.8,0.1408,14067.96,employed,education,0.19263008689228772
54,37241.88,688.8,0.2747,15185.03,employed,medical,0.46221761195706684
52,47986.95,659.5,0.3916,18468.83,unemployed,education,0.8200693940424971
62,27482.21,532.8,0.2328,12895.59,employed,business,0.578049994164103
47,32057.32,749.5,0.3111,21200.16,employed,business,0.4073711095327059
33,31090.08,620.5,0.257,8607.69,employed,home_improvement,0.45756414651401695
35,46462.3,532.5,0.2272,27165.69,employed,home_improvement,0.7291321593567399
26,61482.73,619.3,0.3106,42151.4,employed,medical,0.8847117717249832
57,41389.58,822.3,0.3008,17787.57,employed,debt_consolidation,0.20418867829003265
56,34226.1,716.3,0.0872,60000.0,employed,home_improvement,0.5395035784273351
41,125546.71,710.1,0.0189,4250.2,self_employed,debt_consolidation,0.10759568872354824
22,33606.72,612.5,0.2409,8123.28,employed,debt_consolidation,0.5982612064099776
22,24844.87,550.4,0.1967,6879.81,employed,medical,0.7395809460296611
51,40931.69,720.6,0.2952,19527.83,self_employed,debt_consolidation,0.4682927254581589
66,75866.63,667.8,0.2313,12013.35,employed,debt_consolidation,0.23628243546921213
47,29822.8,608.1,0.2572,7722.13,employed,education,0.41879174478556025
39,71596.05,575.5,0.3022,23722.72,employed,debt_consolidation,0.7050365191510061
46,36511.52,595.5,0.0833,19306.93,retired,debt_consolidation,0.5569022835996588
40,81679.05,599.5,0.1417,9146.01,employed,home_improvement,0.27872497133169427
27,93296.37,722.7,0.2309,36481.08,employed,home_improvement,0.4475824671261037
35,38906.43,692.8,0.3596,20053.91,employed,debt_consolidation,0.5980785568400617
54,71518.47,535.3,0.4112,14733.22,employed,home_improvement,0.6181432045064583
44,46104.97,624.4,0.1638,48884.5,employed,debt_consolidation,0.7638582986118024
50,22716.94,729.0,0.1363,17778.04,employed,debt_consolidation,0.27931738111529597
44,31759.89,674.0,0.2729,29545.92,employed,home_improvement,0.5311741414445161
55,93482.29,601.3,0.1501,14473.23,employed,home_improvement,0.2440448488958803
30,40697.96,644.5,0.1791,21230.35,employed,home_improvement,0.4744780684067345
43,137359.99,642.7,0.3452,9324.08,employed,debt_consolidation,0.33439553424413504
55,65273.28,674.0,0.2651,3682.33,unemployed,debt_consolidation,0.6052111950765463
29,56962.18,726.5,0.1117,29534.48,employed,home_improvement,0.3309005022310279
38,73148.15,666.3,0.3859,9248.22,unemployed,debt_consolidation,0.8098959308424877
57,51168.47,734.4,0.0513,14338.92,unemployed,business,0.43079649151715765
39,40044.72,627.3,0.2427,12216.74,employed,home_improvement,0.4205280373234353
48,78450.87,575.3,0.2131,16469.32,unemployed,debt_consolidation,0.8262787786426097
49,108064.48,661.6,0.3148,4868.1,self_employed,debt_consolidation,0.32592530105531314
28,47442.55,663.0,0.1611,18536.55,employed,business,0.47935278141568216
41,95607.47,689.4,0.1589,8715.62,employed,home_improvement,0.15370287856392215
39,59184.41,664.7,0.4349,5346.13,employed,debt_consolidation,0.5010494647265681
24,30501.5,769.3,0.2086,27165.68,employed,debt_consolidation,0.47643957297182365
36,65607.14,704.2,0.1827,19472.02,unemployed,debt_consolidation,0.7286901335660346
36,48567.55,615.7,0.1632,32621.67,employed,business,0.6645032914497766
40,131781.61,797.8,0.1846,12805.3,employed,education,0.08093888279623525
63,37655.15,715.1,0.1217,13365.41,employed,education,0.14576116919267623
54,40720.71,689.8,0.3144,22341.13,employed,debt_consolidation,0.4823858431693495
36,90298.1,642.1,0.1078,24523.14,employed,home_improvement,0.32725863184916704
47,39132.17,657.3,0.0757,5161.0,employed,business,0.2228192172588555
21,165406.51,722.1,0.3679,6303.5,employed,business,0.2513671201031277
58,25999.73,676.3,0.1997,21906.36,employed,education,0.3435981115274531
43,109591.53,588.3,0.3066,5140.57,employed,home_improvement,0.3221886489251874
60,57794.24,609.1,0.1418,29428.1,employed,home_improvement,0.3977514475332055
53,44032.33,794.9,0.1517,11618.22,employed,debt_consolidation,0.1330319164316751
58,159399.37,678.5,0.2292,19646.76,unemployed,home_improvement,0.4401013714590921
44,44016.69,651.8,0.2009,14262.48,employed,home_improvement,0.3311528157084852
52,45963.73,631.0,0.1305,42640.85,self_employed,debt_consolidation,0.7040229823975509
58,74161.22,763.6,0.0852,19500.29,unemployed,home_improvement,0.33052441362640045
54,42932.91,826.3,0.1999,11219.66,employed,debt_consolidation,0.1226914657293087
65,47665.21,579.7,0.3297,33057.14,self_employed,home_improvement,0.7068503952132675
51,102613.01,653.1,0.1087,4869.84,employed,home_improvement,0.11424161876525131
34,62778.68,622.2,0.3219,13259.55,employed,home_improvement,0.4918452355764406
40,91131.84,810.2,0.1546,12379.17,employed,medical,0.15283196256110762
29,76789.49,719.0,0.3723,7838.38,employed,home_improvement,0.30960829326875766
35,46333.54,667.6,0.3316,36633.15,employed,education,0.6979442310999439
39,52671.93,665.9,0.1334,15331.71,employed,debt_consolidation,0.3560541091309825
24,31142.95,700.8,0.3451,12126.12,employed,debt_consolidation,0.5634374515423098
42,143269.0,615.4,0.1055,8629.77,self_employed,debt_consolidation,0.25177066813109394
57,52546.54,679.3,0.1685,12963.69,employed,home_improvement,0.19386460137917974
67,20901.68,654.5,0.4921,52843.51,self_employed,debt_consolidation,0.9058526159116258
41,83602.08,700.0,0.2017,27420.02,employed,home_improvement,0.3201544820299339
62,148416.51,628.1,0.1999,14606.58,employed,home_improvement,0.14975367125390346
46,71775.57,709.1,0.3612,20749.31,employed,business,0.4471017045385295
47,59613.14,669.0,0.1223,11772.26,employed,debt_consolidation,0.2625105418893485
63,38615.75,679.5,0.0385,6283.65,self_employed,debt_consolidation,0.17897660080229635
24,60441.26,737.6,0.0869,10050.68,employed,debt_consolidation,0.22379598097404968
31,51960.44,778.1,0.195,4469.83,retired,home_improvement,0.17996012960224664
48,59416.44,711.3,0.0796,26184.68,employed,debt_consolidation,0.28685223641260726
68,51175.99,802.0,0.1571,38299.19,employed,debt_consolidation,0.2368313250872077
38,35293.72,632.2,0.1034,3507.87,employed,business,0.30796813601367534
48,47131.95,677.0,0.3369,18275.62,unemployed,debt_consolidation,0.8272554166176292
26,32633.02,660.4,0.5219,15473.62,employed,home_improvement,0.7095834462311256
64,57801.83,642.5,0.5531,4460.47,employed,home_improvement,0.4126418236904447
28,31456.25,583.4,0.4474,10420.55,employed,debt_consolidation,0.7894994853087022
59,30698.87,661.0,0.2469,16334.02,employed,home_improvement,0.3223747573136723
48,66851.36,744.9,0.3236,55545.33,unemployed,debt_consolidation,0.9187978000337284
60,47237.62,791.5,0.3718,58539.72,unemployed,education,0.8792929580179217
23,24745.3,609.3,0.0856,37368.66,employed,business,0.7557062121709311
57,50933.88,616.3,0.1256,9960.9,employed,business,0.2931414308168013
61,37846.75,706.1,0.4308,6106.27,self_employed,debt_consolidation,0.42553188999864083
21,26860.26,738.5,0.3764,7186.0,employed,debt_consolidation,0.49446426541237287
31,21681.8,652.6,0.3665,17686.4,employed,debt_consolidation,0.6991661200471505
21,37148.71,741.8,0.2008,13451.86,self_employed,medical,0.5338697389794558
23,101262.52,616.0,0.299,7667.14,employed,home_improvement,0.40894228681953193
28,45397.6,668.1,0.3575,35421.55,employed,home_improvement,0.7215254741130122
61,50426.02,708.4,0.2222,3144.58,employed,debt_consolidation,0.17258626542181096
53,62856.64,666.5,0.3223,18698.94,employed,debt_consolidation,0.4557992770752843
68,33049.06,620.0,0.3395,4430.38,employed,education,0.3214491068388364
66,85703.26,757.1,0.0705,15643.69,employed,debt_consolidation,0.08913871824532303
34,118536.42,629.1,0.1707,33028.57,employed,debt_consolidation,0.534949091357868
66,49112.98,760.7,0.174,3423.01,retired,debt_consolidation,0.13273389453099962
50,86502.92,681.2,0.3313,19400.07,self_employed,debt_consolidation,0.4865051082903292
22,88648.5,654.9,0.3554,19411.14,unemployed,debt_consolidation,0.8887699500385485
59,33172.48,686.0,0.118,38416.06,employed,debt_consolidation,0.4735731466318389
32,69424.87,564.0,0.1839,12461.37,unemployed,education,0.8184993721711449
25,26272.09,639.6,0.0578,51395.8,employed,debt_consolidation,0.7965921927811783
25,43818.56,613.8,0.0695,7837.13,employed,debt_consolidation,0.40813702902348925
61,33613.2,641.9,0.2817,6528.62,employed,debt_consolidation,0.356433554895147
56,99162.11,735.4,0.104,26017.61,unemployed,business,0.5076187603094298
33,36934.76,630.7,0.1611,7146.93,employed,home_improvement,0.3339934777325613
37,129294.55,659.1,0.2369,23061.01,employed,home_improvement,0.31311874537103734
57,36663.58,720.8,0.2322,6242.57,employed,home_improvement,0.15913988905167742
47,84680.15,626.9,0.1562,19787.73,employed,education,0.32079104785714563
37,19915.18,696.9,0.1424,10085.02,self_employed,business,0.39224382354437015
51,33897.55,658.3,0.5176,14567.88,employed,education,0.5947628988372455
58,24946.9,752.4,0.4478,45659.5,retired,business,0.7793111749882639
32,97917.97,661.5,0.492,21386.8,employed,debt_consolidation,0.6785120206606986
25,48366.37,627.9,0.1292,49121.1,self_employed,home_improvement,0.7954467084681582
32,18964.14,653.2,0.2034,5697.78,employed,debt_consolidation,0.4408611817431072
47,157159.33,705.0,0.0533,10404.65,employed,debt_consolidation,0.08523801394584789
69,47346.64,615.8,0.0892,4238.62,employed,business,0.18586920450215444
63,36771.45,735.5,0.2571,9829.1,employed,debt_consolidation,0.21421827591893838
56,35712.64,551.3,0.228,8796.3,employed,education,0.44834681049163666
54,19662.22,805.7,0.424,5417.78,employed,home_improvement,0.18944642077658672
64,33137.16,601.2,0.0671,12528.64,unemployed,education,0.6024989370075298
69,64043.95,696.5,0.2672,23534.18,employed,business,0.31625967793730075
56,118811.93,678.0,0.2709,30955.15,employed,debt_consolidation,0.392365168036323
56,34555.04,698.4,0.1726,11026.8,employed,home_improvement,0.18712035546747216
45,48372.79,619.5,0.0812,16672.05,employed,medical,0.4629304867423514
59,27036.49,691.5,0.1514,51198.7,self_employed,home_improvement,0.6184293991710753
66,43121.62,700.8,0.0196,13207.55,unemployed,debt_consolidation,0.42639410842859826
69,43824.8,749.0,0.0716,8901.7,employed,home_improvement,0.06639898901298474
33,31534.82,657.0,0.1288,9485.54,employed,debt_consolidation,0.3798451942755172
43,44965.41,824.7,0.1365,28710.47,employed,home_improvement,0.16976513708314553
56,71127.2,627.3,0.1351,9548.86,employed,business,0.25274759127908347
57,36509.81,692.4,0.3141,2934.17,employed,debt_consolidation,0.281365895861362
52,27708.98,741.1,0.259,15463.98,employed,debt_consolidation,0.3128759757072888
53,113642.97,722.3,0.1163,32334.83,employed,home_improvement,0.18081313503716753
65,41211.86,694.6,0.4121,30895.45,employed,medical,0.6631731619235658
52,52741.63,663.9,0.088,7823.5,employed,debt_consolidation,0.20821474974401083
43,37809.23,725.8,0.4859,20530.11,self_employed,debt_consolidation,0.6781127680122204
26,42205.09,733.5,0.3513,8712.98,employed,business,0.4344424862858638
32,36650.53,609.1,0.2186,18084.27,self_employed,home_improvement,0.6102508673271977
38,77570.21,696.6,0.1932,5738.92,employed,home_improvement,0.17432089739144
52,49503.25,672.4,0.0302,34797.93,employed,debt_consolidation,0.3910379476247322
49,85045.36,693.3,0.1808,7599.57,employed,business,0.1897031321604286
44,50445.63,666.9,0.1445,11851.71,employed,business,0.3052887143614061
33,41791.61,566.6,0.0367,3960.58,self_employed,home_improvement,0.3700888983027825
27,31786.04,767.5,0.124,32397.55,employed,medical,0.5225507163619327
38,72299.19,570.2,0.1614,12926.17,employed,business,0.4886713604015065
46,18207.54,788.5,0.4652,6595.04,employed,debt_consolidation,0.3589722468659056
68,46369.25,678.2,0.2709,42500.08,employed,home_improvement,0.49828803957373347
21,66546.49,766.5,0.3112,5700.94,self_employed,debt_consolidation,0.36767263168415093
33,27052.03,724.1,0.2395,10152.69,employed,home_improvement,0.2888146624113079
62,24514.73,699.0,0.3238,11049.72,self_employed,home_improvement,0.332120869557529
45,75140.21,648.7,0.1317,13851.02,employed,home_improvement,0.22985905234731296
57,98504.56,614.5,0.3099,11175.86,employed,business,0.36678298385384545
69,71504.51,815.5,0.1235,10449.45,self_employed,home_improvement,0.05655503971513916
58,97020.1,667.5,0.1459,6124.27,employed,business,0.14978387100593443
48,28111.89,597.6,0.1587,6654.7,employed,debt_consolidation,0.41009744464089626
50,75649.43,722.4,0.3085,25141.94,employed,education,0.3339366079696853
57,96939.16,673.9,0.2217,4362.48,employed,education,0.13819315856711004
56,59691.45,655.8,0.2772,32924.61,employed,debt_consolidation,0.574660257464699
58,40847.11,695.0,0.1392,5434.85,employed,debt_consolidation,0.17911523157473333
42,32653.41,673.6,0.1209,31008.2,employed,debt_consolidation,0.5146655169276745
64,40436.25,659.8,0.2608,7622.71,self_employed,education,0.2968874726991386
64,15532.26,670.2,0.0351,15135.73,employed,home_improvement,0.16889115485807615
27,63053.4,624.3,0.5421,49126.71,unemployed,debt_consolidation,0.9866510909754015
26,77447.6,723.7,0.303,16813.97,employed,home_improvement,0.3445375650305027
52,59903.1,753.8,0.1082,60000.0,employed,home_improvement,0.4595511961935371
32,269962.19,674.1,0.5003,60000.0,self_employed,home_improvement,0.7038765217948636
67,52835.68,737.9,0.0957,15301.92,self_employed,home_improvement,0.12538380817366282
30,60185.44,540.0,0.3451,9424.84,unemployed,debt_consolidation,0.9258523778002611
38,40123.18,674.5,0.2323,7773.07,employed,debt_consolidation,0.37637988935998484
49,69591.32,660.0,0.2319,22839.31,employed,education,0.3717512503524462
53,32233.25,681.9,0.1288,5301.18,employed,education,0.1713685279959492
55,33284.66,639.8,0.4076,10450.51,employed,business,0.5350739334378787
42,34339.51,631.2,0.3998,11113.83,self_employed,debt_consolidation,0.689197599851003
69,40717.6,773.6,0.0586,9200.44,unemployed,home_improvement,0.21762470591525127
54,63083.49,613.9,0.0287,60000.0,self_employed,home_improvement,0.6938845332922348
63,44340.3,700.3,0.203,6640.53,employed,debt_consolidation,0.19415021197749302
47,43312.77,631.8,0.1564,22450.84,employed,home_improvement,0.394839287622433
29,23009.83,643.0,0.217,23099.13,employed,debt_consolidation,0.6569103951260117
40,47382.27,723.4,0.1234,16989.44,employed,home_improvement,0.2091412006960192
63,42500.36,588.6,0.0953,13734.29,employed,education,0.27928081202180643
54,194706.51,703.3,0.4179,10846.2,unemployed,medical,0.5906462380612709
38,19947.15,607.9,0.3516,13582.7,employed,debt_consolidation,0.6923073754598109
40,87927.34,641.6,0.069,16428.32,employed,education,0.23507881777086465
27,20877.09,721.6,0.3475,8618.11,employed,debt_consolidation,0.4946444883136926
39,49240.68,613.4,0.409,50295.52,employed,medical,0.9298037659902807
48,34571.31,669.9,0.2835,6803.77,employed,debt_consolidation,0.3763345732662978
35,160301.07,702.4,0.2186,8950.9,employed,medical,0.21849569234547989
51,51763.45,724.4,0.2261,23595.6,self_employed,business,0.41653455051913013
46,40268.38,696.4,0.3238,6251.81,employed,education,0.29525314641330047
50,50296.74,728.4,0.0148,3569.63,employed,education,0.07789923978622357
33,31865.51,560.2,0.2026,22804.62,employed,debt_consolidation,0.7392268585133784
33,70676.6,679.7,0.3644,53345.45,employed,business,0.8424786327208174
23,72577.09,626.9,0.4119,2783.86,employed,home_improvement,0.4925243080925578
40,163642.49,572.1,0.3082,7640.21,self_employed,debt_consolidation,0.44604174830312127
32,39523.75,572.9,0.1588,9060.51,employed,debt_consolidation,0.5443459569735459
68,40203.46,811.9,0.1113,7106.28,employed,debt_consolidation,0.06740183263442226
39,205518.73,557.4,0.3176,13339.15,self_employed,education,0.39375012925497554
40,47772.83,700.9,0.2478,13808.35,unemployed,medical,0.7992805420741048
62,52393.11,762.9,0.1549,6956.03,self_employed,debt_consolidation,0.1429685963856897
68,58065.46,706.4,0.4705,9660.33,employed,debt_consolidation,0.34985964356197696
58,30750.27,757.1,0.2113,19773.8,employed,business,0.2553516500798975
31,26889.35,577.8,0.1446,9031.22,self_employed,debt_consolidation,0.62384701949096
65,64502.7,664.4,0.2085,11006.82,unemployed,home_improvement,0.5072232153817355
52,21475.48,506.7,0.1672,56875.98,self_employed,debt_consolidation,0.9374547210659292
45,114032.73,704.4,0.2222,21666.78,employed,business,0.28071918806396573
46,38530.77,699.3,0.4169,15416.45,employed,home_improvement,0.43850617725589397
42,23821.76,754.0,0.154,9677.55,employed,medical,0.2846202300912988
55,30071.84,614.2,0.4692,15137.78,employed,debt_consolidation,0.6884203385268252
47,52570.73,643.5,0.1792,21403.22,unemployed,education,0.7473939525755114
21,91394.91,790.5,0.3626,2970.75,employed,home_improvement,0.18072583234132292
30,47388.45,670.3,0.3944,5948.32,employed,home_improvement,0.44230099057870115
27,92369.02,634.9,0.3154,9928.7,employed,education,0.4278847684404254
67,69839.61,630.4,0.0381,13381.2,employed,home_improvement,0.1348882128645424
30,116425.26,710.1,0.2376,6100.96,retired,debt_consolidation,0.28529695852256276
36,98285.22,648.3,0.2411,18441.89,employed,business,0.4318554529514593
63,70720.02,691.3,0.1421,2537.95,employed,debt_consolidation,0.12430931294773154
29,51931.19,660.2,0.3356,2119.8,employed,debt_consolidation,0.45714937433390573
50,101040.93,706.3,0.1848,45877.52,employed,debt_consolidation,0.4872708042422568
43,37704.56,639.3,0.0322,12357.02,unemployed,debt_consolidation,0.670392719789019
48,156798.94,671.3,0.1597,14927.01,employed,home_improvement,0.12498585886474471
27,72380.21,791.3,0.0791,11283.31,employed,education,0.11284489261405962
58,26323.5,710.2,0.3129,9349.93,retired,debt_consolidation,0.39847708600309745
67,53069.72,726.4,0.1698,21493.36,employed,home_improvement,0.16351790065644964
41,66830.23,767.7,0.1583,6951.53,employed,debt_consolidation,0.14603441302832948
53,70386.2,618.2,0.206,5760.66,employed,education,0.2465639919989735
52,26238.94,671.0,0.2898,32038.6,employed,debt_consolidation,0.6336520845055341
46,23700.07,738.6,0.1949,32491.85,self_employed,debt_consolidation,0.5442610750045603
22,143895.78,643.3,0.0956,26393.86,unemployed,medical,0.8069761109506587
44,54570.57,702.8,0.2929,16520.5,employed,home_improvement,0.32167595101461255
46,50854.32,732.8,0.1247,14685.87,self_employed,home_improvement,0.20482133861687263
33,37277.76,657.8,0.2446,12912.37,employed,debt_consolidation,0.5022374471737698
39,76729.82,660.5,0.2711,9026.83,employed,debt_consolidation,0.3717581386480824
21,59910.14,676.9,0.294,11175.22,employed,debt_consolidation,0.512360805040995
68,94977.01,613.0,0.2444,25331.79,employed,business,0.4057470852481342
35,32008.35,646.3,0.1994,5603.29,employed,business,0.4019196062547233
69,48601.14,743.8,0.0847,39535.25,self_employed,home_improvement,0.2656643915786129
66,34141.63,631.8,0.1641,9887.86,employed,business,0.2839213443476786
63,33579.96,765.3,0.2614,4524.83,employed,education,0.12047359672056866
69,82866.25,759.3,0.1786,5672.84,employed,debt_consolidation,0.08148838951758329
34,140396.65,682.4,0.4361,21575.07,employed,debt_consolidation,0.505824147621748
27,51045.57,658.9,0.5059,7237.56,employed,business,0.6631345105334912
53,132706.0,605.4,0.286,13727.13,employed,home_improvement,0.2723393374010476
23,58701.98,663.7,0.2233,15665.68,unemployed,home_improvement,0.7757119374765712
68,44541.92,703.3,0.0867,5575.9,employed,business,0.11577652425174828
43,46684.83,762.0,0.2111,14369.78,employed,debt_consolidation,0.24778506762006205
48,56465.85,606.1,0.2962,20486.28,employed,debt_consolidation,0.6016664135299785
66,179295.37,616.7,0.0753,6138.87,employed,education,0.06320881412927164
37,47551.79,601.9,0.2106,20720.89,unemployed,home_improvement,0.8388796526768163
48,31830.42,688.0,0.1629,6778.04,employed,education,0.20959073031944134
52,57073.94,666.0,0.071,12626.55,retired,debt_consolidation,0.28691922721550717
56,28758.49,726.5,0.0839,12249.83,employed,debt_consolidation,0.17887698011537623
26,50940.85,637.5,0.2749,16379.95,retired,debt_consolidation,0.6874378216415231
22,94501.48,769.5,0.2689,48485.97,employed,education,0.5650323255922042
67,130542.85,692.6,0.3152,33375.23,employed,debt_consolidation,0.3496916063855202
55,36459.86,672.8,0.0448,5019.7,employed,medical,0.21703959718801585
57,53843.14,758.1,0.2072,10933.09,employed,debt_consolidation,0.16786712220992808
51,103228.99,674.0,0.525,7346.14,employed,debt_consolidation,0.43178569516659104
21,161941.21,559.9,0.2198,5308.37,unemployed,debt_consolidation,0.759980384253934
27,40397.9,655.6,0.1136,11964.49,employed,debt_consolidation,0.4087798100526332
45,81230.97,705.5,0.2295,8491.65,employed,medical,0.2956095490384061
52,15000.0,627.6,0.2726,14134.06,employed,debt_consolidation,0.5363784858223622
66,38245.74,689.8,0.3977,9801.58,employed,medical,0.444783769667479
43,129436.53,671.4,0.3538,15633.55,unemployed,medical,0.7917834667057264
50,83749.21,684.6,0.2185,28293.55,employed,debt_consolidation,0.40773320029075366
45,61654.14,626.5,0.0822,13261.92,employed,debt_consolidation,0.3165826299960516
64,44920.16,850.0,0.2881,42592.0,employed,business,0.3159745221723335
57,36041.94,598.1,0.2415,24159.72,unemployed,debt_consolidation,0.8759311647112255
51,134734.08,658.1,0.1994,7750.22,self_employed,debt_consolidation,0.22440646035147013
53,96126.28,592.8,0.3341,25861.42,employed,debt_consolidation,0.6097455133966426
67,43316.98,647.2,0.165,60000.0,employed,debt_consolidation,0.7307543716203038
69,47897.53,671.1,0.2698,7273.83,employed,business,0.2443857154345813
53,41210.38,729.7,0.0922,15866.67,self_employed,home_improvement,0.1863820154450952
51,57866.74,659.4,0.1709,6958.88,employed,home_improvement,0.19256537656770753
36,53644.51,676.6,0.2919,26315.25,employed,home_improvement,0.5092255871896898
22,48607.24,701.1,0.2524,42714.92,employed,debt_consolidation,0.7534270402833994
48,44763.15,673.0,0.2922,12191.75,self_employed,education,0.41480682656587875
26,61985.19,658.1,0.0919,18729.46,employed,medical,0.4987251932931063
66,40409.21,642.4,0.2971,25450.37,self_employed,debt_consolidation,0.5950845363072369
25,16132.53,700.0,0.2592,60000.0,employed,home_improvement,0.8456100238095501
54,41306.37,747.9,0.3775,13139.29,self_employed,debt_consolidation,0.4069864427434861
31,31720.72,690.0,0.5544,7389.01,employed,home_improvement,0.5860097258106242
36,80232.13,625.0,0.5042,24269.21,employed,debt_consolidation,0.7745687864087514
59,157351.63,639.1,0.229,7852.64,employed,debt_consolidation,0.16271591082389883
55,42462.34,691.8,0.2599,3164.16,retired,education,0.25541345822557937
57,15000.0,696.5,0.3179,17883.5,employed,debt_consolidation,0.4610569195361403
46,61257.79,658.4,0.1688,28649.24,employed,home_improvement,0.3916003510891788
43,44198.8,693.6,0.5929,12760.02,employed,home_improvement,0.579754178127263
37,26955.77,692.5,0.1884,11547.79,employed,business,0.3701397964136454
31,22277.54,655.9,0.2,8816.92,employed,business,0.4582899210601256
42,66976.4,674.8,0.3572,60000.0,employed,debt_consolidation,0.8611712925760605
24,59952.59,665.2,0.1384,9808.28,employed,home_improvement,0.2889727576073399
24,54150.8,634.9,0.1879,8748.47,retired,home_improvement,0.4581966306318271
53,36092.21,702.9,0.4249,20662.93,employed,education,0.48081995428364527
46,36448.67,690.9,0.3249,6542.26,retired,business,0.45304488770765167
42,259473.83,579.8,0.5289,9228.31,self_employed,debt_consolidation,0.4413245952548632
69,81606.86,718.9,0.3332,18915.64,unemployed,debt_consolidation,0.631826469305116
30,23043.0,579.0,0.3334,16097.71,self_employed,debt_consolidation,0.8189442223616826
38,178755.22,637.9,0.3507,52586.22,retired,debt_consolidation,0.7853181713464114
47,84013.66,619.8,0.3699,28850.53,self_employed,home_improvement,0.6571974644084679
27,34552.91,668.7,0.3038,7789.94,unemployed,debt_consolidation,0.835813951106066
51,25864.94,600.0,0.207,9948.61,unemployed,home_improvement,0.7439544802041416
43,60303.33,618.0,0.2461,20625.01,employed,debt_consolidation,0.5578601530957997
37,78140.81,649.3,0.3484,15229.77,employed,medical,0.6098197158420704
69,47163.77,677.1,0.0345,8867.1,retired,business,0.1688716580859767
44,57511.09,596.9,0.0678,5731.09,employed,home_improvement,0.226232444713456
23,65408.17,641.0,0.2609,13708.23,self_employed,debt_consolidation,0.625154096245109
27,71659.94,578.6,0.1412,32011.25,employed,home_improvement,0.6282176760043334
43,33767.69,684.5,0.1328,7859.1,employed,home_improvement,0.2058768761251585
45,22013.34,697.7,0.3708,4319.71,employed,medical,0.4951050897795618
46,40603.66,619.1,0.222,15495.99,self_employed,debt_consolidation,0.5765915859522546
69,43821.12,717.4,0.3837,29639.54,employed,debt_consolidation,0.4811479988512177
41,86709.51,559.5,0.1189,11663.67,employed,business,0.41385827586714297
48,65790.62,718.9,0.1132,15115.49,employed,debt_consolidation,0.20351897653224196
35,41503.71,583.4,0.3517,9686.18,employed,education,0.6076833742403692
69,55690.54,774.0,0.0423,9503.48,employed,debt_consolidation,0.06703141631276775
22,102421.74,688.7,0.1538,3721.52,employed,home_improvement,0.17230777350053475
57,18349.54,732.4,0.3061,13140.49,employed,business,0.3289306247985221
62,54535.79,679.5,0.0564,38454.4,self_employed,education,0.3777155504382634
47,57962.09,691.0,0.2194,20597.81,employed,business,0.3787178322392516
30,40739.55,701.7,0.133,7904.66,employed,home_improvement,0.2231671732272416
47,105456.31,599.7,0.4037,13671.99,self_employed,education,0.5478619062072994
29,139239.44,638.2,0.1837,12267.89,employed,home_improvement,0.2357481361940486
37,37480.25,648.6,0.0771,15992.26,employed,debt_consolidation,0.3844991899226297
38,54591.77,653.5,0.074,10676.7,self_employed,debt_consolidation,0.35319479918982866
28,24765.37,703.8,0.3009,18187.48,self_employed,home_improvement,0.5553762289326684
41,15726.29,756.9,0.2452,13627.78,employed,education,0.2728122580948744
64,77368.53,705.1,0.0877,10828.04,employed,home_improvement,0.08797399722977407
55,15000.0,707.1,0.5781,18063.98,employed,debt_consolidation,0.6749010955610044
28,178740.57,709.0,0.2172,16104.25,employed,medical,0.26465628676745945
59,22514.51,754.0,0.282,12271.17,self_employed,business,0.31494222940500427
63,78115.11,616.6,0.3423,13318.29,employed,debt_consolidation,0.42498807139254297
58,49219.8,655.2,0.5597,11235.46,employed,home_improvement,0.5148139748387887
46,102413.17,789.6,0.3138,24108.64,employed,debt_consolidation,0.258767793766793
56,92262.81,726.0,0.0811,10169.05,employed,medical,0.14216620604960067
52,28443.96,589.2,0.1118,19284.62,unemployed,business,0.8183038111653096
38,29530.66,763.2,0.1448,9221.75,employed,home_improvement,0.1557094731705643
22,68834.84,774.3,0.2259,18883.03,self_employed,debt_consolidation,0.4047406093778391
32,15721.0,729.2,0.3132,25006.79,employed,home_improvement,0.5138787163270786
49,33619.49,715.5,0.2291,11932.46,self_employed,debt_consolidation,0.36843567536902405
33,26028.71,667.7,0.1328,12496.34,unemployed,medical,0.8165515370845892
45,43953.65,630.5,0.2999,25921.56,self_employed,debt_consolidation,0.7172989310664604
21,31849.1,631.9,0.2419,12389.2,employed,debt_consolidation,0.6161107550263218
26,26742.96,656.2,0.2957,10459.36,self_employed,business,0.6461888047531935
40,33749.72,727.6,0.1515,22833.14,employed,debt_consolidation,0.36773615301885915
32,158444.87,771.8,0.2006,11807.66,self_employed,business,0.15369175263777166
39,73266.67,634.7,0.0944,4001.75,employed,home_improvement,0.18169415841288653
69,33467.4,744.7,0.1224,18881.93,self_employed,debt_consolidation,0.21901271782447618
66,38093.43,634.9,0.0736,27259.89,unemployed,home_improvement,0.6556208559535653
67,42454.3,689.4,0.1368,23501.03,retired,medical,0.43004151780559463
60,39032.84,634.9,0.4228,13684.54,employed,home_improvement,0.4672622556521065
55,81256.46,619.3,0.0242,9110.94,employed,home_improvement,0.13773970055597715
33,73373.99,628.8,0.1556,7911.69,unemployed,debt_consolidation,0.7248549471867303
50,35693.16,689.1,0.1987,6613.64,employed,debt_consolidation,0.267882745123624
21,55293.02,704.5,0.3435,6068.44,employed,home_improvement,0.37153179096604944
64,25857.37,822.8,0.3367,9580.37,employed,business,0.1630572761749366
57,50848.52,631.9,0.3037,13481.31,employed,debt_consolidation,0.4508042652375314
36,16852.89,623.7,0.1723,13174.27,employed,education,0.45753449220318565
35,66891.05,666.8,0.4098,6655.75,employed,debt_consolidation,0.49532759585327557
44,48852.07,690.6,0.0302,5558.41,employed,business,0.16101301285614475
56,38107.04,682.3,0.4311,25282.47,employed,debt_consolidation,0.6214444309041595
27,56001.55,651.4,0.2142,34409.31,employed,debt_consolidation,0.6972582403854433
59,48423.18,663.2,0.1811,16706.63,self_employed,debt_consolidation,0.3881847125006567
32,34865.87,698.6,0.3704,16586.34,employed,debt_consolidation,0.5851935791569278
59,52264.02,660.0,0.2674,15981.74,retired,debt_consolidation,0.4627480799271948
25,121504.07,743.2,0.575,5368.79,employed,debt_consolidation,0.4319832203028488
51,79143.97,678.3,0.2383,12868.62,employed,debt_consolidation,0.2910576265841033
46,31466.8,557.1,0.3928,7051.87,employed,education,0.6239581279928879
68,78707.53,823.1,0.144,15931.34,employed,home_improvement,0.052295436036925436
61,24843.28,604.8,0.1313,7950.71,employed,debt_consolidation,0.3284259422009791
60,83037.59,728.5,0.2253,4880.28,employed,business,0.13084730470760975
64,42311.12,645.9,0.2518,26787.89,employed,debt_consolidation,0.4977957566404686
41,32271.64,783.4,0.2846,11876.17,self_employed,business,0.3344344842773712
52,50544.83,848.3,0.357,8929.28,self_employed,debt_consolidation,0.19815028824853387
40,59479.93,672.6,0.1436,60000.0,employed,business,0.7631428121947678
51,43643.79,662.5,0.1401,40292.26,employed,debt_consolidation,0.5781780788719586
64,138061.84,657.2,0.2379,21244.44,employed,home_improvement,0.18229627031360626
65,36759.82,808.1,0.1261,9632.76,employed,education,0.06698296937459591
38,46350.98,850.0,0.3148,38033.62,self_employed,debt_consolidation,0.5003439216099369
30,65500.15,639.9,0.1051,3976.8,employed,debt_consolidation,0.29263143231140354
48,141628.06,816.2,0.4198,11708.96,employed,home_improvement,0.1072359906861397
37,32132.54,734.9,0.4858,17040.25,self_employed,debt_consolidation,0.669593662690409
52,32835.39,665.4,0.5817,12037.56,employed,debt_consolidation,0.6730807620238947
44,56052.48,785.5,0.3155,3878.95,self_employed,debt_consolidation,0.2384953119185382
22,119454.32,595.5,0.4199,10946.42,employed,debt_consolidation,0.6433599159099767
53,35857.95,685.8,0.0789,3563.73,retired,debt_consolidation,0.22043128156241978
41,35080.77,641.7,0.0643,22329.69,employed,home_improvement,0.3468179463949477
33,49975.5,704.5,0.1442,9419.15,self_employed,debt_consolidation,0.3445088259985971
51,81531.18,676.6,0.3903,8734.3,employed,home_improvement,0.2883683040744103
64,48419.92,762.0,0.1605,10882.53,retired,business,0.16856390900214474
24,31155.99,635.4,0.214,27154.75,unemployed,business,0.9198123779160544
59,58930.24,717.0,0.2133,22646.33,employed,debt_consolidation,0.29583686816504073
30,80599.6,763.0,0.1446,9165.67,employed,debt_consolidation,0.1741450221429041
50,40104.89,735.2,0.4144,32605.19,employed,debt_consolidation,0.6148643234288791
27,39640.54,780.6,0.0941,22634.87,unemployed,medical,0.7251608073745117
45,120109.17,761.6,0.0301,12027.57,employed,business,0.07643020990960799
23,42942.41,655.0,0.3385,9917.19,employed,debt_consolidation,0.6001546213634988
25,37935.57,683.4,0.1955,10989.81,employed,business,0.4282373159002333
59,77775.13,634.4,0.0662,15671.69,employed,home_improvement,0.17048923462907103
40,58416.69,712.3,0.4319,38387.72,employed,home_improvement,0.6562728091765546
52,83583.19,656.5,0.2801,15731.58,employed,debt_consolidation,0.37311451302252097
56,26169.02,604.3,0.2612,38051.94,employed,education,0.6945879482279397
60,39447.49,763.8,0.2501,23072.0,employed,education,0.22813324830100287
60,154195.88,707.7,0.1347,26150.49,employed,home_improvement,0.11185152031368356
29,36430.71,718.6,0.2024,4310.71,self_employed,debt_consolidation,0.36278921484197535
40,32479.75,719.9,0.2324,8529.76,retired,home_improvement,0.3046579427141692
53,34006.16,603.7,0.062,4241.71,self_employed,home_improvement,0.2537593294588706
47,21024.25,761.1,0.1625,8511.84,employed,home_improvement,0.14544635558313299
23,71362.1,664.3,0.0663,47980.49,unemployed,business,0.9075937443223386
23,65140.66,608.6,0.3816,20331.13,employed,debt_consolidation,0.7616967827416119
22,19193.45,672.7,0.1474,6839.28,employed,education,0.35422046336379576
63,29906.99,831.3,0.195,23992.73,employed,debt_consolidation,0.1711941381300931
24,33799.33,716.0,0.1258,10429.68,self_employed,education,0.3291713172061366
45,21383.94,711.6,0.1186,32903.15,unemployed,debt_consolidation,0.8065155047208982
34,27938.65,717.5,0.308,15542.38,self_employed,medical,0.638822025436851
49,21315.44,659.4,0.3899,60000.0,employed,debt_consolidation,0.905853346783312
46,59311.81,670.9,0.1831,7926.69,employed,home_improvement,0.20787595190982278
23,24026.69,784.5,0.2263,15395.98,employed,home_improvement,0.2823701945728076
31,61416.22,731.6,0.1829,15727.04,unemployed,business,0.6784249369358893
66,43857.69,640.8,0.0724,23933.65,employed,medical,0.38870590892431817
32,90411.13,618.8,0.3765,10793.76,employed,education,0.4965992176897935
31,28891.37,667.2,0.5906,23040.21,employed,debt_consolidation,0.8442322176444282
60,36813.99,658.6,0.1864,13432.52,employed,debt_consolidation,0.31803098061241347
37,79257.83,649.1,0.2893,15692.94,employed,debt_consolidation,0.48175456791491084
42,66330.0,675.7,0.1331,15089.51,employed,business,0.2944288801660451
23,61627.22,685.7,0.4962,14282.48,employed,debt_consolidation,0.6830722584373944
43,78064.55,732.9,0.0552,14768.7,employed,debt_consolidation,0.15775829242820186
25,43501.61,742.8,0.5796,6805.8,unemployed,debt_consolidation,0.8785739011441636
46,168001.23,754.8,0.5129,37102.52,employed,education,0.41197145334875324
50,25136.2,735.3,0.1371,14181.23,employed,business,0.23397201457788105
63,42046.69,625.7,0.0986,6626.06,employed,debt_consolidation,0.22786029750995412
57,41491.49,690.3,0.1696,6624.3,employed,education,0.16802824052273904
64,45856.78,760.9,0.1093,19596.67,employed,business,0.15259399680412777
58,25094.09,610.9,0.1257,35404.81,employed,home_improvement,0.5173210660787749
61,61339.44,720.5,0.3223,15350.87,employed,debt_consolidation,0.2933270411043072
69,15000.0,695.3,0.3078,20099.61,employed,medical,0.49339498769461226
33,50809.72,742.0,0.2728,47705.74,employed,business,0.6931604423660072
61,41401.31,699.5,0.5534,20077.38,employed,home_improvement,0.5193901518007006
56,38216.16,726.0,0.2254,8012.39,self_employed,home_improvement,0.20589726020119115
69,26742.81,693.9,0.1708,11946.07,employed,debt_consolidation,0.22149826377281134
67,82431.53,747.9,0.2745,10937.07,employed,debt_consolidation,0.15019234647721996
65,55228.04,561.4,0.2377,34342.83,employed,debt_consolidation,0.6813297569049414
46,48751.23,660.8,0.301,4437.92,employed,education,0.3036007650622132
27,39698.14,691.1,0.3581,21204.75,unemployed,debt_consolidation,0.897982446402972
34,40967.22,754.0,0.3103,22057.09,retired,business,0.5424414099973518
49,53903.91,665.8,0.2829,19563.72,employed,debt_consolidation,0.4709980389555722
57,57176.67,621.6,0.2191,19412.24,employed,education,0.37638738179158604
30,70410.03,680.1,0.1838,47504.73,retired,debt_consolidation,0.771860713511718
48,50683.23,718.4,0.1842,6790.6,employed,business,0.20339056454008952
68,74518.79,681.4,0.2062,12901.32,employed,business,0.2007634127592739
40,79552.21,737.4,0.0844,5581.37,employed,education,0.09764701668405631
62,55439.54,757.5,0.1425,6255.4,employed,medical,0.1397463714111334
38,34797.89,569.9,0.3859,11666.58,employed,education,0.6745327250599434
44,74627.14,781.7,0.165,11908.08,employed,business,0.14318247321942165
26,33113.73,653.5,0.0931,9262.3,unemployed,debt_consolidation,0.7492906051182635
63,15000.0,687.6,0.4046,12429.74,self_employed,business,0.5309786243447616
34,67719.44,724.7,0.3086,5048.94,employed,debt_consolidation,0.298423475512714
47,21715.24,731.3,0.253,19609.96,self_employed,education,0.40205515034515343
61,36602.5,692.2,0.2761,27028.89,employed,home_improvement,0.37465854703176316
24,24041.05,663.7,0.2454,6639.13,employed,home_improvement,0.41057616173460565
68,42025.83,686.1,0.2367,9707.03,employed,business,0.2340686267716777
68,83577.72,699.1,0.238,7183.46,employed,business,0.15279560020135338
46,147216.19,667.0,0.1148,8835.03,employed,debt_consolidation,0.1368913533232473
57,24253.97,656.0,0.086,17395.92,employed,debt_consolidation,0.3175910486688587
63,26232.34,710.1,0.2869,9459.49,employed,debt_consolidation,0.2811052073338507
39,46100.03,704.2,0.4218,11137.54,employed,debt_consolidation,0.5032593738739464
26,56190.44,681.2,0.4594,26126.25,employed,debt_consolidation,0.7590264531612814
29,64579.69,721.6,0.0856,11102.05,employed,debt_consolidation,0.22666190804132624
64,66225.95,727.7,0.0771,21254.28,employed,business,0.1579053457354232
49,51002.78,673.7,0.2721,14705.26,unemployed,debt_consolidation,0.7614600984877049
41,76886.0,794.7,0.2433,9488.54,self_employed,home_improvement,0.1526434788694476
43,53527.52,662.8,0.4177,20018.82,self_employed,debt_consolidation,0.6953935597523606
34,78181.66,619.9,0.2957,38034.79,employed,medical,0.8178291390381082
21,95092.82,712.8,0.5004,9512.75,employed,debt_consolidation,0.539851349627914
35,83626.74,741.1,0.3505,36757.8,employed,debt_consolidation,0.5877928670708406
21,129118.34,653.6,0.1189,15204.03,employed,education,0.2575723908715925
60,104119.47,631.0,0.3086,17967.88,employed,debt_consolidation,0.3838850083788204
37,199465.85,730.1,0.1015,57928.53,employed,home_improvement,0.29342286439623116
63,44723.86,663.3,0.4654,2914.64,employed,home_improvement,0.319871016327992
21,44490.97,658.2,0.0932,60000.0,employed,home_improvement,0.7839272808106351
24,25471.07,569.7,0.3761,32675.97,employed,debt_consolidation,0.9039636079394855
26,213913.45,698.0,0.151,16085.38,employed,home_improvement,0.10905214205869844
49,88253.78,674.0,0.3613,29965.15,employed,education,0.4943467994398671
38,50150.5,654.0,0.3562,13260.43,unemployed,debt_consolidation,0.8565649895063653
65,29802.87,691.8,0.1134,5332.63,unemployed,education,0.403884303300732
52,54358.56,755.2,0.1679,18087.45,employed,home_improvement,0.15720025983983918
35,48973.79,718.6,0.4406,15190.59,employed,home_improvement,0.4600859423345556
35,36473.87,743.8,0.35,8614.25,employed,debt_consolidation,0.3834939123690474
39,86168.25,604.3,0.3725,15843.98,self_employed,debt_consolidation,0.6796319270765379
62,23487.63,814.8,0.4162,20544.36,self_employed,debt_consolidation,0.3877095483504668
61,23988.94,579.0,0.2564,24780.05,self_employed,debt_consolidation,0.7154472922391237
43,70724.07,680.3,0.1712,13150.51,employed,debt_consolidation,0.29149362199134193
26,25171.17,690.2,0.1234,20098.36,employed,home_improvement,0.3838408322181669
35,49258.97,628.0,0.4702,34807.23,employed,home_improvement,0.8078218632294908
41,22769.05,778.7,0.0861,18664.57,employed,debt_consolidation,0.22108052882605617
61,38133.09,604.0,0.3188,32647.22,employed,debt_consolidation,0.7070234805154119
31,75797.99,684.7,0.3446,60000.0,employed,debt_consolidation,0.8672300969451572
44,74637.98,728.8,0.2123,7437.17,employed,education,0.1569870703771032
58,52768.2,658.1,0.0546,20102.77,employed,business,0.2593939479784051
48,25519.21,641.6,0.227,23447.04,employed,debt_consolidation,0.5687304998892647
44,38900.74,692.8,0.0518,5839.81,retired,debt_consolidation,0.24176741720689038
46,39429.61,752.0,0.1718,9264.07,employed,home_improvement,0.14635082561182702
32,56163.18,650.6,0.0686,14656.34,employed,debt_consolidation,0.3518713095310007
49,26423.47,702.7,0.0394,2849.42,unemployed,debt_consolidation,0.45659680623941024
46,35677.73,711.2,0.2074,11010.53,self_employed,business,0.3549685248021321
34,41444.51,698.3,0.2999,26847.08,employed,debt_consolidation,0.606831647145987
57,44146.7,557.0,0.1445,3801.66,self_employed,debt_consolidation,0.43477361787693514
43,135385.71,531.2,0.1293,18931.42,employed,debt_consolidation,0.44953235538564845
31,86526.15,584.3,0.3026,11351.86,employed,debt_consolidation,0.5850499807788181
61,232366.36,681.7,0.308,25024.58,self_employed,home_improvement,0.15883499045742983
59,44024.85,706.7,0.2379,18398.16,retired,debt_consolidation,0.3937635780328283
30,101594.17,768.2,0.1516,17878.39,employed,debt_consolidation,0.20244482492384527
45,38432.75,628.8,0.086,19448.69,employed,debt_consolidation,0.41847108814390443
47,32737.83,743.8,0.1313,11284.33,employed,debt_consolidation,0.20392233912094715
62,65055.3,694.4,0.4194,15278.29,self_employed,business,0.4675180746554769
35,22772.19,805.1,0.2673,25911.43,employed,debt_consolidation,0.40528683132242327
56,50927.8,696.4,0.2497,25061.12,unemployed,debt_consolidation,0.7680724976026108
41,70748.51,579.5,0.3041,20403.07,employed,business,0.6566040632635178
48,27152.5,661.1,0.5629,2896.98,employed,home_improvement,0.5172835175340283
31,40351.89,644.3,0.0713,9437.64,employed,medical,0.4249118982065329
24,17850.67,685.1,0.3633,5693.08,self_employed,home_improvement,0.549087438866556
31,83582.45,692.0,0.1814,8190.53,employed,debt_consolidation,0.27123485306250866
64,35627.33,716.2,0.0747,13593.75,employed,debt_consolidation,0.16082945117471847
55,27169.49,769.7,0.1769,26518.54,employed,debt_consolidation,0.29249679744126694
27,20971.9,666.5,0.2627,8368.47,employed,business,0.5132600923510702
24,47493.35,612.7,0.1764,14026.39,employed,home_improvement,0.4744082913198633
54,37429.43,712.6,0.2292,6877.92,employed,medical,0.30201844043070963
45,171236.64,701.5,0.2898,9330.07,employed,education,0.12836541368207624
37,117527.36,578.8,0.2993,57524.24,employed,education,0.8388956313546524
41,15280.52,543.0,0.0928,27388.57,self_employed,debt_consolidation,0.7733278855343395
46,73341.37,709.6,0.408,36508.88,employed,debt_consolidation,0.650646092138304
37,36812.68,688.3,0.1645,40269.63,employed,home_improvement,0.5500384649415427
57,54011.82,683.3,0.1467,17198.72,employed,debt_consolidation,0.2693175914866812
31,72182.89,553.3,0.168,21189.64,employed,business,0.6463585749603907
49,114090.68,564.6,0.4614,28073.18,self_employed,education,0.7590066986719332
45,39438.82,709.5,0.1784,29828.37,employed,debt_consolidation,0.45671083070611135
22,22979.81,619.9,0.3054,4632.56,self_employed,debt_consolidation,0.6902194061578857
57,71857.93,685.7,0.4109,24364.5,retired,debt_consolidation,0.5998057103814264
23,56333.43,618.1,0.0267,10802.5,employed,home_improvement,0.29901056365098394
68,49146.84,700.1,0.2463,6668.82,employed,debt_consolidation,0.19538970978930909
59,40882.59,689.0,0.1375,17757.05,employed,education,0.21859909825447896
46,66477.71,631.9,0.3042,5214.08,employed,business,0.3889113515487773
44,26840.42,740.9,0.2996,10331.83,employed,business,0.33148594181061014
55,22535.48,666.1,0.2923,12067.13,self_employed,medical,0.583160539258497
60,36489.62,769.3,0.2849,19215.91,self_employed,debt_consolidation,0.3324811668829658
67,30009.74,642.5,0.0885,27098.62,unemployed,home_improvement,0.6627522083055796
43,40166.75,613.1,0.2486,32904.92,retired,debt_consolidation,0.7835218955992596
59,45548.36,698.3,0.0992,5497.74,employed,home_improvement,0.10807258139242469
45,54982.66,845.7,0.4045,9413.01,employed,debt_consolidation,0.202950249274186
35,36374.09,630.8,0.2721,4542.43,employed,debt_consolidation,0.47937037755527595
55,27582.41,663.8,0.5856,15045.85,employed,home_improvement,0.6185955257345721
58,46162.28,527.1,0.2906,14800.77,self_employed,education,0.6481116118468071
57,19424.11,737.0,0.2867,26342.84,employed,medical,0.5197281832860856
40,74456.31,806.5,0.577,5566.23,unemployed,debt_consolidation,0.7057364455225533
59,52319.85,554.3,0.3019,9951.85,employed,medical,0.620349721352119
66,48856.06,761.5,0.2845,9232.97,unemployed,debt_consolidation,0.49307294529983964
33,27445.68,686.1,0.286,26306.03,self_employed,education,0.6441742607059833
45,47717.69,606.8,0.0889,6466.45,employed,debt_consolidation,0.31538532677999626
45,72697.03,693.9,0.1614,33226.87,employed,debt_consolidation,0.44051271853678414
53,26879.12,612.9,0.0557,9785.26,employed,medical,0.3818072001321312
61,17347.65,613.6,0.1246,6355.52,employed,debt_consolidation,0.30757836915834785
40,49483.47,659.2,0.1383,23705.77,unemployed,home_improvement,0.7343631942794264
51,38251.93,672.1,0.0764,6906.43,employed,debt_consolidation,0.20768832226753425
46,22818.87,671.5,0.243,57078.64,employed,debt_consolidation,0.8304953684655465
25,80475.03,616.9,0.2415,16890.06,employed,home_improvement,0.48298474132044245
45,47522.75,715.5,0.1593,7833.17,employed,debt_consolidation,0.21873592116211343
35,44355.85,729.7,0.2897,3776.58,unemployed,debt_consolidation,0.6695831929575025
31,63847.93,757.1,0.1626,11907.59,unemployed,debt_consolidation,0.5819936909933389
27,37531.79,605.7,0.3152,16770.49,self_employed,debt_consolidation,0.7731609410614038
32,30821.53,697.1,0.0308,8676.67,self_employed,debt_consolidation,0.3006414518996502
69,83224.38,760.8,0.1583,34804.51,employed,debt_consolidation,0.21687650638832534
41,43074.65,665.0,0.3285,8643.8,employed,debt_consolidation,0.46285581620993305
59,45246.76,691.5,0.0427,10617.24,employed,debt_consolidation,0.15784115359164994
34,46732.4,629.4,0.36,4376.51,employed,debt_consolidation,0.5421711777598134
34,30829.21,713.7,0.4411,4923.57,employed,debt_consolidation,0.49485875677174507
45,65661.03,699.6,0.051,6633.6,employed,education,0.11757860530530176
29,70031.17,623.6,0.3,8755.42,employed,home_improvement,0.4358718411766486
46,52787.28,630.1,0.3115,20304.96,self_employed,home_improvement,0.5695803603899274
59,59235.87,759.9,0.2644,11184.26,employed,education,0.14499530074228503
27,77340.55,605.8,0.159,5457.07,employed,debt_consolidation,0.3994838524662836
33,94365.94,627.8,0.0787,9460.97,employed,debt_consolidation,0.2789253884512641
52,84631.46,738.8,0.119,25725.36,employed,debt_consolidation,0.217184029235699
58,37320.43,736.1,0.096,6354.01,unemployed,business,0.4057890980977334
67,77777.46,650.4,0.0677,22466.36,employed,home_improvement,0.170254795639148
41,39922.74,653.1,0.0292,9953.28,employed,home_improvement,0.19798609660664573
68,21456.33,734.8,0.2138,43729.57,self_employed,home_improvement,0.47916535817551387
41,29401.59,739.6,0.0907,24548.87,self_employed,education,0.3205007890239278
48,61008.29,658.1,0.1232,24779.02,employed,home_improvement,0.3094730888945188
65,48127.45,628.4,0.3033,9399.81,retired,home_improvement,0.3704270545854847
44,65937.48,670.4,0.2724,50979.68,employed,debt_consolidation,0.7587183363035443
68,28858.72,720.5,0.2105,17955.77,employed,debt_consolidation,0.25789226422096734
46,61775.68,694.3,0.3095,8734.84,employed,debt_consolidation,0.33500289695656316
44,93036.52,761.5,0.2691,26806.35,retired,home_improvement,0.3091738994805404
32,183240.93,694.8,0.2515,17086.49,employed,home_improvement,0.1723905880242243
38,43434.31,750.8,0.278,21224.97,self_employed,debt_consolidation,0.4808098316997494
27,41860.45,714.6,0.2944,60000.0,self_employed,education,0.8633521280667354
34,58836.61,687.3,0.2747,4261.39,employed,home_improvement,0.26372762227164837
24,22871.37,648.7,0.2031,5025.35,employed,education,0.4070433219037658
56,38582.51,692.4,0.3387,43837.54,employed,debt_consolidation,0.7051603309115612
40,69185.19,718.4,0.1401,14484.76,employed,business,0.2368779523964965
61,15000.0,645.1,0.0953,60000.0,self_employed,debt_consolidation,0.8049866647565044
30,45050.86,665.6,0.167,60000.0,employed,home_improvement,0.7846636160617011
55,43085.0,772.0,0.2921,34277.54,unemployed,debt_consolidation,0.7787068533539498
27,42420.63,790.1,0.3401,11638.18,employed,debt_consolidation,0.3547273839427359
32,26440.29,660.1,0.3936,44118.52,unemployed,education,0.9609290335402273
36,38635.04,640.0,0.1835,11477.7,unemployed,home_improvement,0.7265390833484815
28,60457.72,596.5,0.5165,34106.46,self_employed,business,0.9242597694096236
34,115981.24,701.9,0.2008,34621.42,self_employed,home_improvement,0.4306535175127317
65,22444.11,730.1,0.3132,18026.76,employed,home_improvement,0.26598756312501404
32,111411.69,728.3,0.2286,16434.09,self_employed,debt_consolidation,0.33312300524626925
31,36951.46,657.6,0.3369,8521.38,employed,debt_consolidation,0.5489061617593961
56,57201.66,729.1,0.0742,16222.73,employed,debt_consolidation,0.16299131692445512
41,29347.69,568.9,0.3377,12335.54,employed,debt_consolidation,0.7023343368763454
21,72093.9,662.4,0.363,21295.04,employed,debt_consolidation,0.6742411024691735
33,35591.93,698.2,0.2742,38747.66,employed,business,0.7085636807387554
62,21612.64,645.0,0.1205,13679.73,employed,debt_consolidation,0.3087149745938957
35,51085.52,747.1,0.4748,25410.21,employed,education,0.5605075534116734
61,107785.17,707.7,0.0356,16469.94,employed,business,0.10553043016510767
29,103720.62,586.4,0.1457,28340.58,employed,home_improvement,0.5076465802668615
64,44516.48,777.2,0.092,14738.31,retired,education,0.11739815401967686
45,33322.87,638.4,0.1351,12993.21,employed,home_improvement,0.3046761068218934
49,46221.34,698.6,0.4018,7298.49,employed,medical,0.48217715223849605
37,87396.26,664.6,0.3895,13308.56,unemployed,home_improvement,0.7661764924332877
68,52848.88,686.0,0.421,11586.19,employed,education,0.3087988090667936
65,67647.68,735.6,0.1006,12889.09,self_employed,education,0.11898090924920066
60,38488.4,766.6,0.1457,6431.6,employed,business,0.11545025333672361
62,55170.4,559.2,0.1226,6883.82,employed,home_improvement,0.2530051703190465
59,61628.73,691.7,0.1231,4999.63,employed,business,0.14386825157868263
29,44838.27,790.4,0.2791,43649.55,self_employed,debt_consolidation,0.6814562109056026
49,46162.61,681.1,0.3992,5104.76,employed,business,0.4035207861009104
55,44612.18,695.3,0.322,6370.82,employed,home_improvement,0.23598893861098516
51,25988.75,703.8,0.3207,12900.25,self_employed,business,0.47576354359873513
57,21040.23,660.9,0.3943,60000.0,employed,home_improvement,0.849377598441857
45,44505.9,631.8,0.46,4898.75,self_employed,debt_consolidation,0.6448382914303372
57,27404.61,633.5,0.2568,38627.83,self_employed,debt_consolidation,0.7616348258743117
39,55424.71,689.9,0.2743,29259.48,employed,debt_consolidation,0.5714875178518013
27,17838.62,633.3,0.3033,11813.15,employed,home_improvement,0.5666026641524061
53,42446.3,714.5,0.1047,18053.7,employed,debt_consolidation,0.2383447623564531
58,77299.42,665.3,0.1189,29488.34,employed,home_improvement,0.26505780639547083
36,34401.22,677.0,0.1702,11201.38,employed,debt_consolidation,0.3755064059390591
62,59611.83,700.0,0.1366,25137.63,employed,debt_consolidation,0.27352507547747756
66,39287.55,641.1,0.0891,6522.07,employed,home_improvement,0.1440143090896929
33,211427.2,677.7,0.4091,29552.77,employed,home_improvement,0.3519309107230335
44,38569.68,627.9,0.3829,17027.39,employed,education,0.5875642988239638
59,48060.3,611.6,0.4263,21559.13,employed,home_improvement,0.582824057386635
45,18601.95,710.8,0.2096,7663.03,employed,debt_consolidation,0.3016949288498527
31,20989.97,664.8,0.3145,41520.04,self_employed,debt_consolidation,0.866501832099377
37,81181.61,667.2,0.2079,7813.91,unemployed,debt_consolidation,0.6715576738445616
47,76931.71,671.5,0.2347,7362.7,unemployed,medical,0.7107424948857397
44,63987.91,607.3,0.2704,23685.98,employed,home_improvement,0.5268890408089213
54,118914.1,637.5,0.3154,44324.77,self_employed,debt_consolidation,0.7142602419875013
41,30947.09,676.6,0.1805,11477.65,unemployed,education,0.6747175470951965
51,83264.11,693.2,0.0658,4752.32,employed,debt_consolidation,0.12132475232831363
55,31182.08,669.1,0.4371,41226.61,self_employed,education,0.7971785322549291
48,115128.23,586.2,0.1935,5387.34,employed,debt_consolidation,0.28888828477371437
31,26569.48,757.2,0.3203,17623.41,employed,home_improvement,0.3772696408294003
41,54725.53,682.7,0.2217,12397.81,employed,home_improvement,0.2775566396327959
51,36535.55,765.8,0.3756,4769.41,employed,business,0.25322030921200694
35,25887.22,682.3,0.2448,31852.04,employed,debt_consolidation,0.661682330923135
62,37324.7,680.6,0.0687,22687.19,retired,home_improvement,0.2627907935335132
32,80782.82,707.7,0.1856,5011.29,employed,debt_consolidation,0.22743992332349777
30,43803.71,593.2,0.2774,29342.74,unemployed,home_improvement,0.9236464035062849
62,90812.52,728.0,0.2691,45751.82,employed,business,0.4689217101475471
63,21254.64,698.9,0.1707,17265.26,employed,business,0.28475648448579416
23,33908.74,678.1,0.0786,8941.69,employed,home_improvement,0.26623237237859043
41,26211.53,691.3,0.47,15946.1,self_employed,debt_consolidation,0.708373081571019
49,95214.74,777.7,0.3036,6832.8,unemployed,debt_consolidation,0.45521722559381755
28,77721.76,652.8,0.1306,6546.23,employed,debt_consolidation,0.30277766736373246
68,28414.29,683.4,0.3351,12311.18,employed,debt_consolidation,0.359300594418725
35,66307.27,718.6,0.2939,25083.98,employed,debt_consolidation,0.492412952411467
27,42925.93,645.0,0.356,18955.65,employed,home_improvement,0.6147775488037623
69,88999.44,591.6,0.0609,9926.07,employed,home_improvement,0.13800848860143794
23,69455.77,691.6,0.4559,10894.98,retired,education,0.604942245801042
25,39630.43,627.7,0.183,24979.34,employed,debt_consolidation,0.6631502027823314
33,31668.51,681.0,0.1069,8566.44,employed,medical,0.3869182300347308
42,33734.97,656.2,0.494,25974.7,employed,debt_consolidation,0.7820806890953665
30,38669.88,617.5,0.354,15840.98,employed,debt_consolidation,0.7044378984270976
30,19020.08,651.5,0.1064,11264.96,employed,debt_consolidation,0.4282699169774403
41,27384.97,627.3,0.3691,3538.13,unemployed,home_improvement,0.7973920698510544
57,55865.3,777.8,0.2743,60000.0,self_employed,debt_consolidation,0.6957925555888235
57,98510.64,706.4,0.1699,3206.83,employed,debt_consolidation,0.11626066525829377
62,47527.03,661.5,0.1236,6084.2,employed,debt_consolidation,0.19123608109279558
38,40779.75,589.6,0.2635,14507.13,employed,business,0.6192324750306689
37,43022.35,710.3,0.1644,17719.3,employed,debt_consolidation,0.3562225165014748
48,101661.27,684.9,0.3861,26480.32,employed,business,0.5035408635852143
21,29040.35,651.7,0.0905,7762.9,employed,debt_consolidation,0.40680487110175906
40,70472.83,628.1,0.14,17049.23,employed,debt_consolidation,0.40599093900604016
22,61079.5,683.6,0.0163,28834.89,employed,debt_consolidation,0.4341947021076798
23,43543.49,528.1,0.2068,4756.34,employed,debt_consolidation,0.6594543944811582
29,36269.41,661.6,0.0713,13553.99,employed,medical,0.454659454013622
35,35064.96,661.6,0.1794,23289.27,employed,business,0.5343620534373552
62,16445.56,527.0,0.2238,35509.11,employed,debt_consolidation,0.800201878500664
21,21212.36,704.2,0.3855,6737.41,unemployed,home_improvement,0.8141042814987183
64,72840.4,664.6,0.0999,8003.81,self_employed,education,0.15395007950932038
41,38019.82,660.5,0.3766,12189.19,employed,home_improvement,0.46891295878699224
66,59868.42,662.3,0.1351,21705.15,unemployed,home_improvement,0.5624261958309545
52,24001.56,722.7,0.2703,4033.78,employed,business,0.2524385249931009
62,61448.12,619.8,0.0694,6146.21,employed,education,0.15223642334805723
65,25261.38,650.9,0.2003,30521.98,employed,home_improvement,0.4198956768378953
37,40152.48,774.7,0.2457,23317.82,employed,medical,0.4499875255916937
48,43976.82,754.0,0.0626,45554.97,employed,debt_consolidation,0.4133263288499829
23,46420.59,685.4,0.0573,3477.58,employed,home_improvement,0.1867244265336947
49,43985.74,661.0,0.0608,27995.38,employed,medical,0.4740779885969544
28,15000.0,703.0,0.3133,3383.61,unemployed,debt_consolidation,0.7950060375214238
24,28279.37,673.3,0.144,22695.52,employed,medical,0.6325063356444547
38,70051.36,740.6,0.5142,3871.92,retired,business,0.47598998400068226
35,17020.06,570.7,0.0807,15665.83,employed,home_improvement,0.48593045798521634
30,36978.81,700.3,0.2397,16679.36,employed,debt_consolidation,0.4757992602049544
36,31701.18,808.7,0.1068,6089.12,self_employed,debt_consolidation,0.16720153995917342
50,46489.88,763.8,0.2487,13551.17,employed,medical,0.2988732040342296
46,19117.82,602.7,0.1985,22512.06,retired,business,0.6960380986216137
59,34078.01,723.6,0.2509,22441.29,employed,business,0.3499061948846465
54,49219.02,660.3,0.2373,60000.0,retired,home_improvement,0.7953618764354957
44,38327.37,691.9,0.1805,14821.9,employed,debt_consolidation,0.34621097757278213
39,25789.85,785.0,0.3998,6395.66,employed,debt_consolidation,0.3318118244901829
25,59393.32,647.3,0.176,23075.76,unemployed,medical,0.8956033418738095
36,86985.25,667.9,0.4719,27330.99,employed,debt_consolidation,0.7065035399668281
33,116786.14,697.8,0.0948,12595.04,employed,debt_consolidation,0.18886110303671536
35,44265.97,643.0,0.2377,16093.92,employed,debt_consolidation,0.5321808724985523
45,62059.06,707.1,0.4174,4609.42,employed,home_improvement,0.2845365341845249
46,48908.26,705.1,0.1703,4707.18,employed,business,0.20659083894427419
24,89407.72,731.4,0.1991,9646.93,employed,home_improvement,0.19505553544674598
55,40763.5,681.8,0.3659,33438.19,employed,debt_consolidation,0.6487601797140551
22,21762.94,709.5,0.1813,21213.85,employed,debt_consolidation,0.528735750456926
46,59783.83,737.7,0.1873,2834.95,employed,debt_consolidation,0.15870105985304991
30,122426.22,812.4,0.1516,6944.52,employed,home_improvement,0.06359175266093359
53,37823.28,644.6,0.1024,13243.68,self_employed,business,0.36615721175893123
43,63863.88,742.0,0.2481,13364.68,employed,debt_consolidation,0.266766769983642
46,111227.98,672.4,0.2091,49777.6,employed,debt_consolidation,0.6118625462764414
50,75373.04,678.3,0.1012,12099.2,employed,debt_consolidation,0.20547293054156895
24,26339.23,662.8,0.286,58919.29,employed,debt_consolidation,0.9115079496864855
23,26502.66,739.7,0.4268,9277.99,employed,home_improvement,0.4566847844698738
38,28445.89,758.3,0.0793,25677.18,employed,debt_consolidation,0.3062670201772304
27,74509.86,604.3,0.1727,32752.36,retired,debt_consolidation,0.760189866343179
25,27194.46,732.3,0.2361,6475.5,employed,business,0.35146770385480053
25,51891.04,608.3,0.1604,11988.91,employed,debt_consolidation,0.5246298601995729
25,32538.46,658.7,0.1963,14492.2,unemployed,debt_consolidation,0.8408804169252935
56,58925.78,772.2,0.1256,4464.67,employed,debt_consolidation,0.09262354701327612
58,45983.61,593.7,0.2149,6845.87,self_employed,debt_consolidation,0.4513754745062909
29,90014.74,643.8,0.0719,22341.09,unemployed,debt_consolidation,0.754855045232126
69,60789.56,706.8,0.1943,18447.3,employed,debt_consolidation,0.21977252192578403
49,51680.27,708.8,0.1794,11437.38,employed,debt_consolidation,0.24574140038920375
37,52195.32,678.2,0.0593,30879.57,employed,debt_consolidation,0.43942513068147
65,206094.88,756.8,0.3697,6985.33,self_employed,debt_consolidation,0.09320977360632579
48,30998.92,650.3,0.3723,35180.01,employed,debt_consolidation,0.7634975451313128
31,35939.62,649.2,0.2318,13541.75,employed,debt_consolidation,0.5270119953549908
47,34631.29,606.2,0.4138,52310.18,self_employed,home_improvement,0.9074485478533032
29,36425.83,678.7,0.2056,60000.0,unemployed,education,0.9551106832469851
54,94975.04,694.4,0.1196,11067.48,self_employed,debt_consolidation,0.1979162202667344
60,172801.42,747.8,0.1869,20967.02,employed,education,0.07804619388268266
28,54132.57,792.6,0.2694,12608.22,employed,home_improvement,0.2131578903342131
44,71919.68,741.2,0.4815,8480.68,employed,home_improvement,0.30087529617298586
39,118781.47,690.7,0.0745,11140.39,employed,medical,0.20432045139930813
31,63060.1,692.9,0.2076,11676.1,employed,business,0.3502736533360095
41,115966.97,729.6,0.1623,14513.81,self_employed,debt_consolidation,0.2228664761851802
56,44786.87,787.4,0.1128,5293.21,employed,home_improvement,0.06541596425450966
40,44591.48,751.6,0.3581,28570.77,employed,debt_consolidation,0.5401824160092298
55,156072.11,720.9,0.2826,13401.22,self_employed,business,0.18913916838597816
31,30814.99,688.0,0.1145,31317.39,employed,education,0.47774933426077637
41,81605.77,651.5,0.5395,13290.74,self_employed,home_improvement,0.624336704639034
21,38336.0,599.6,0.2694,30116.83,employed,home_improvement,0.7567263398910509
23,27927.56,655.6,0.0148,23441.87,employed,debt_consolidation,0.48799447367709864
32,49272.26,682.4,0.3896,37047.69,employed,debt_consolidation,0.7818524632807591
41,50032.34,650.5,0.2277,51550.35,employed,debt_consolidation,0.794343360337008
46,92887.45,679.1,0.1443,11000.96,employed,debt_consolidation,0.21330196624554204
59,42646.74,708.9,0.5348,23825.1,employed,debt_consolidation,0.6226118183628409
23,34454.59,694.5,0.2761,26966.92,employed,home_improvement,0.5771941948041466
41,63711.22,720.9,0.4402,28341.11,employed,home_improvement,0.5315891775052295
60,99054.19,611.5,0.2089,12178.38,retired,business,0.3605812846358696
53,52049.59,725.8,0.2752,10176.48,unemployed,education,0.5535958301841739
68,117617.95,661.2,0.3601,8912.33,employed,home_improvement,0.17596237869261439
31,57564.74,695.5,0.1894,21073.04,employed,home_improvement,0.35308215102994633
64,61979.89,729.7,0.2094,16501.16,retired,debt_consolidation,0.26257088466632605
53,63783.62,658.7,0.1832,9790.27,employed,debt_consolidation,0.2709821667397596
21,28796.76,693.5,0.1878,25071.15,employed,business,0.589066425674179
66,33771.41,660.5,0.1671,15518.86,employed,debt_consolidation,0.2966411928520405
48,219763.42,722.3,0.1292,14579.8,employed,debt_consolidation,0.07057871159878872
36,55246.32,676.0,0.2276,6848.91,employed,home_improvement,0.26603822188099335
48,34555.48,747.8,0.3026,16477.32,self_employed,debt_consolidation,0.42200508910530143
27,38772.17,706.8,0.2953,54619.98,employed,education,0.8036739163083583
51,57016.62,640.1,0.0595,18027.41,unemployed,home_improvement,0.5851604758878437
37,61096.93,659.0,0.283,19983.49,employed,debt_consolidation,0.5389084979488307
42,78414.53,601.8,0.0768,32134.67,unemployed,debt_consolidation,0.8420285245503919
27,85412.54,587.7,0.3411,16842.96,employed,home_improvement,0.6018362182206385
64,39669.65,672.0,0.1199,38437.32,unemployed,education,0.7528536075735904
60,41067.4,625.1,0.2689,6264.4,employed,business,0.35797749973440524
37,41899.4,654.1,0.0855,15527.32,employed,education,0.3053979107633543
57,27850.45,643.9,0.1311,60000.0,self_employed,home_improvement,0.7632240010922946
42,62055.39,725.4,0.2659,14949.04,employed,debt_consolidation,0.32670610755028623
68,44728.71,687.5,0.4505,8538.46,employed,debt_consolidation,0.3795751828211732
62,23192.14,605.4,0.2202,6572.37,retired,home_improvement,0.3757234465428239
26,42323.88,663.6,0.051,6275.47,employed,home_improvement,0.22313794226580352
58,34912.8,629.2,0.0761,21914.43,employed,business,0.3677219344183648
53,28936.49,644.1,0.241,19933.13,employed,home_improvement,0.4150868115917415
62,53174.21,660.8,0.1884,11331.47,unemployed,home_improvement,0.5383474804225512
58,31415.19,706.7,0.3139,16895.76,unemployed,business,0.7485816072914571
36,52655.86,627.4,0.2996,14835.02,self_employed,debt_consolidation,0.6488375568159858
58,89336.94,774.2,0.2241,10291.84,self_employed,home_improvement,0.11260165675426863
39,139651.2,665.8,0.2041,4078.35,employed,education,0.14284674337923983
47,34171.11,768.4,0.1769,3305.16,employed,business,0.14749233956986046
25,51472.15,687.0,0.4954,16774.7,employed,medical,0.7723010472160721
58,109342.37,664.1,0.403,18296.18,employed,home_improvement,0.32354766507847604
22,79154.35,801.7,0.1161,48981.92,self_employed,home_improvement,0.4604011394342542
42,96738.89,649.9,0.1144,11801.34,employed,debt_consolidation,0.24897097705552867
61,64381.89,635.1,0.4959,4990.38,retired,home_improvement,0.4673633497998137
46,62953.49,762.0,0.0845,6362.84,employed,debt_consolidation,0.11049035727393357
59,36322.75,582.4,0.0658,60000.0,employed,education,0.7452497115758757
65,38001.58,702.4,0.2198,10337.03,employed,debt_consolidation,0.22833903322677537
25,30209.04,701.4,0.2976,7367.53,employed,medical,0.548279479635477
55,17970.05,742.1,0.0986,45310.15,employed,debt_consolidation,0.4770604110677785
66,33742.02,677.8,0.149,22697.7,retired,debt_consolidation,0.39653230180244214
26,54945.79,577.2,0.3012,4868.7,self_employed,education,0.6191958038517033
29,22400.47,690.8,0.072,21729.51,self_employed,debt_consolidation,0.5068385842888757
54,39219.5,587.3,0.3286,7847.88,self_employed,education,0.537146694934558
49,27470.44,692.0,0.4043,60000.0,employed,business,0.8808464901406087
27,37173.4,566.3,0.3306,19690.72,employed,business,0.7989626705119731
35,48062.31,647.3,0.3678,16112.05,employed,debt_consolidation,0.6282381854113563
29,61046.12,751.0,0.2789,4400.82,retired,education,0.27458288274080533
25,41150.3,727.6,0.2388,10907.74,self_employed,debt_consolidation,0.456255106000228
48,129362.21,645.4,0.0507,18097.5,retired,debt_consolidation,0.25233068903553263
30,19644.53,672.9,0.049,12223.86,employed,debt_consolidation,0.351256282787135
65,90968.49,739.9,0.1303,9981.67,employed,education,0.07376711489884975
34,57390.06,631.6,0.1477,16033.77,employed,debt_consolidation,0.4531877677049069
37,37040.3,569.4,0.2214,6074.51,employed,education,0.4809497634499971
64,45730.0,671.6,0.4644,23978.43,employed,business,0.5935158626593656
57,50091.56,752.9,0.2329,25670.97,self_employed,home_improvement,0.28970685192764833
36,259019.43,793.8,0.5064,4049.56,employed,debt_consolidation,0.0932201582150614
29,72391.58,696.7,0.3817,7902.18,self_employed,debt_consolidation,0.5234707334420768
25,229223.86,629.6,0.1932,13989.0,employed,debt_consolidation,0.21975506416990015
21,114956.49,769.8,0.2515,5914.03,employed,business,0.18708749641043665
59,34316.1,732.8,0.5173,17576.29,unemployed,medical,0.8748279682000467
62,77469.64,712.7,0.2098,11167.39,employed,debt_consolidation,0.1762211703270408
50,53802.73,595.7,0.2636,16582.19,employed,debt_consolidation,0.5469944382081777
60,113433.12,568.9,0.5119,6715.47,employed,business,0.5323945956458066
65,99534.34,803.9,0.1131,29589.11,employed,business,0.11433442218130714
23,52879.16,703.1,0.4268,15316.12,employed,debt_consolidation,0.6244042552554594
45,25147.43,713.5,0.2337,37268.09,employed,debt_consolidation,0.6027502783007739
69,31592.44,735.1,0.0169,13227.74,employed,home_improvement,0.07915568076903469
59,35393.36,702.2,0.3082,26016.36,employed,home_improvement,0.3862803443425288
58,47008.91,694.6,0.1469,18124.58,employed,home_improvement,0.20178424417202617
39,84629.3,727.5,0.069,4459.74,employed,debt_consolidation,0.12081752841901677
26,73722.48,655.3,0.3029,8582.3,self_employed,debt_consolidation,0.5514924099356608
52,67317.41,578.9,0.1431,5044.57,employed,home_improvement,0.2473782556974912
59,33691.57,574.8,0.2942,9900.09,employed,business,0.5274280315424794
31,70970.5,638.6,0.2238,22582.46,employed,debt_consolidation,0.5646840236728867
36,63730.32,681.5,0.1757,12718.56,employed,debt_consolidation,0.3336609065127759
43,94162.64,703.6,0.2592,19270.69,employed,debt_consolidation,0.33617256413394414
68,30456.12,545.0,0.3187,9765.37,employed,home_improvement,0.4744926721830904
25,53300.77,580.3,0.2891,14110.99,employed,debt_consolidation,0.697563468188495
40,17526.06,717.3,0.3733,7444.24,employed,debt_consolidation,0.4490957678546191
41,37902.42,706.2,0.1604,38566.19,self_employed,debt_consolidation,0.6334772561854354
65,79545.8,710.7,0.2551,23743.46,employed,medical,0.35487427669439986
38,47480.71,685.9,0.1885,15245.72,employed,home_improvement,0.29847631321241497
35,88894.76,700.0,0.4459,12706.85,employed,debt_consolidation,0.48550641410180917
51,25678.7,596.4,0.1537,12770.64,employed,home_improvement,0.37093815164483696
61,43685.91,654.3,0.0507,9045.82,employed,debt_consolidation,0.18722277324913483
30,67448.75,777.1,0.273,17426.23,employed,debt_consolidation,0.31896018331910214
41,44004.99,709.4,0.4003,33873.75,self_employed,debt_consolidation,0.7540922581682553
40,31235.61,732.4,0.2575,39252.86,employed,debt_consolidation,0.6235040469383208
60,49472.62,700.0,0.1789,49290.9,employed,debt_consolidation,0.5769274679070227
27,70754.94,669.3,0.3831,16725.17,employed,debt_consolidation,0.6071201290190119
43,50092.28,561.7,0.046,47061.6,employed,debt_consolidation,0.757241697991738
38,62018.35,741.6,0.3217,30518.28,employed,debt_consolidation,0.5235308129313544
46,61217.8,720.5,0.1214,13888.72,self_employed,home_improvement,0.1989697902080161
39,29877.55,613.3,0.1432,3889.38,employed,medical,0.4639148032589529
61,46364.14,573.9,0.1008,16638.29,unemployed,debt_consolidation,0.7603373442014428
59,52395.23,671.4,0.377,12274.82,employed,medical,0.4963565162219493
37,24634.58,741.1,0.2578,5882.78,employed,education,0.24447692966547138
22,40026.22,574.4,0.0995,4511.63,employed,debt_consolidation,0.49520787761342794
44,20561.07,730.1,0.5717,10735.24,employed,debt_consolidation,0.6046759531034095
28,105324.41,736.9,0.2626,24518.44,employed,home_improvement,0.30495683908855725
62,86718.65,715.0,0.3795,10732.18,unemployed,home_improvement,0.5330795109000953
41,26641.09,701.1,0.2178,34815.11,employed,business,0.5988831157484145
25,19439.49,713.9,0.1128,37270.82,employed,home_improvement,0.5256388753852103
55,36219.44,674.2,0.1958,25116.54,employed,home_improvement,0.3525184966205301
36,43398.24,617.6,0.2511,17001.6,retired,debt_consolidation,0.672688840106577
25,41318.51,659.9,0.3896,25057.0,employed,home_improvement,0.6873409911570816
38,88990.58,604.6,0.0997,6286.72,employed,home_improvement,0.21914095859186822
56,107859.12,683.1,0.1321,7192.67,employed,debt_consolidation,0.1331086662740266
39,18723.54,621.8,0.2307,15535.92,self_employed,debt_consolidation,0.656306246051539
65,32898.17,661.0,0.1856,7401.75,self_employed,education,0.24854989580814307
32,48438.99,628.8,0.1898,6364.73,employed,debt_consolidation,0.42291586306435947
41,29156.43,641.5,0.3962,42907.92,employed,business,0.8567172122526566
47,156896.72,747.3,0.3705,11940.19,retired,home_improvement,0.17665149609298114
46,128921.76,712.3,0.0524,7151.96,self_employed,education,0.09003530324346389
51,36172.79,614.5,0.3644,7524.49,employed,medical,0.6142657882678176
52,37725.3,807.1,0.2251,12191.45,employed,debt_consolidation,0.16644917532500764
48,51269.0,759.5,0.1246,8669.95,employed,debt_consolidation,0.14427164993193772
59,23560.33,688.8,0.1177,19545.19,employed,education,0.24428336573641685
58,64513.24,724.5,0.474,19166.29,unemployed,debt_consolidation,0.7987464103815417
51,16244.65,646.1,0.172,10520.6,employed,home_improvement,0.2991698760626893
26,62378.07,712.4,0.2445,4919.58,employed,home_improvement,0.2414050713712249
42,36136.35,680.4,0.4334,12496.15,employed,education,0.503833271307774
27,22663.71,689.0,0.5082,35804.89,self_employed,business,0.8985480821006134
55,40989.3,711.7,0.0819,4594.96,employed,debt_consolidation,0.13963287885941705
51,146407.3,669.5,0.2197,5952.11,employed,debt_consolidation,0.15254457244469619
60,49839.95,732.1,0.2087,13456.39,employed,education,0.16574273191368238
30,93676.62,628.2,0.2381,16562.63,employed,business,0.4879942717871917
27,40331.17,681.3,0.2389,51118.89,self_employed,debt_consolidation,0.8604953811082378
42,67354.27,699.3,0.1604,5710.39,employed,business,0.20509468879872275
48,29418.81,702.0,0.3068,19954.1,unemployed,business,0.8119292938770634
50,50586.54,609.3,0.2722,49360.19,employed,debt_consolidation,0.8205924606936398
44,101927.14,759.5,0.4001,14569.84,employed,debt_consolidation,0.29320039415894356
44,42996.33,610.7,0.0984,2863.54,employed,debt_consolidation,0.29678253942523725
26,43840.73,640.0,0.4305,11138.02,self_employed,debt_consolidation,0.752603478650205
36,28063.14,584.4,0.4751,11968.28,unemployed,business,0.9458320900435163
66,39335.93,725.3,0.2682,5099.7,employed,home_improvement,0.13748192710126608
55,76487.82,723.2,0.2518,10281.74,self_employed,debt_consolidation,0.2580459518303032
57,28476.46,656.6,0.2643,20811.03,self_employed,business,0.5587696318425158
22,53402.49,724.0,0.0682,9024.89,self_employed,debt_consolidation,0.2975317051146149
69,23509.64,632.5,0.2923,5672.44,employed,home_improvement,0.27274930934128666
57,151829.32,722.7,0.0908,15779.42,employed,debt_consolidation,0.08933257774953059
34,42363.83,605.7,0.467,15684.82,employed,debt_consolidation,0.7737960772169704
37,49590.1,648.1,0.2269,8228.26,employed,business,0.4044492891143174
69,33175.66,598.3,0.0658,11026.26,employed,home_improvement,0.20180340175049322
28,161675.54,648.5,0.65,52730.2,employed,debt_consolidation,0.9085036926959634
29,36205.42,685.3,0.2117,13935.78,employed,debt_consolidation,0.4572042619087703
52,58156.46,737.8,0.5775,19876.75,unemployed,business,0.861788953544984
54,128777.43,568.3,0.1036,60000.0,employed,home_improvement,0.6465753874521283
50,31279.98,634.4,0.2633,10027.53,employed,home_improvement,0.36301193076916627
35,28645.61,720.7,0.1892,8536.54,employed,debt_consolidation,0.3079435801448984
46,16723.95,652.9,0.3431,3901.69,employed,debt_consolidation,0.4733234232132202
25,27381.16,704.3,0.0993,5513.78,employed,debt_consolidation,0.28829196007749086
42,39273.66,640.2,0.3271,11456.56,unemployed,debt_consolidation,0.8469053477179657
50,33316.6,672.3,0.2791,29707.28,employed,education,0.5261431996026599
69,35849.97,766.5,0.1841,12000.99,employed,home_improvement,0.10117400531751139
51,18711.7,733.2,0.4559,36255.9,employed,medical,0.7779562768593223
52,33338.35,644.3,0.1058,15457.06,employed,home_improvement,0.2649288987663871
47,46077.8,698.5,0.1868,13312.57,employed,debt_consolidation,0.2988961310377646
29,57224.3,832.9,0.0466,10086.12,employed,home_improvement,0.07317678014740223
33,26008.96,672.1,0.3267,6107.78,employed,home_improvement,0.4081110840915122
43,88926.29,630.3,0.1296,11566.21,employed,debt_consolidation,0.2941466567684181
27,88032.27,690.2,0.1365,44305.71,retired,debt_consolidation,0.683304862230973
48,133632.54,636.3,0.3229,8712.89,employed,education,0.2479497362429271
43,15000.0,642.4,0.3267,11793.92,employed,home_improvement,0.4891876704026236
38,82353.53,605.4,0.1945,7475.22,employed,business,0.3779572865426408
32,79301.86,742.0,0.2788,38597.22,employed,education,0.4969300668960795
50,43659.98,638.4,0.2876,7833.03,employed,debt_consolidation,0.4182248305982962
64,35824.72,743.4,0.1416,30646.96,employed,education,0.23342246955894622
28,104661.14,611.9,0.2138,6636.31,employed,home_improvement,0.30656705919846194
67,15520.3,611.6,0.1689,9414.65,self_employed,debt_consolidation,0.41699554088956214
36,22548.05,660.2,0.0988,24996.16,employed,education,0.43853160173853867
61,20666.73,630.1,0.0171,10803.65,employed,debt_consolidation,0.24037632960391006
68,30789.96,792.8,0.186,19860.18,employed,medical,0.21599192136900427
51,42941.47,668.8,0.2787,8160.52,employed,debt_consolidation,0.3569752794159108
46,74548.72,732.1,0.3886,4842.64,employed,debt_consolidation,0.27841707472702837
59,115846.09,678.1,0.3504,22253.91,employed,home_improvement,0.28232451027403266
45,48153.37,647.0,0.4694,60000.0,employed,debt_consolidation,0.9247676248574996
47,55507.23,612.0,0.0812,32598.99,employed,education,0.46662102942053835
69,34067.75,694.6,0.0523,18185.84,employed,home_improvement,0.13689704699912134
22,43192.63,522.7,0.109,5741.11,employed,home_improvement,0.5140680517295344
29,65110.55,686.7,0.145,11910.11,employed,home_improvement,0.25018682181118285
54,146679.99,798.3,0.5208,2291.68,employed,debt_consolidation,0.1380861098204108
32,28711.02,640.1,0.3487,8566.27,employed,home_improvement,0.5114463626116571
42,49329.79,623.5,0.1398,28254.07,employed,business,0.5556680938089799
69,191776.51,600.3,0.0372,19222.75,employed,debt_consolidation,0.11529217716833554
32,17128.55,725.1,0.0859,10006.71,employed,debt_consolidation,0.2715544860697432
57,69371.14,619.4,0.1628,16534.76,unemployed,medical,0.7789840370481786
28,53780.94,761.8,0.399,6756.16,employed,home_improvement,0.29609942466239914
37,96188.43,750.6,0.0715,14630.29,employed,debt_consolidation,0.145802592510476
54,78672.52,741.3,0.0936,7306.32,employed,debt_consolidation,0.10343065340488963
56,44141.22,675.1,0.2094,5421.82,employed,business,0.24307894324026397
35,53982.05,672.7,0.4301,9218.92,retired,debt_consolidation,0.6346640862248817
64,65460.25,586.9,0.3769,32648.31,employed,debt_consolidation,0.7169741527540339
55,19697.24,725.0,0.1716,4548.65,employed,debt_consolidation,0.19237322700531387
61,47385.0,672.4,0.1929,26146.89,employed,business,0.39226270964625914
58,24463.5,564.2,0.4769,5875.12,employed,debt_consolidation,0.6856692750395971
24,61025.26,617.2,0.4587,23578.46,employed,business,0.8164364884029484
42,35623.96,562.7,0.2168,19501.41,employed,debt_consolidation,0.670203410321202
31,46793.44,761.1,0.1595,6149.79,employed,debt_consolidation,0.2025768517955066
47,49262.21,702.9,0.1438,3467.25,self_employed,debt_consolidation,0.234778906144262
34,43887.07,659.5,0.219,15664.41,employed,business,0.4809491893896068
33,46417.4,602.1,0.1195,4047.57,unemployed,home_improvement,0.6735159542925475
42,43515.45,637.7,0.2231,2604.34,employed,debt_consolidation,0.3552660296821555
60,26939.04,592.1,0.3441,7644.16,employed,home_improvement,0.43816053098370705
30,38657.41,704.0,0.1378,11028.02,employed,business,0.319312485313985
39,46633.8,644.8,0.0506,14445.93,employed,debt_consolidation,0.3281583778888486
49,61860.64,710.5,0.01,13495.21,employed,debt_consolidation,0.15143790087769915
66,41246.58,658.8,0.209,8982.12,employed,business,0.2570084762330643
33,32444.74,598.9,0.1976,13632.78,retired,home_improvement,0.5779958866526035
67,101112.75,684.8,0.3599,38985.61,employed,medical,0.5956986903136174
62,25231.79,658.1,0.1403,8086.23,self_employed,home_improvement,0.23673305400655342
40,42596.93,637.9,0.1039,9582.37,retired,education,0.34876343639644947
59,80587.93,689.8,0.2928,60000.0,employed,home_improvement,0.6555149355823057
53,15000.0,700.7,0.2963,49947.77,employed,business,0.7588857358504566
50,45768.95,678.6,0.268,9266.45,employed,education,0.2812454301307924
59,64380.98,706.1,0.079,14207.73,employed,debt_consolidation,0.16030710772962348
52,45387.1,707.8,0.183,15565.05,unemployed,debt_consolidation,0.6481539393745588
41,125414.53,747.3,0.0336,4337.39,employed,debt_consolidation,0.06736907806553805
54,125373.07,734.1,0.2875,23336.12,employed,debt_consolidation,0.2455063367111072
67,55773.94,691.8,0.0368,18756.36,retired,debt_consolidation,0.21759895913292152
64,46353.58,670.7,0.2084,12358.26,employed,business,0.26757325620909894
47,72667.54,653.9,0.1611,17580.81,employed,debt_consolidation,0.3442067278434532
60,61145.78,715.7,0.0604,53123.84,employed,medical,0.5424552953830281
41,53301.51,767.8,0.3126,12447.11,employed,education,0.23647475163336293
69,46494.28,653.2,0.253,5597.33,unemployed,debt_consolidation,0.613895463446175
69,22963.36,643.4,0.2869,4716.85,employed,debt_consolidation,0.3209932247808639
62,88874.54,664.8,0.0946,20087.9,employed,home_improvement,0.15773951498138855
53,33277.74,737.3,0.301,14425.24,employed,debt_consolidation,0.3272516033819305
64,42884.8,745.5,0.0458,20312.01,employed,business,0.14555956365047326
38,26085.05,671.4,0.0719,14571.53,employed,business,0.337933305904947
49,67857.43,741.2,0.4328,21393.96,employed,debt_consolidation,0.45478623372700017
46,40578.85,727.9,0.6867,10227.25,retired,education,0.661339509934835
37,39611.84,646.0,0.1841,5335.29,employed,business,0.36260651499283275
54,98362.49,599.8,0.1601,5467.03,employed,home_improvement,0.18547695648999124
60,55498.2,667.8,0.2468,11612.58,self_employed,home_improvement,0.2855721266537392
53,34987.19,744.9,0.2423,36549.66,self_employed,debt_consolidation,0.5562751465413256
41,35940.42,625.8,0.1045,24364.31,employed,home_improvement,0.4266346446114037
41,109720.91,646.3,0.1697,7660.88,self_employed,business,0.2954360242984834
46,95619.44,757.0,0.1066,20669.75,employed,home_improvement,0.11958420354527324
35,43597.6,635.2,0.1683,26298.56,employed,debt_consolidation,0.5930942563306596
36,104737.41,567.8,0.0163,12277.01,employed,home_improvement,0.2457834795487145
54,33724.37,702.0,0.1462,5861.1,employed,education,0.15794359562779484
44,19463.9,744.1,0.3145,10445.59,employed,debt_consolidation,0.35769124866409996
32,47929.96,667.1,0.0402,2907.36,employed,home_improvement,0.1641464195640686
39,64708.47,699.0,0.0822,14667.22,employed,home_improvement,0.1812959005372408
51,36248.94,679.9,0.1678,4807.6,employed,debt_consolidation,0.24087983673688018
64,46635.88,669.0,0.1198,17925.27,employed,medical,0.32610918830807617
57,146053.06,612.2,0.2514,20314.84,unemployed,education,0.6375907045115211
30,21806.13,616.2,0.2111,29000.09,employed,business,0.7385939530238919
54,33880.49,791.2,0.236,35897.99,employed,education,0.31912620861070684
57,51720.88,679.3,0.123,4529.16,employed,debt_consolidation,0.17283134300311767
47,29196.39,688.4,0.3821,13089.4,employed,medical,0.588257552926152
33,17155.1,716.9,0.1423,38046.42,employed,debt_consolidation,0.6053392964599433
62,74595.57,782.5,0.0825,11577.77,employed,business,0.07658142483292235
56,106030.89,674.2,0.3012,6359.26,employed,home_improvement,0.1677870549199357
69,20910.67,827.5,0.3853,16685.06,employed,home_improvement,0.1660912752601036
22,31081.9,802.2,0.1404,11010.97,self_employed,debt_consolidation,0.284247063427268
37,42337.48,564.8,0.3212,19949.77,retired,business,0.8090148194587062
47,85923.6,671.2,0.3878,11770.8,retired,debt_consolidation,0.5019052686837466
42,24355.9,689.7,0.1713,8151.27,employed,business,0.30966470474422003
33,44000.33,735.8,0.1535,14322.86,employed,debt_consolidation,0.2927230884403001
33,19963.84,781.5,0.2704,7646.77,self_employed,home_improvement,0.27430734372336985
57,32858.76,674.2,0.0921,10943.75,employed,debt_consolidation,0.22839828003334348
37,20677.65,721.4,0.1436,9523.36,self_employed,home_improvement,0.27142683249425337
44,34044.76,691.1,0.4107,14475.65,employed,home_improvement,0.45790734355197027
23,27602.95,774.2,0.0916,19566.18,self_employed,education,0.30832151219298715
66,73081.15,529.1,0.1831,18354.41,employed,debt_consolidation,0.49303275930733503
60,97779.89,656.2,0.0843,10542.06,self_employed,home_improvement,0.14400473073867606
24,128768.92,648.8,0.2758,26026.02,employed,debt_consolidation,0.5511932359634364
67,55988.08,816.7,0.216,6712.44,employed,debt_consolidation,0.0820246535148187
50,15017.97,632.7,0.3883,3452.03,employed,debt_consolidation,0.5272441761299251
28,49023.2,664.0,0.4921,16444.7,self_employed,debt_consolidation,0.7840828287650284
23,29216.32,663.4,0.1632,13316.24,employed,home_improvement,0.40445061533279686
69,32993.87,684.9,0.0473,14475.99,employed,debt_consolidation,0.1725755761260289
32,93032.25,715.2,0.3168,31555.13,employed,home_improvement,0.458407744616788
54,111890.58,723.5,0.1996,10208.36,employed,business,0.1392525602452689
69,71369.13,749.0,0.2306,10894.53,self_employed,home_improvement,0.1271492148000131
33,33492.89,697.2,0.2832,24081.46,unemployed,debt_consolidation,0.870618529837438
29,123939.86,657.4,0.1353,16048.59,unemployed,business,0.6657698019466831
68,36043.59,725.4,0.3158,15907.61,employed,medical,0.36764202067731006
24,28900.41,724.0,0.2893,18108.82,retired,debt_consolidation,0.6200582695422994
25,86578.31,757.7,0.3166,7463.66,employed,business,0.2793791282341839
49,85700.23,630.0,0.0925,11144.31,employed,debt_consolidation,0.2449051261624623
59,17114.3,681.5,0.081,41938.49,unemployed,debt_consolidation,0.8357823362176648
35,66624.02,597.9,0.218,1575.69,employed,home_improvement,0.31848137644518293
24,34586.38,689.1,0.0585,5575.97,unemployed,education,0.5747962557357686
25,201334.53,673.7,0.2917,5382.76,employed,home_improvement,0.1474849740022768
36,40771.68,676.0,0.2317,7994.5,unemployed,debt_consolidation,0.7472018137151182
50,43204.41,635.6,0.109,36388.04,employed,business,0.5602632986834024
50,28127.25,710.7,0.3355,4177.53,employed,debt_consolidation,0.3258541176523172
64,18845.47,645.8,0.1904,5865.64,unemployed,business,0.6488280278900683
39,61912.77,702.2,0.2522,18398.02,self_employed,medical,0.5570227168436636
24,52745.65,751.6,0.2242,11174.39,self_employed,debt_consolidation,0.3861917591883658
42,132678.1,592.7,0.0555,34542.91,employed,debt_consolidation,0.44575653443546587
43,41747.89,726.2,0.0474,11512.07,self_employed,education,0.18340628459756336
47,97880.58,691.1,0.2196,13177.86,retired,debt_consolidation,0.31731064310389023
24,15000.0,682.2,0.4937,14327.94,employed,debt_consolidation,0.7568054325535555
52,15000.0,737.9,0.2531,29575.51,retired,debt_consolidation,0.5604588426619205
53,84828.54,774.2,0.2261,13972.3,employed,home_improvement,0.11387497015858077
22,61690.02,693.7,0.337,14522.97,employed,business,0.5391287261998932
32,41733.24,672.4,0.1519,11587.7,employed,debt_consolidation,0.3789733270171804
31,27580.37,717.1,0.086,25546.7,self_employed,debt_consolidation,0.48942414428201103
24,41873.98,790.2,0.2519,7512.34,employed,debt_consolidation,0.26647601139719573
51,27445.48,708.7,0.1579,19861.73,employed,debt_consolidation,0.33324447023841963
42,40084.2,599.8,0.1925,16679.11,self_employed,home_improvement,0.5304206377582633
44,31810.21,602.5,0.2794,5176.42,self_employed,home_improvement,0.48653467334883826
36,47681.08,589.5,0.445,20738.5,employed,business,0.7981774039810009
46,55887.46,711.2,0.3596,12625.87,employed,medical,0.47489840597272087
36,60459.73,651.5,0.0521,28431.83,employed,education,0.37675489142382895
24,22288.48,548.1,0.3944,13579.69,employed,home_improvement,0.789582653791828
26,44000.84,751.4,0.1101,17190.63,employed,home_improvement,0.22368309685729243
62,41072.47,714.0,0.2688,13686.3,self_employed,debt_consolidation,0.3415254287127354
56,22729.92,724.3,0.3434,22163.43,retired,business,0.5441543250694707
50,29500.41,686.4,0.2235,7798.7,employed,home_improvement,0.23752296456324865
26,42477.01,609.6,0.2805,36933.39,employed,debt_consolidation,0.8336160229033754
30,16033.52,762.5,0.3304,5796.31,employed,debt_consolidation,0.37066250442080884
65,38316.04,664.9,0.3222,13435.05,self_employed,debt_consolidation,0.46018730286090404
53,74764.4,666.6,0.5932,14982.18,employed,debt_consolidation,0.6278147729002262
43,48920.62,711.4,0.2774,8206.72,employed,home_improvement,0.24108173270328476
30,162582.22,643.2,0.5302,48670.06,employed,home_improvement,0.7901485732123255
36,33499.69,710.1,0.3867,13344.68,employed,business,0.5199718864910404
62,19972.56,695.3,0.2918,8349.35,self_employed,home_improvement,0.2971307105192931
51,54984.77,642.1,0.117,1830.21,self_employed,medical,0.3311699701561935
54,54597.37,648.7,0.188,13825.98,unemployed,home_improvement,0.6246202833646419
39,52481.1,643.2,0.3647,17674.34,employed,home_improvement,0.5301597867846031
40,22984.16,680.2,0.2324,5315.68,self_employed,home_improvement,0.3472954464764087
63,20999.26,707.0,0.1406,15874.71,self_employed,debt_consolidation,0.30459570775250744
22,58456.97,698.1,0.227,14267.29,employed,home_improvement,0.3566429140895566
37,15000.0,734.8,0.1184,7330.52,employed,business,0.2363718814833395
50,80629.67,666.1,0.067,8447.48,self_employed,debt_consolidation,0.21687375316315127
29,47167.2,776.4,0.2687,19573.8,employed,debt_consolidation,0.378579336945076
29,42395.5,702.5,0.0184,29023.82,employed,business,0.39716889988015097
30,62657.45,623.0,0.0677,38785.45,employed,home_improvement,0.5569247938054951
35,47252.75,603.3,0.4935,9820.34,employed,debt_consolidation,0.7376610950149826
59,52991.98,680.2,0.4058,11271.88,employed,education,0.34640179741883254
61,77459.25,703.2,0.095,4913.09,employed,debt_consolidation,0.10755613294107681
63,40262.85,777.1,0.1555,14834.98,employed,education,0.11232633958807692
38,54289.57,727.3,0.3695,7698.01,self_employed,home_improvement,0.35370774111163905
44,51827.1,685.5,0.262,40197.06,employed,debt_consolidation,0.6584779196214768
67,57046.95,654.7,0.1706,14660.43,self_employed,debt_consolidation,0.3192449754029127
30,32491.86,728.9,0.027,11273.25,employed,home_improvement,0.1660480931835742
62,83252.81,714.5,0.2991,8411.76,employed,debt_consolidation,0.19726589068912004
44,75677.32,630.5,0.137,14416.83,employed,home_improvement,0.26608057920305583
45,45097.31,699.7,0.4116,15718.42,employed,debt_consolidation,0.5200956380298309
48,215014.71,715.5,0.2806,9381.83,employed,business,0.09970530133305569
21,60480.71,769.5,0.507,35279.33,employed,debt_consolidation,0.754054139260533
61,113801.34,634.0,0.236,7089.52,employed,business,0.20918360446490908
63,28967.88,624.2,0.1966,8723.86,employed,debt_consolidation,0.3377738132810964
43,45475.98,542.4,0.2428,34115.04,employed,debt_consolidation,0.8122164221901285
48,34240.71,694.5,0.1338,21844.63,employed,debt_consolidation,0.35926442495426114
63,27290.56,678.3,0.2562,14779.85,self_employed,debt_consolidation,0.424806443594262
25,19219.59,695.6,0.2684,11823.86,employed,home_improvement,0.4298358869219175
65,81069.23,714.2,0.5064,4543.81,employed,business,0.2874892108037976
29,52014.05,744.4,0.1621,13406.42,employed,education,0.22860822393786648
52,23832.07,663.4,0.0368,26311.71,employed,debt_consolidation,0.3761572201239859
30,38420.25,750.7,0.1284,4828.17,employed,education,0.16039168442814944
27,84313.24,714.3,0.1463,56214.28,self_employed,debt_consolidation,0.753060367769885
30,110572.99,764.7,0.2482,11603.31,self_employed,debt_consolidation,0.25974064946759234
56,52697.79,607.5,0.3921,16814.39,employed,business,0.6026554756735008
56,38586.92,692.5,0.2518,5682.52,retired,debt_consolidation,0.331071864035492
42,188010.89,664.7,0.3105,6116.1,employed,home_improvement,0.13529955326466309
54,153555.66,733.7,0.4075,10733.99,self_employed,home_improvement,0.17876048013694865
49,15000.0,548.5,0.1031,11361.95,unemployed,debt_consolidation,0.8373579179774031
68,65297.03,779.6,0.4177,7922.6,employed,home_improvement,0.13658420818074785
42,34187.76,691.9,0.0726,13895.42,employed,home_improvement,0.20681934552374537
56,16733.21,716.3,0.2889,26295.68,employed,debt_consolidation,0.4892210046258909
50,125167.64,669.4,0.3254,10358.15,employed,debt_consolidation,0.27539131189937355
52,35124.73,664.5,0.1763,12465.15,unemployed,home_improvement,0.620595657629766
27,46642.06,655.6,0.1919,11262.81,self_employed,debt_consolidation,0.5300585021902123
35,36300.77,830.5,0.3429,3992.49,employed,business,0.20457176323228135
44,55014.85,719.9,0.3719,5371.78,self_employed,debt_consolidation,0.39973039406622646
36,77398.2,715.0,0.4536,19351.65,employed,business,0.545515911696727
34,43809.34,622.3,0.0478,8226.98,employed,business,0.32869706643970764
45,16585.13,697.0,0.4935,11539.13,employed,debt_consolidation,0.6079711426795176
51,33729.33,802.8,0.1541,3474.92,employed,debt_consolidation,0.10515496157216861
48,27846.28,592.8,0.2306,20314.5,unemployed,debt_consolidation,0.8864091363237591
44,33501.74,709.3,0.3186,30934.43,employed,medical,0.6812846894345608
46,26069.64,729.9,0.0354,21537.1,self_employed,debt_consolidation,0.3106143844151747
69,68390.58,696.8,0.377,26480.96,employed,debt_consolidation,0.4318718076490378
31,44713.75,725.2,0.1581,41016.56,employed,education,0.5214696754831275
57,27811.18,654.0,0.1323,24022.09,employed,debt_consolidation,0.4164478358106507
66,37220.66,636.2,0.3369,19022.66,employed,business,0.5021274741891044
30,35018.17,766.0,0.3083,49048.09,employed,education,0.6786638801155765
27,67701.1,700.8,0.1666,2788.71,employed,home_improvement,0.18448402365561312
59,72266.39,615.2,0.0736,6539.09,employed,debt_consolidation,0.19987541517339472
53,93527.61,681.6,0.1467,5237.38,employed,debt_consolidation,0.1525756549261098
58,52811.5,734.8,0.2296,9714.7,employed,home_improvement,0.1441295479750106
42,72294.92,586.2,0.5001,8598.6,employed,business,0.6807482628355996
69,27760.65,764.3,0.2198,12678.15,employed,business,0.16698797286278222
32,46853.49,639.6,0.1034,8652.71,retired,debt_consolidation,0.4372631814358474
49,75451.59,663.3,0.0957,8976.29,employed,medical,0.25984751305722037
43,60446.52,598.4,0.1884,25365.39,employed,debt_consolidation,0.5921351532115046
38,18880.5,730.5,0.3056,6436.59,employed,debt_consolidation,0.3660143596834691
35,62407.35,594.5,0.1826,8760.61,employed,medical,0.5414746606557119
59,46912.93,682.2,0.3045,22120.46,employed,home_improvement,0.3582297409306433
65,68731.19,632.4,0.2926,32621.18,self_employed,home_improvement,0.5435016267025389
48,54964.43,681.6,0.1718,7903.17,employed,debt_consolidation,0.24980017844728658
26,57078.69,606.1,0.2759,19889.2,self_employed,debt_consolidation,0.7470350674538411
25,47247.06,560.0,0.232,5838.98,self_employed,education,0.6210319475605635
37,46724.72,680.2,0.3716,19087.92,employed,medical,0.6705770204071045
38,65933.19,751.0,0.5246,23289.3,employed,debt_consolidation,0.5993093791615937
42,80893.53,707.3,0.2459,4193.59,employed,home_improvement,0.16415730684116484
36,24774.85,654.0,0.1042,9282.94,employed,debt_consolidation,0.3602005126176961
69,19728.83,675.9,0.0877,34421.4,employed,debt_consolidation,0.39747517903596
57,48904.34,680.4,0.1944,24522.38,employed,business,0.3810583943384014
62,24862.35,640.5,0.2413,13233.37,employed,business,0.3971879036019681
68,22581.06,635.8,0.4435,12051.79,employed,debt_consolidation,0.5473293827420243
58,107366.69,841.9,0.3478,60000.0,unemployed,debt_consolidation,0.8087102783123632
66,42297.35,698.5,0.3141,12519.25,self_employed,medical,0.44908717078921173
59,53540.84,829.1,0.2855,2964.71,self_employed,home_improvement,0.0910926749289683
24,18983.98,642.5,0.0256,5735.59,self_employed,home_improvement,0.3360066864281493
64,66557.44,742.1,0.1935,10614.02,employed,medical,0.186489662447689
38,70554.62,796.6,0.2935,10691.53,employed,debt_consolidation,0.21210950843929335
38,93188.26,557.5,0.2897,11240.14,self_employed,home_improvement,0.5531125756966645
21,129726.36,685.8,0.1317,23196.18,retired,home_improvement,0.33865481002726155
50,19965.65,599.0,0.4015,60000.0,employed,home_improvement,0.9147982820205104
51,24364.2,618.6,0.3084,12076.86,employed,education,0.47843167104044665
34,58211.81,564.9,0.2377,25854.08,unemployed,education,0.9085895065642731
69,29279.57,702.3,0.1567,5778.3,self_employed,education,0.16248588006277634
31,79891.76,581.8,0.0648,11950.66,employed,debt_consolidation,0.40242365954929776
51,34440.02,640.0,0.1287,7122.37,employed,debt_consolidation,0.2935058085135388
25,110950.12,687.0,0.3442,12104.34,employed,business,0.4192038856056781
37,39458.18,734.5,0.3474,8761.88,employed,debt_consolidation,0.38318892642718616
28,50006.64,637.3,0.2319,3632.31,employed,home_improvement,0.34683123830869506
66,60824.1,650.0,0.0421,4458.65,employed,home_improvement,0.09356669320138017
25,104317.92,711.1,0.2966,4107.94,self_employed,debt_consolidation,0.34586893808380503
49,89219.84,609.8,0.3943,11292.07,employed,debt_consolidation,0.5154314165802889
47,64098.94,639.5,0.2623,7399.68,employed,education,0.3041336090618208
32,23358.49,655.2,0.0881,16185.09,employed,debt_consolidation,0.4373758292291052
54,31721.31,721.1,0.0474,24781.35,employed,business,0.25161647608204135
38,64880.86,713.3,0.2076,60000.0,employed,business,0.7491862773572079
50,42957.42,719.8,0.1468,17834.68,employed,education,0.21642901445163193
53,56934.39,583.4,0.2521,12911.72,employed,home_improvement,0.4080552394122391
26,60121.57,665.1,0.3112,14082.2,employed,debt_consolidation,0.5520318217521895
46,59204.51,775.4,0.1564,23448.07,employed,debt_consolidation,0.23415540361865655
26,22836.44,679.0,0.2561,31374.08,self_employed,debt_consolidation,0.7734870798160982
58,100053.09,641.5,0.1737,9920.8,retired,debt_consolidation,0.2781623400642545
52,85358.11,698.3,0.3319,2332.43,unemployed,debt_consolidation,0.58204980101929
43,83893.13,613.5,0.2784,31542.85,employed,business,0.6516905094647251
62,46945.64,712.9,0.0658,4059.93,employed,debt_consolidation,0.10854504401548418
38,55331.06,770.0,0.3631,18393.88,unemployed,business,0.7509108493259261
31,36064.06,689.7,0.3013,4764.58,employed,debt_consolidation,0.4214023485784714
27,40315.58,744.0,0.4032,7026.53,employed,home_improvement,0.3590378864402521
57,55760.8,680.4,0.1269,11802.14,employed,debt_consolidation,0.21640874245535194
29,107460.35,701.9,0.3472,5333.78,self_employed,debt_consolidation,0.3889151008688725
66,151156.89,702.5,0.0261,6434.18,self_employed,home_improvement,0.04496116077846733
43,114326.37,685.5,0.1212,9414.74,retired,debt_consolidation,0.21892476007095596
40,56920.42,693.7,0.5453,5515.91,self_employed,debt_consolidation,0.6163686786715621
66,41509.19,693.1,0.2204,8506.89,employed,debt_consolidation,0.21870198059152124
30,39065.61,774.9,0.0875,20595.29,self_employed,home_improvement,0.24806576128781985
47,54848.03,612.5,0.3338,12818.62,self_employed,debt_consolidation,0.6231778486863281
63,59735.86,706.0,0.132,22061.44,employed,business,0.22910307688068224
48,96111.19,782.1,0.0836,11652.99,unemployed,medical,0.3908558606240303
47,111341.97,701.0,0.0893,10858.0,employed,medical,0.1808691890473055
28,69440.54,645.9,0.0321,7957.32,employed,business,0.2634481906316893
55,72535.88,709.6,0.315,40198.36,employed,education,0.49387381264743413
45,16252.87,719.4,0.223,25719.06,employed,education,0.4099375625929287
37,28448.61,715.0,0.4269,20546.06,unemployed,education,0.8579778903828128
26,66718.52,695.0,0.0723,33548.82,employed,debt_consolidation,0.478480237504707
66,59474.66,661.6,0.113,27788.4,employed,education,0.262003508802563
48,66061.62,632.9,0.2882,15972.08,employed,education,0.40971163098477154
59,36421.54,788.8,0.1296,21925.92,employed,business,0.17248681356123077
55,57165.47,748.4,0.2104,3923.05,employed,education,0.11099912573185496
52,71692.17,632.3,0.2798,11501.87,employed,home_improvement,0.3119337350809208
29,40061.8,612.5,0.1786,20167.45,employed,home_improvement,0.5287083610212601
29,26064.81,616.8,0.367,10379.49,employed,home_improvement,0.6094086932699088
51,22665.28,644.0,0.0907,30066.59,employed,education,0.4329597317514541
58,43818.86,677.3,0.1141,24463.11,employed,home_improvement,0.25524204260941363
59,63299.23,828.0,0.4576,23478.11,employed,home_improvement,0.23200421421279238
51,40106.06,720.2,0.0909,21187.66,employed,business,0.2529709250767325
25,69250.25,811.6,0.3026,46587.91,unemployed,debt_consolidation,0.876928085671281
23,54026.14,703.6,0.1519,16498.98,employed,business,0.39068124637164275
58,145103.42,662.2,0.4348,15272.44,employed,business,0.33631669414400056
28,66416.73,694.6,0.2125,15243.55,employed,debt_consolidation,0.40114727082873974
21,42808.12,683.4,0.119,29791.52,unemployed,business,0.8622984392332096
36,23661.53,641.6,0.0512,11942.64,unemployed,debt_consolidation,0.7322169868566667
23,53148.74,677.6,0.058,16230.05,employed,home_improvement,0.28311870749841117
39,25618.15,786.0,0.3622,41861.59,employed,home_improvement,0.5706744594359918
37,42098.9,602.3,0.3871,12484.55,employed,education,0.6204412208710374
43,28261.27,783.4,0.0912,12237.59,employed,debt_consolidation,0.16338578953802757
40,134556.43,675.3,0.0942,5446.71,unemployed,business,0.41184168003834476
61,76248.31,650.8,0.2058,6091.87,unemployed,home_improvement,0.4768519324972788
28,45201.36,645.7,0.2156,31838.05,retired,education,0.7078805788890641
23,35005.64,675.8,0.4764,6712.27,employed,home_improvement,0.5739589578822548
55,59945.46,655.7,0.0902,15835.49,employed,home_improvement,0.1946430618877847
40,58203.19,655.1,0.3861,21094.13,unemployed,home_improvement,0.8505154971432425
67,106289.27,715.1,0.2298,12960.19,employed,debt_consolidation,0.1478219907628514
45,61142.44,653.5,0.1834,19089.18,employed,home_improvement,0.3247692474060588
24,52485.43,677.2,0.1306,4773.65,employed,education,0.2521303926250621
25,80716.29,682.8,0.2068,2596.42,employed,home_improvement,0.21758756659272044
51,114796.86,690.4,0.0535,3167.37,employed,home_improvement,0.06379495232206839
66,49878.71,601.8,0.2798,11997.27,self_employed,education,0.42531183580734017
37,123832.57,758.8,0.0957,15484.02,unemployed,home_improvement,0.32305569645650944
21,71883.54,646.4,0.1921,18574.07,employed,home_improvement,0.44177274087948176
62,49477.58,630.0,0.0884,33992.23,employed,home_improvement,0.36753607386269593
53,84083.11,663.1,0.1498,18953.24,employed,education,0.23126370726976678
30,49035.1,602.3,0.017,6798.99,self_employed,debt_consolidation,0.4082319918038979
58,23318.33,640.0,0.1105,19282.52,employed,debt_consolidation,0.3785950276300096
67,261693.45,657.9,0.2464,33439.54,employed,debt_consolidation,0.16199916784798182
30,47238.36,652.1,0.3726,7926.06,unemployed,home_improvement,0.81226118196705
34,43917.42,749.6,0.2432,4321.79,employed,debt_consolidation,0.24779923686026561
29,147142.42,670.2,0.4852,8856.16,employed,debt_consolidation,0.45189004029292895
59,108688.59,610.4,0.1561,18714.35,employed,home_improvement,0.23034106511544641
37,30472.62,643.1,0.1945,15528.79,employed,debt_consolidation,0.5046700349588652
47,53123.38,710.8,0.0133,12481.57,employed,education,0.1268397959127009
26,70116.03,764.3,0.0348,9492.88,employed,home_improvement,0.10575938860697622
61,61357.43,747.3,0.3432,24278.46,employed,home_improvement,0.26968184584626403
21,35494.63,675.5,0.3113,14081.85,employed,business,0.6016441170008978
57,62448.48,655.4,0.076,16119.63,employed,debt_consolidation,0.24007535731303664
46,66335.84,697.4,0.3617,17950.11,self_employed,medical,0.6089965303713838
27,71609.6,635.4,0.1377,14226.53,self_employed,home_improvement,0.41068926821006746
47,71792.87,717.3,0.4569,12090.52,employed,debt_consolidation,0.4259502348715541
67,57705.35,684.1,0.1795,6478.22,self_employed,debt_consolidation,0.2154493494240422
51,29178.43,655.6,0.1929,31792.38,employed,home_improvement,0.4856711323875168
42,116248.8,716.8,0.3502,45993.58,self_employed,debt_consolidation,0.6907926952579305
28,46131.45,679.5,0.1934,28474.67,employed,business,0.5833538302002661
23,31574.67,677.9,0.2977,8263.7,employed,home_improvement,0.4371436051754715
62,43539.06,606.6,0.2005,3232.41,employed,debt_consolidation,0.2986221832990032
40,56108.7,694.0,0.2596,13143.72,self_employed,debt_consolidation,0.44900655429948544
65,31966.7,547.5,0.2898,29611.32,employed,debt_consolidation,0.7372235257992454
63,57105.64,738.0,0.111,11304.28,employed,debt_consolidation,0.12666958216252044
46,54978.95,647.0,0.3572,3617.53,employed,debt_consolidation,0.4184444486179004
28,70971.22,661.2,0.2814,16647.4,employed,business,0.5217696771050242
66,73969.91,667.7,0.2819,26076.96,employed,debt_consolidation,0.40396592839009293
60,52842.47,809.5,0.2415,11170.61,employed,business,0.12652671752089273
53,32041.86,713.6,0.288,16200.15,self_employed,home_improvement,0.35890668406617093
64,19822.47,705.2,0.3181,2674.38,retired,education,0.2686993057069104
47,95878.33,761.2,0.1733,33660.89,self_employed,education,0.2897810450115067
49,42389.15,715.6,0.0458,22032.51,employed,business,0.24115580357007368
69,143658.58,681.6,0.183,34714.37,employed,business,0.24624310383707318
64,67294.8,692.4,0.1797,9182.7,employed,debt_consolidation,0.1759855066729913
30,60462.75,660.6,0.0335,41329.23,employed,debt_consolidation,0.5797066532821766
28,41662.26,772.9,0.1203,29152.87,employed,debt_consolidation,0.37211719404427324
25,40260.88,792.2,0.1426,29913.31,self_employed,education,0.38429350413069086
30,52769.73,631.5,0.4692,32095.54,employed,home_improvement,0.7979380178655167
58,60417.73,679.3,0.2541,7086.29,employed,business,0.24736990757807517
25,18822.8,598.9,0.1096,5692.06,employed,debt_consolidation,0.49691889312304144
53,47892.1,725.2,0.1598,17348.3,employed,debt_consolidation,0.24596325013599593
56,80194.5,732.3,0.5061,60000.0,employed,debt_consolidation,0.8195588648415946
41,44013.56,605.4,0.1762,6496.68,employed,home_improvement,0.3301793346056442
39,47433.31,772.7,0.5175,5771.62,unemployed,education,0.7058329594196044
30,60597.32,701.6,0.1267,22982.96,unemployed,debt_consolidation,0.7555064440544671
67,50438.14,699.1,0.532,6534.77,self_employed,home_improvement,0.38410491625447973
35,39915.23,661.2,0.0466,18984.25,employed,debt_consolidation,0.37261523743605496
69,90009.26,669.4,0.1578,7728.82,employed,home_improvement,0.10270846172017126
26,73042.21,689.1,0.4431,13252.5,employed,debt_consolidation,0.5883628856753299
51,47839.75,638.4,0.2366,14084.05,employed,debt_consolidation,0.42517886218296486
39,92107.3,623.3,0.0912,13031.55,employed,debt_consolidation,0.30255743825632997
26,53130.99,731.8,0.2796,31475.9,employed,debt_consolidation,0.5963941858655931
63,25320.03,598.5,0.142,6111.17,employed,debt_consolidation,0.31959164901602516
52,37988.61,614.2,0.06,7971.76,employed,home_improvement,0.21249122092678152
44,43827.79,636.4,0.1827,9356.95,employed,home_improvement,0.29786112146373755
48,33320.73,689.6,0.2857,9406.96,employed,debt_consolidation,0.3719421764786913
21,63536.62,618.7,0.255,21893.89,retired,medical,0.8056141145018603
37,25176.67,703.5,0.2221,10506.08,employed,debt_consolidation,0.3774999097091671
53,56075.42,594.4,0.221,31626.12,employed,debt_consolidation,0.6450016360658029
50,60592.34,783.8,0.0911,20053.63,employed,debt_consolidation,0.15225341788860644
40,65773.24,744.7,0.0921,16524.19,employed,home_improvement,0.14639997457513404
52,97820.22,757.6,0.1271,37280.15,employed,debt_consolidation,0.2665609421091831
58,44765.03,643.9,0.2749,29358.82,employed,home_improvement,0.48479098624989947
63,15000.0,662.3,0.1456,10192.69,unemployed,medical,0.7143550297906817
42,20113.49,626.8,0.0892,6180.78,employed,business,0.33765045976538577
63,34915.95,684.7,0.2186,5475.94,employed,debt_consolidation,0.2266749491112164
41,55218.39,663.1,0.0475,15087.51,employed,debt_consolidation,0.2793950420971994
22,99999.32,627.2,0.1024,17591.02,employed,business,0.4133075149530284
36,57890.01,692.4,0.1182,10520.72,employed,debt_consolidation,0.26498197066447265
39,42526.37,642.6,0.1203,14803.44,employed,home_improvement,0.3154525657334154
21,25473.1,733.4,0.343,30582.14,employed,business,0.7043002198615695
51,40100.04,765.1,0.2366,21011.78,employed,business,0.28687294665677343
65,81312.03,656.3,0.3254,10062.97,employed,debt_consolidation,0.2971346464096502
42,58745.69,769.9,0.0766,18001.79,employed,education,0.13608754687670882
37,97066.45,806.8,0.0768,28061.81,employed,debt_consolidation,0.16687943185443452
37,39742.31,605.9,0.0523,16172.08,employed,debt_consolidation,0.4373096572168374
69,39106.67,801.3,0.3061,19557.25,employed,debt_consolidation,0.20509134314505648
23,193244.7,748.9,0.1138,15300.88,unemployed,debt_consolidation,0.37984162103914726
43,75894.11,721.0,0.1259,8865.88,employed,business,0.16889969271534142
47,38246.97,697.6,0.3101,10918.64,employed,debt_consolidation,0.38906507606099416
51,55386.37,745.1,0.0892,1845.25,self_employed,debt_consolidation,0.13133713419353166
58,57526.85,732.3,0.0918,3300.98,employed,home_improvement,0.07217799799426017
55,34234.49,739.3,0.3057,14514.42,employed,debt_consolidation,0.31728903901383115
30,52106.58,687.7,0.2187,2949.11,employed,business,0.3103984260136044
47,55329.7,591.7,0.0223,18318.49,employed,debt_consolidation,0.37675396881268086
58,85998.84,654.7,0.3529,36408.95,employed,medical,0.6884881224918654
51,50581.7,749.6,0.0831,5341.55,employed,home_improvement,0.08171661137987411
31,19374.7,656.2,0.1508,11229.38,employed,debt_consolidation,0.45170343544301583
69,31975.69,673.1,0.2117,10701.72,unemployed,education,0.5536927411933465
54,121167.96,622.6,0.3289,60000.0,employed,debt_consolidation,0.8054800719570415
35,50692.7,654.2,0.1993,15163.56,employed,home_improvement,0.366833522627537
26,21258.62,662.6,0.1992,11116.55,employed,business,0.4984415838029486
56,58988.59,619.5,0.4406,5490.5,unemployed,home_improvement,0.7656664700072475
63,17304.7,651.9,0.2041,26836.96,employed,home_improvement,0.40965183015124834
27,60992.86,651.3,0.3203,42475.62,employed,debt_consolidation,0.8185939129873334
30,224483.24,800.0,0.4674,9511.17,self_employed,home_improvement,0.1304056763142052
22,52308.88,617.4,0.1758,12920.65,employed,debt_consolidation,0.5464658887024201
27,48096.6,639.1,0.2682,17502.71,retired,debt_consolidation,0.6901430118689339
43,19284.14,675.7,0.3543,16615.65,employed,home_improvement,0.4939595984887649
29,44397.81,733.2,0.304,4768.16,employed,debt_consolidation,0.3425680972927925
58,28835.0,736.7,0.1629,6424.11,employed,debt_consolidation,0.16648512053628492
31,45945.06,675.9,0.2772,4904.55,employed,home_improvement,0.32321844833633895
39,38858.56,685.8,0.485,10148.58,self_employed,business,0.6584472910216703
48,54814.17,534.7,0.3362,12531.52,employed,home_improvement,0.5970591413526215
68,36757.75,685.1,0.0768,19480.99,employed,home_improvement,0.1638056789513616
63,55363.52,598.1,0.2082,12272.63,employed,debt_consolidation,0.37758417926974075
26,55668.7,693.6,0.3046,22514.84,employed,debt_consolidation,0.5900979212353025
47,29801.68,668.9,0.0695,25090.99,employed,business,0.390365715012545
26,111762.48,588.9,0.1367,13746.87,employed,education,0.36595725863163603
63,62599.64,543.1,0.2168,5767.05,self_employed,education,0.4048240054067248
26,51360.82,703.7,0.3165,7302.23,employed,debt_consolidation,0.43209213020338294
44,63490.68,688.4,0.1968,7262.06,employed,debt_consolidation,0.2554387135322729
69,128584.83,697.0,0.1014,5472.34,employed,business,0.0673665046190459
61,67159.7,665.3,0.0445,29561.44,employed,business,0.2849544246695085
51,40045.24,727.7,0.2001,8941.71,employed,debt_consolidation,0.22364558311413602
56,15000.0,627.9,0.1105,14661.11,employed,home_improvement,0.2978571442788734
52,71946.36,648.0,0.2092,15436.68,self_employed,education,0.3504453472633562
65,127365.2,725.7,0.0313,26483.15,self_employed,home_improvement,0.10370721676255605
39,54600.45,683.5,0.3543,5424.71,employed,debt_consolidation,0.4065371063199947
62,19954.69,749.9,0.1002,2562.01,employed,education,0.08372617788747672
44,32121.88,703.5,0.1352,46167.8,employed,debt_consolidation,0.6189645312875468
60,23110.96,623.9,0.5079,22971.67,employed,business,0.7518275608889803
24,49520.73,621.4,0.3077,6645.03,employed,home_improvement,0.49205560025316136
26,15000.0,744.8,0.3771,25464.91,employed,home_improvement,0.5793124071898441
42,49170.42,720.3,0.1998,1590.33,retired,business,0.2559250671246674
51,52848.06,607.6,0.1896,13667.17,self_employed,debt_consolidation,0.4993490322018486
36,39068.58,728.7,0.3355,25028.15,retired,home_improvement,0.5496902303859301
23,37810.88,724.4,0.2758,16044.15,self_employed,education,0.4946190749341684
67,33218.5,560.2,0.1236,9452.56,employed,debt_consolidation,0.366742464496015
62,41808.95,568.3,0.1183,7764.84,self_employed,debt_consolidation,0.4105452207550104
31,15000.0,716.6,0.2256,8252.9,employed,home_improvement,0.30255743082493397
36,150818.94,769.4,0.1815,16002.06,employed,debt_consolidation,0.1329823496766223
65,31331.37,756.5,0.1381,26043.07,employed,home_improvement,0.1737584415718362
52,54552.74,588.8,0.4176,25464.2,employed,debt_consolidation,0.7510263278509982
52,29449.69,746.4,0.1162,14931.48,retired,home_improvement,0.19823748236751634
37,43725.98,669.3,0.1042,25131.33,unemployed,business,0.7918295425267717
24,68988.04,768.4,0.3819,15153.15,employed,business,0.42237044251119565
43,61361.61,638.3,0.2241,13433.18,employed,business,0.4183534969452946
26,39749.98,730.5,0.2359,8147.34,employed,home_improvement,0.27013066306041006
69,44756.32,676.6,0.1786,60000.0,employed,home_improvement,0.600341853321122
29,23657.41,732.3,0.1214,15646.31,self_employed,debt_consolidation,0.4081428263001555
56,44370.37,577.7,0.1605,11711.04,employed,home_improvement,0.33905592112160576
31,63206.09,652.0,0.2996,23046.1,employed,home_improvement,0.5353063403047364
45,31524.08,781.2,0.3165,6892.19,self_employed,debt_consolidation,0.3044611303519082
66,65968.77,629.8,0.2523,2958.59,employed,debt_consolidation,0.24600416336489206
44,27724.38,816.0,0.2623,25851.97,employed,home_improvement,0.25236056848348126
63,92388.78,733.2,0.0439,8200.27,employed,home_improvement,0.051750270642404936
54,59227.97,734.0,0.3156,5809.25,employed,home_improvement,0.16778188783880096
69,57279.86,735.2,0.1326,15997.96,unemployed,debt_consolidation,0.4465606923782936
51,59082.56,765.0,0.3797,8531.48,self_employed,debt_consolidation,0.31764652381905767
55,54786.27,645.7,0.182,7553.72,employed,debt_consolidation,0.2761387179966844
44,66425.32,685.5,0.28,17951.91,employed,debt_consolidation,0.41813371949991446
65,58540.38,682.3,0.2838,6605.46,employed,debt_consolidation,0.23795021227014435
67,36866.46,754.3,0.1326,8226.99,employed,debt_consolidation,0.11598096513689872
23,28598.69,674.7,0.3198,11385.89,unemployed,debt_consolidation,0.8726349028362017
42,34705.07,561.1,0.3446,10378.0,employed,debt_consolidation,0.6886691059654696
37,32412.02,657.7,0.2724,31803.17,employed,business,0.696001081375618
28,31222.68,612.2,0.3614,15802.9,unemployed,debt_consolidation,0.9301478102671972
33,43337.44,746.3,0.0113,18540.48,unemployed,home_improvement,0.47762196739910195
38,51592.67,571.9,0.0765,15186.21,employed,home_improvement,0.39182287243701164
35,60718.13,704.9,0.1413,10627.32,employed,home_improvement,0.19865493982646248
55,56877.42,691.5,0.0697,25288.64,employed,medical,0.344205770195121
22,37509.71,664.8,0.404,18852.87,employed,home_improvement,0.6540538878972973
34,125653.39,709.0,0.1789,24240.76,self_employed,medical,0.442650328280596
23,131693.0,684.7,0.1203,25815.14,employed,business,0.3450923481845124
59,23173.46,686.9,0.1414,8477.29,employed,home_improvement,0.17146061635352058
48,58822.97,798.1,0.3639,18804.61,employed,debt_consolidation,0.2974168658738714
38,63125.22,759.3,0.0589,42091.32,employed,home_improvement,0.299560081225272
34,63223.72,658.7,0.2287,15911.38,employed,home_improvement,0.3723485447568097
68,35530.57,721.0,0.303,22466.33,employed,debt_consolidation,0.3545114294828566
23,64234.27,675.3,0.6527,8600.83,employed,education,0.7005183771741568
39,40721.19,633.2,0.056,9558.93,self_employed,business,0.3773604072862816
53,37342.87,603.1,0.5233,27607.99,employed,debt_consolidation,0.8284130613371735
28,115046.22,698.2,0.2899,3878.61,employed,business,0.2606028141425929
44,45785.74,716.5,0.3936,27186.28,employed,debt_consolidation,0.5964886486744209
67,96198.21,757.0,0.1572,6380.32,employed,education,0.05740583770477263
62,39101.33,777.4,0.3498,21258.64,employed,business,0.30472884986728477
24,29087.29,622.1,0.1587,8842.54,retired,debt_consolidation,0.5973193526551953
65,127295.02,748.8,0.2629,4265.55,unemployed,medical,0.3787296487735767
65,57546.05,654.0,0.3415,39980.73,employed,debt_consolidation,0.6587609860594407
29,63208.04,603.2,0.1686,23567.95,self_employed,debt_consolidation,0.6831101558161656
66,41327.58,729.5,0.3624,12405.79,unemployed,business,0.6573604115975753
40,41652.64,634.1,0.4791,15688.46,employed,debt_consolidation,0.7186172834713795
53,64752.82,762.7,0.4475,12487.5,employed,debt_consolidation,0.3262510615833624
52,71697.07,748.3,0.4248,23867.93,employed,business,0.4309796780631863
44,28099.55,710.3,0.2619,14453.22,employed,debt_consolidation,0.3964483666240257
25,17393.79,771.3,0.3091,13050.51,unemployed,home_improvement,0.715172591016948
55,54011.97,670.0,0.0743,7256.86,employed,debt_consolidation,0.17827636319114182
35,16994.2,630.5,0.2759,7139.42,employed,debt_consolidation,0.5488132873194116
68,23822.37,686.1,0.1101,18185.37,employed,home_improvement,0.1865806780778993
46,51207.5,629.0,0.2944,10148.81,employed,debt_consolidation,0.47195239859968424
59,72636.55,748.4,0.3513,4025.97,employed,debt_consolidation,0.18158081516644592
32,36759.26,650.6,0.1208,20839.26,employed,debt_consolidation,0.4965492162429793
68,35852.94,655.5,0.0893,22498.94,self_employed,home_improvement,0.28091244815527294
46,44035.38,687.0,0.0589,9007.8,employed,education,0.1617864775227314
26,97649.25,673.3,0.1606,19394.57,employed,debt_consolidation,0.38807257894185704
24,56194.51,580.0,0.2982,6502.95,employed,education,0.5655426177886402
35,54745.59,553.8,0.2118,22703.66,employed,business,0.7043755530408562
60,25617.11,726.9,0.2122,1199.72,unemployed,home_improvement,0.39768480472650364
64,61146.28,606.5,0.168,15537.11,self_employed,debt_consolidation,0.41574494652405364
59,34798.56,722.8,0.4009,17900.18,employed,business,0.42968249355445265
23,201937.39,773.4,0.01,8145.45,employed,debt_consolidation,0.04927388108755264
22,115462.4,766.5,0.2537,4110.32,employed,home_improvement,0.1322467591084441
51,22913.83,769.3,0.0691,19584.13,employed,debt_consolidation,0.19318111466769775
53,33913.36,696.1,0.2792,8494.24,employed,debt_consolidation,0.3215731627447435
53,45742.3,640.4,0.1427,6200.47,employed,business,0.26343347268046124
37,27754.59,768.1,0.5319,14823.53,self_employed,debt_consolidation,0.6374412422392625
63,42764.37,674.9,0.2441,10921.21,employed,home_improvement,0.2200098971600754
28,49977.73,779.8,0.3568,26778.59,unemployed,debt_consolidation,0.8382135941845837
55,39750.22,611.3,0.2271,19413.84,self_employed,education,0.518651771314347
62,128392.76,684.2,0.0886,7921.03,employed,debt_consolidation,0.09133251534738863
66,70525.04,668.5,0.0882,9937.83,employed,home_improvement,0.10981310419513156
56,37244.15,728.9,0.3895,5008.73,self_employed,business,0.36110862153541795
55,55488.48,710.3,0.0895,31822.36,employed,debt_consolidation,0.3202181469350147
64,47275.91,568.6,0.5183,10929.36,self_employed,debt_consolidation,0.7478194535767574
26,27580.65,632.6,0.2913,23422.35,employed,debt_consolidation,0.7369121320357258
41,46495.13,724.3,0.0895,12198.31,employed,business,0.2093333875078909
38,46837.15,560.2,0.121,10238.02,employed,debt_consolidation,0.5000061598479967
52,78583.34,690.5,0.3862,25395.28,employed,debt_consolidation,0.5119464178137138
44,31546.21,693.6,0.2147,8006.35,employed,education,0.25997778253355025
24,52142.16,566.1,0.3297,14914.59,employed,medical,0.8133803841396156
31,34873.24,619.3,0.2789,4758.89,employed,home_improvement,0.4421219863222058
46,36085.18,696.1,0.4368,24915.83,employed,debt_consolidation,0.6528641383647579
21,87527.19,670.0,0.1837,48243.88,employed,debt_consolidation,0.7409411203400651
54,101991.46,634.9,0.3356,9817.25,employed,home_improvement,0.27507212526525165
45,49416.03,730.2,0.2845,20898.85,self_employed,business,0.46530368817301776
22,87896.45,675.9,0.4712,48581.21,employed,debt_consolidation,0.8814762719685747
49,27882.08,807.9,0.4072,17792.01,employed,medical,0.43175066036555537
27,74063.16,655.6,0.0629,5578.98,employed,home_improvement,0.190098963264831
38,71849.46,850.0,0.1846,30833.69,employed,debt_consolidation,0.2219929850518004
25,70920.57,600.9,0.3066,7883.97,employed,education,0.5144868341483413
47,40294.84,614.5,0.1833,23327.54,employed,debt_consolidation,0.5555558266438965
21,37968.06,719.2,0.3028,6672.31,unemployed,debt_consolidation,0.7869558155116638
43,28899.82,623.4,0.2328,5543.95,employed,business,0.43475290008915596
27,40153.4,717.9,0.1452,5915.96,employed,debt_consolidation,0.2746716385681363
28,50561.82,716.8,0.093,16821.98,unemployed,debt_consolidation,0.6817301091699245
26,60816.39,708.0,0.0225,7614.42,employed,home_improvement,0.14596844796573252
30,78600.94,738.3,0.0791,6219.65,employed,debt_consolidation,0.15294084517860856
58,59034.68,703.9,0.3452,46751.82,employed,home_improvement,0.5889050805954604
36,89678.07,701.3,0.47,5918.35,retired,debt_consolidation,0.50929185552487
60,146613.37,689.9,0.3741,15154.86,employed,education,0.1947201274966274
61,17982.88,615.1,0.4512,23690.58,employed,business,0.7356529862960479
39,152643.04,781.9,0.195,27992.41,employed,debt_consolidation,0.18302405572367808
43,50700.41,569.9,0.1902,6941.66,employed,business,0.4673964528045509
39,28891.33,765.8,0.1457,14137.99,employed,debt_consolidation,0.24051814117311857
51,64314.34,612.1,0.2582,11109.27,self_employed,debt_consolidation,0.5016529667057342
26,81209.05,750.8,0.2279,7088.28,unemployed,debt_consolidation,0.5927696620792348
57,60097.47,655.4,0.1497,10544.55,employed,debt_consolidation,0.24807285008868207
50,75160.09,702.9,0.2752,15225.63,unemployed,business,0.6769660354733523
31,52285.59,662.5,0.0643,11990.65,employed,debt_consolidation,0.3157404627407609
63,130415.8,614.1,0.1827,9975.26,employed,business,0.19404200713906083
62,46887.78,675.8,0.0643,8828.58,employed,debt_consolidation,0.1630468793993188
23,48605.46,778.7,0.01,19216.62,self_employed,education,0.21261596183625406
44,59481.75,775.9,0.3346,14528.58,employed,business,0.28490521199975366
29,50380.52,808.5,0.2348,11110.4,retired,debt_consolidation,0.28907258157887483
28,44044.19,729.8,0.0799,11993.57,unemployed,debt_consolidation,0.6150214049255616
46,44162.93,706.7,0.4752,56945.55,employed,business,0.8749212698559451
35,71167.68,637.3,0.0675,8537.15,employed,debt_consolidation,0.2773590302871087
46,21054.81,721.4,0.42,29263.69,self_employed,business,0.7224558823769539
46,28173.27,600.4,0.2105,50170.33,employed,home_improvement,0.7860788321065643
69,83426.17,811.5,0.0951,2135.16,employed,business,0.03630258051867542
45,24211.92,758.4,0.4812,12337.64,employed,home_improvement,0.3887496181083249
42,51214.22,583.1,0.3384,11738.62,employed,debt_consolidation,0.6307640304146448
21,101289.81,613.4,0.1105,15411.37,employed,business,0.4256034262746881
45,39584.8,683.1,0.122,16811.67,employed,medical,0.40126910320990866
50,184246.38,616.7,0.299,32175.94,unemployed,business,0.7870807635442437
37,30708.24,613.1,0.3654,47668.3,employed,debt_consolidation,0.8992490128462557
38,84032.68,617.4,0.2437,16840.02,self_employed,home_improvement,0.4791101137443191
52,49821.43,631.7,0.1469,36990.84,employed,business,0.5826165786525458
60,69671.0,686.0,0.0408,6546.35,unemployed,debt_consolidation,0.3839870999779903
28,89740.64,618.8,0.1755,27918.02,unemployed,debt_consolidation,0.8734327947348062
21,137152.89,609.1,0.055,9147.58,unemployed,home_improvement,0.5500347944982948
39,74330.78,703.7,0.4648,3766.94,self_employed,debt_consolidation,0.4818968422930507
42,23894.01,747.3,0.4105,24742.9,employed,debt_consolidation,0.5834449480810306
58,37087.85,780.8,0.2437,40758.7,employed,home_improvement,0.34444807858654847
48,38409.85,803.3,0.3008,6489.12,employed,debt_consolidation,0.18618507240529944
68,34565.84,753.0,0.2406,4877.7,employed,medical,0.1881302525752722
39,28666.73,639.0,0.2777,5359.55,employed,debt_consolidation,0.4712723039239515
32,26095.93,594.0,0.0988,6225.89,employed,home_improvement,0.36160623478011494
66,42644.92,625.8,0.1105,5800.36,employed,home_improvement,0.1609817980263253
57,147366.13,731.9,0.0398,14630.73,employed,debt_consolidation,0.07031716115454469
51,39604.74,640.5,0.2448,8297.4,employed,business,0.37987564042541083
38,42886.44,750.7,0.12,8893.1,employed,debt_consolidation,0.19185391091821508
42,64020.04,713.9,0.2938,16740.81,unemployed,education,0.6874945283719628
37,65244.18,607.0,0.1496,36656.68,employed,home_improvement,0.5920864873526581
33,15000.0,707.9,0.217,29030.91,employed,business,0.5917138767864891
30,35018.24,659.4,0.4033,11828.41,employed,home_improvement,0.5560667942965978
41,45732.55,678.5,0.0451,17395.74,employed,home_improvement,0.2201975168041405
27,37259.61,708.1,0.1848,11696.59,employed,debt_consolidation,0.37902240087585515
28,75245.44,701.5,0.1495,2498.25,self_employed,education,0.21918409922721832
67,70760.55,743.4,0.3438,7743.29,employed,medical,0.23615791414088935
66,69884.46,653.4,0.166,6862.65,employed,home_improvement,0.13802854461265082
29,75299.29,745.1,0.1627,3934.95,self_employed,debt_consolidation,0.2274062411567462
42,31675.72,672.3,0.1621,6564.84,employed,business,0.30364693205131343
50,19250.42,706.5,0.3067,6709.57,retired,home_improvement,0.3420934497289941
24,53945.46,687.0,0.4747,5346.76,employed,debt_consolidation,0.5858185026824081
53,99554.89,651.8,0.2725,6301.72,employed,debt_consolidation,0.2581975124593943
38,50691.61,656.6,0.1366,23589.1,self_employed,medical,0.6199321257842606
39,17460.5,683.2,0.2498,9169.37,employed,education,0.3597318634519906
53,21905.24,620.4,0.0436,28870.77,employed,medical,0.5649361475731677
22,41617.42,732.9,0.0627,11534.08,employed,debt_consolidation,0.26139445309069426
44,33255.2,703.9,0.1221,13761.33,employed,business,0.2772745128600108
55,24568.73,712.6,0.03,14915.06,unemployed,debt_consolidation,0.5276574257486946
68,61718.27,771.7,0.4387,22885.15,employed,debt_consolidation,0.334481211121812
62,51801.99,722.7,0.2431,12837.15,employed,home_improvement,0.16906439494002146
39,64299.41,730.0,0.0428,6205.61,employed,business,0.13185481569357818
44,96489.46,691.2,0.2115,25863.95,employed,debt_consolidation,0.37297566846603286
62,39202.33,763.4,0.1162,13872.59,employed,debt_consolidation,0.13839407947264318
55,83718.83,692.0,0.2848,14400.18,self_employed,home_improvement,0.2767304035078375
57,85985.01,595.5,0.0402,7751.29,self_employed,debt_consolidation,0.2535619054862946
22,22781.28,795.6,0.2224,12486.89,employed,education,0.26160506536069644
24,68454.76,695.8,0.3476,14097.18,employed,home_improvement,0.4306158190586896
21,15000.0,728.3,0.0292,39676.25,employed,debt_consolidation,0.5726385876621165
40,85313.26,530.8,0.3009,28394.35,employed,business,0.7753996630447605
56,21032.91,588.4,0.3747,12380.69,unemployed,debt_consolidation,0.894745977037634
28,96138.6,779.7,0.379,13773.25,employed,home_improvement,0.2478632164317812
24,28874.01,633.3,0.2544,30920.33,employed,debt_consolidation,0.7761450513881764
29,65037.15,754.3,0.368,14751.55,self_employed,debt_consolidation,0.49143511173262816
22,40067.15,706.0,0.0464,53048.93,employed,home_improvement,0.6206010034422808
36,107379.87,681.9,0.0362,13821.91,self_employed,debt_consolidation,0.23303619869498723
37,42010.93,658.5,0.1297,7242.92,employed,home_improvement,0.24428111767546257
22,28103.03,653.2,0.1685,19108.67,employed,business,0.5802518940071109
41,46313.62,631.6,0.0896,11960.52,employed,home_improvement,0.2700958885058268
33,62432.36,663.8,0.1446,11100.0,employed,debt_consolidation,0.34019741654019037
36,55594.85,590.2,0.251,16726.22,employed,debt_consolidation,0.6180214237530112
21,29227.42,584.5,0.3719,21915.64,employed,business,0.8425306176107192
58,61220.09,633.3,0.2868,60000.0,employed,education,0.7853668786570039
45,80379.78,677.8,0.132,16044.38,employed,debt_consolidation,0.26778559575594557
28,72772.35,643.4,0.1635,17499.94,employed,home_improvement,0.3736535327354226
37,29919.36,689.9,0.3053,18377.5,self_employed,debt_consolidation,0.6175218169340503
32,23711.44,682.0,0.1645,7380.92,employed,home_improvement,0.2847005863870521
49,46308.01,792.1,0.2423,9506.32,employed,medical,0.22596676785928962
69,75354.36,662.6,0.2158,10294.3,self_employed,debt_consolidation,0.26326084037418096
36,38547.07,640.3,0.1572,12944.37,employed,debt_consolidation,0.43967061375856614
51,78410.85,699.1,0.3589,8792.27,employed,debt_consolidation,0.31303773275969343
51,39129.97,670.5,0.1497,7597.22,employed,debt_consolidation,0.2596890860023605
30,46722.83,702.0,0.3344,5285.96,employed,business,0.4117319867739658
37,80018.0,709.4,0.5673,8959.92,employed,home_improvement,0.4505436952827262
51,97610.35,673.9,0.3641,7324.26,employed,debt_consolidation,0.3110361606162618
67,75354.96,753.8,0.1428,26933.81,employed,medical,0.23376036337055098
38,136539.7,806.4,0.1678,39017.71,employed,debt_consolidation,0.23863628780701057
60,73319.27,737.6,0.1547,13154.13,employed,debt_consolidation,0.14678498981426957
32,22101.55,693.7,0.0904,7513.68,retired,business,0.36038520934253426
33,72871.49,609.6,0.3448,57371.53,self_employed,education,0.9097277607152928
58,49531.3,684.5,0.3566,57452.49,self_employed,business,0.846069010527616
27,22256.32,664.6,0.0899,28693.29,employed,debt_consolidation,0.5812159879928176
41,15000.0,680.4,0.201,18037.67,employed,debt_consolidation,0.47670665741245916
51,22875.82,797.0,0.1951,17470.95,self_employed,home_improvement,0.20524565143082352
38,42203.84,676.8,0.0664,7824.62,employed,debt_consolidation,0.246199104780059
50,108206.69,730.7,0.2702,6849.54,employed,home_improvement,0.11978016011581459
54,91509.74,737.3,0.1751,25034.65,employed,debt_consolidation,0.23128049236700302
28,30586.31,710.5,0.1818,6436.93,employed,debt_consolidation,0.32922640396572617
59,68173.58,654.8,0.104,5291.87,employed,debt_consolidation,0.16893699577489996
40,73529.11,728.1,0.2888,12194.61,employed,debt_consolidation,0.3045060459133221
64,77429.31,685.1,0.1887,9742.17,employed,home_improvement,0.13215777241329804
30,55000.75,698.1,0.2157,22350.84,employed,business,0.4765657186356479
52,38193.98,712.0,0.2911,24490.6,employed,education,0.3897902463141992
31,16418.69,665.0,0.3632,7611.01,employed,home_improvement,0.4979180569924945
32,50751.25,621.3,0.3294,11971.05,employed,debt_consolidation,0.6111397675603906
54,70319.14,720.1,0.4179,24888.22,employed,debt_consolidation,0.48524166079840675
54,36647.16,799.6,0.0849,24910.55,unemployed,business,0.4953804969749649
63,58625.67,732.4,0.2394,9944.82,employed,debt_consolidation,0.1813109766288
28,47921.89,662.2,0.1087,33732.39,unemployed,debt_consolidation,0.8756686037498663
37,58374.53,712.0,0.0647,7738.31,employed,education,0.14417490690618034
56,31445.65,661.7,0.3232,17870.02,employed,debt_consolidation,0.5026624361197272
44,51991.05,705.6,0.2523,30898.58,employed,debt_consolidation,0.5204618248683487
24,83373.95,742.9,0.3309,19710.21,employed,medical,0.5304322214819491
41,98720.85,666.2,0.442,32559.42,self_employed,debt_consolidation,0.7497347011627227
36,82951.77,663.8,0.0457,12307.22,employed,debt_consolidation,0.23377196024069233
26,49925.42,760.3,0.1546,13437.42,self_employed,home_improvement,0.2563301292053001
63,89031.14,675.9,0.0851,25649.2,self_employed,medical,0.3553403978013191
56,51869.14,730.3,0.0284,41986.65,unemployed,home_improvement,0.623845668934311
59,34530.96,645.2,0.1819,60000.0,employed,business,0.7845119585819929
68,55331.17,711.3,0.3938,34109.47,unemployed,debt_consolidation,0.8425806682819464
63,61871.66,608.7,0.1048,8904.93,self_employed,debt_consolidation,0.30130455645548593
50,42914.41,630.0,0.2129,11009.17,employed,home_improvement,0.319106567668022
26,27832.08,713.3,0.01,7752.73,self_employed,debt_consolidation,0.2845922195468392
36,97972.06,609.4,0.3999,13422.24,employed,debt_consolidation,0.5955617583333078
50,93047.16,698.6,0.1352,10714.09,employed,debt_consolidation,0.17056313381173377
52,73626.94,737.8,0.3471,11486.81,self_employed,debt_consolidation,0.33383078462187316
57,67172.63,797.5,0.2797,5383.24,employed,debt_consolidation,0.12168594485192068
31,56934.14,617.6,0.1266,6088.88,retired,business,0.450643624278379
25,188205.22,778.4,0.3418,19688.91,self_employed,home_improvement,0.2051147164641308
36,98699.21,714.4,0.0909,33680.88,employed,home_improvement,0.26955104173569366
58,123654.27,617.1,0.2738,4045.58,self_employed,debt_consolidation,0.29000151990956613
56,43970.73,606.3,0.3085,25280.83,employed,business,0.6356784892046297
42,24631.85,660.4,0.133,15485.18,self_employed,debt_consolidation,0.47599690630266156
30,39890.4,595.7,0.0686,60000.0,employed,debt_consolidation,0.8667429591403741
46,46651.5,661.2,0.2129,5282.31,unemployed,debt_consolidation,0.6790110268740905
36,25203.01,668.6,0.4087,22556.07,employed,home_improvement,0.6397192083531795
51,36241.45,602.8,0.3263,13175.39,employed,debt_consolidation,0.5819443681456399
62,148519.79,601.2,0.2359,6415.68,self_employed,home_improvement,0.1880823242660715
33,52549.39,605.7,0.1015,11836.69,employed,business,0.4258821543940179
56,34711.88,702.7,0.2101,6579.93,employed,business,0.2289702432640261
66,28924.36,623.3,0.1057,22480.24,employed,education,0.31900113404745645
56,30836.47,727.2,0.2086,8079.48,employed,debt_consolidation,0.21706933217174731
56,111010.81,577.9,0.1053,3458.05,employed,home_improvement,0.1495217720203427
39,53521.78,670.3,0.4405,51913.8,employed,debt_consolidation,0.879030409927697
68,36487.39,684.7,0.4112,16344.88,employed,home_improvement,0.3584035010154102
53,56191.38,614.0,0.108,7739.58,employed,home_improvement,0.21150862037164056
32,41565.5,673.6,0.0725,2228.45,employed,debt_consolidation,0.23623575341726966
68,91423.24,753.2,0.4058,17698.73,employed,debt_consolidation,0.24596571185707003
36,27922.24,721.6,0.3327,4435.33,self_employed,business,0.4424197741739075
28,22541.76,714.7,0.0684,9054.12,employed,home_improvement,0.20846601019008495
58,22899.82,747.6,0.2867,4908.02,employed,business,0.21462915230166688
48,103140.53,601.0,0.2141,11416.02,retired,debt_consolidation,0.4362568332030079
40,34555.19,625.3,0.0865,11635.54,employed,debt_consolidation,0.37987168136789906
36,56182.33,702.2,0.2656,11665.57,employed,debt_consolidation,0.3743982011449187
42,67076.16,739.3,0.3322,12364.75,employed,debt_consolidation,0.3226796069806415
21,33921.5,659.2,0.0737,5909.12,employed,education,0.29034197054155836
27,51253.44,705.1,0.0389,6496.23,employed,debt_consolidation,0.2119152291775588
43,106664.34,668.8,0.2055,3948.43,self_employed,medical,0.32369514864642873
33,53082.94,751.5,0.0884,32997.5,self_employed,debt_consolidation,0.4448975229234644
48,59204.62,697.4,0.3115,15503.84,employed,debt_consolidation,0.3916640712841361
26,26079.63,709.2,0.2388,11367.18,employed,debt_consolidation,0.4463207921241229
43,57996.82,702.2,0.551,22739.19,employed,business,0.6820983369686661
57,44108.99,690.8,0.3108,27842.99,employed,education,0.44102711802592226
29,42917.1,724.4,0.2392,6678.65,employed,education,0.2674091950221076
34,90318.7,556.2,0.1729,11744.09,employed,home_improvement,0.41341501893822047
54,23819.8,639.2,0.2576,2680.74,employed,debt_consolidation,0.35726323934004905
55,50285.07,747.1,0.0969,30912.22,employed,debt_consolidation,0.2697343428856124
37,47818.81,556.6,0.2917,60000.0,employed,debt_consolidation,0.9387865030885125
25,43244.8,637.4,0.237,10897.09,self_employed,debt_consolidation,0.6150314162046966
49,54148.12,747.6,0.1879,13010.5,employed,medical,0.26735075141543185
67,18476.35,705.0,0.2318,20632.45,employed,business,0.33737699166366714
53,56892.94,625.7,0.0981,13423.37,unemployed,business,0.6666445951824286
68,31132.55,730.9,0.3609,15030.83,employed,debt_consolidation,0.32157355646149133
31,50003.49,779.3,0.0926,7889.89,employed,medical,0.20290911702311265
28,114504.0,691.6,0.3413,9987.83,self_employed,home_improvement,0.3538880517424745
65,34068.61,588.2,0.3196,7285.6,employed,home_improvement,0.3807967024747722
26,28001.62,616.3,0.1691,2360.69,employed,debt_consolidation,0.45845041350667
67,44861.11,637.4,0.4049,6875.22,self_employed,medical,0.571371408179371
65,31877.02,698.2,0.2445,14024.45,employed,education,0.23471985927342587
22,52015.97,701.3,0.0929,9313.55,unemployed,debt_consolidation,0.6636478678520564
61,19782.4,611.7,0.1195,14665.59,employed,debt_consolidation,0.38092859589959255
35,96910.0,808.1,0.223,60000.0,unemployed,debt_consolidation,0.8625215153448705
57,44322.47,629.6,0.3176,12900.6,employed,home_improvement,0.38435569518288276
42,88597.75,714.2,0.1889,47111.65,employed,business,0.5511784649167842
48,88839.06,579.1,0.1363,17266.58,employed,debt_consolidation,0.415424244514812
63,15000.0,750.9,0.3715,47150.35,employed,debt_consolidation,0.6744772000165312
32,15000.0,605.7,0.2002,16551.37,employed,debt_consolidation,0.6433283816212307
59,52101.7,623.0,0.2507,35409.9,self_employed,debt_consolidation,0.6991570722923549
44,46870.26,714.8,0.3751,11782.49,self_employed,debt_consolidation,0.4940693810013125
43,40138.4,627.4,0.3683,6659.75,self_employed,home_improvement,0.5230074773165195
33,64340.39,684.4,0.0644,34286.82,employed,home_improvement,0.37644079023038063
30,34847.65,639.5,0.4888,60000.0,employed,debt_consolidation,0.9553950987767288
25,87096.62,647.4,0.2633,28579.53,unemployed,debt_consolidation,0.8949590684175744
27,82407.09,850.0,0.5159,18905.47,employed,home_improvement,0.3093746791174794
54,46206.39,683.4,0.1226,23859.13,employed,debt_consolidation,0.3370290393945243
43,28381.76,676.1,0.2189,7233.83,self_employed,medical,0.5038644040079511
57,42760.38,732.5,0.1169,4031.95,employed,education,0.09832955420732369
33,28510.91,629.9,0.1031,15523.55,employed,debt_consolidation,0.4744292297160875
22,27669.49,635.9,0.0849,2024.21,unemployed,home_improvement,0.6582449810086849
42,36049.42,757.8,0.0973,7452.99,self_employed,debt_consolidation,0.20261245507087808
52,192390.93,507.0,0.3108,8782.46,employed,debt_consolidation,0.3868974912573712
24,30843.27,704.4,0.1336,14570.65,self_employed,home_improvement,0.38158953391636313
40,55950.01,710.6,0.2571,8691.82,employed,debt_consolidation,0.3067383420148163
59,15000.0,690.9,0.1269,13958.71,unemployed,home_improvement,0.5482289027430257
36,204117.56,575.8,0.1733,23502.18,employed,debt_consolidation,0.3590967443312728
60,75890.3,706.8,0.3978,32042.03,employed,home_improvement,0.4323307584605698
41,56265.43,645.2,0.2298,10146.35,employed,medical,0.4833730536818196
27,44212.4,641.5,0.2175,8038.6,employed,home_improvement,0.386546284201285
38,96246.4,632.7,0.2476,16367.1,employed,debt_consolidation,0.4436434772191175
65,55189.37,591.4,0.1558,12333.32,employed,business,0.3322705036435462
46,103066.82,607.0,0.2739,20754.15,employed,business,0.4970598817115549
23,21988.92,748.4,0.2515,11581.32,employed,home_improvement,0.32712989613067867
46,57587.69,716.7,0.0938,7582.76,employed,home_improvement,0.12014819264969054
61,34405.4,651.1,0.3323,6281.91,employed,business,0.37239203905435064
60,18061.07,636.4,0.1416,37362.09,employed,debt_consolidation,0.5981968075887277
29,38969.48,754.2,0.2694,14214.3,self_employed,home_improvement,0.36298343159248664
57,121649.15,691.3,0.1182,21884.42,employed,education,0.14396003469496432
51,25777.33,638.3,0.2776,3461.82,employed,business,0.3888938311759884
43,107386.26,819.9,0.1596,16684.16,unemployed,home_improvement,0.28559298960456814
65,49930.41,782.0,0.1869,23469.88,employed,debt_consolidation,0.1876664078880325
37,68550.61,755.0,0.2094,34777.57,self_employed,debt_consolidation,0.5107065038595782
30,42858.95,783.7,0.3756,23570.63,employed,home_improvement,0.4107841972322068
35,69408.9,623.4,0.1282,6330.31,employed,debt_consolidation,0.3273265419840216
47,26778.31,652.0,0.2337,9542.11,self_employed,debt_consolidation,0.48610150947822933
34,19039.2,576.2,0.0893,8090.73,employed,home_improvement,0.4063133335348881
63,155990.12,709.0,0.3075,25508.43,self_employed,business,0.2799180170102376
42,47846.5,729.9,0.1558,53926.66,self_employed,debt_consolidation,0.7109845568711806
65,62512.78,672.0,0.2686,32809.82,employed,business,0.4759843152937628
62,81950.69,788.5,0.1636,6694.56,employed,debt_consolidation,0.07665772148673068
26,108729.8,677.6,0.2813,54072.28,unemployed,home_improvement,0.9236222097135215
41,24154.74,726.2,0.3063,15808.9,employed,debt_consolidation,0.44312003116637555
29,108188.97,677.1,0.2894,43931.94,employed,debt_consolidation,0.7006892496419813
45,46456.46,739.8,0.1318,13073.08,employed,education,0.16710131561513059
34,95661.69,698.6,0.3492,15045.34,self_employed,business,0.48707792899690794
60,29068.07,717.7,0.2896,42537.44,self_employed,education,0.6116538234258224
62,46962.78,689.3,0.2948,13344.58,employed,business,0.31841863068552073
25,20302.75,717.3,0.1532,16262.33,employed,home_improvement,0.338530390878097
63,123433.38,688.5,0.3771,7064.31,employed,debt_consolidation,0.2084379008804638
26,54817.25,805.2,0.3504,20018.15,self_employed,debt_consolidation,0.47374303539699164
33,37195.83,638.2,0.2921,17951.63,employed,business,0.6245716257687652
36,56697.7,715.0,0.3022,10146.41,employed,debt_consolidation,0.3664582115279856
58,60090.53,615.1,0.0795,4433.08,employed,debt_consolidation,0.20821833373632176
55,44095.38,704.7,0.2951,9069.33,employed,home_improvement,0.2276938876516468
26,25689.08,711.5,0.139,55255.92,employed,debt_consolidation,0.7796109087103447
30,15000.0,684.9,0.2315,3418.6,employed,debt_consolidation,0.402684929379103
39,51025.76,605.3,0.4079,11483.27,self_employed,education,0.6635845493218135
66,57693.99,771.8,0.2355,7687.43,self_employed,business,0.15498672195061194
54,47986.97,750.1,0.1798,23625.1,self_employed,debt_consolidation,0.33188220976231325
41,63235.55,719.4,0.3238,17132.09,employed,debt_consolidation,0.4082254230177484
36,57497.07,654.9,0.3233,12760.29,employed,education,0.4475210070534876
64,61022.9,648.0,0.4534,24796.58,employed,home_improvement,0.5211536092810135
23,42746.0,692.5,0.0958,4434.39,self_employed,education,0.2799896363010783
51,99356.0,674.6,0.34,10749.51,self_employed,education,0.32144760701159514
32,94924.38,835.5,0.1518,14284.09,employed,debt_consolidation,0.11817739299630414
56,32753.65,668.1,0.4403,18563.25,employed,home_improvement,0.5066008759905476
21,38463.62,674.5,0.2883,36089.62,employed,debt_consolidation,0.7796844472101556
59,24056.15,677.0,0.184,2837.61,employed,business,0.2220938858642933
27,46636.46,821.8,0.3155,9836.48,self_employed,debt_consolidation,0.3241037661216585
50,61831.99,653.6,0.0982,3611.82,self_employed,business,0.23867826935208353
53,46005.79,768.8,0.1943,8116.85,employed,debt_consolidation,0.15519569606562536
45,21478.98,735.4,0.1231,24423.86,retired,debt_consolidation,0.4229474530555536
69,89378.3,664.1,0.3015,15393.78,employed,home_improvement,0.21473461946329367
61,89906.92,660.6,0.4593,7082.74,employed,home_improvement,0.2899058148132474
39,65186.11,710.9,0.477,6986.45,self_employed,debt_consolidation,0.5311927246300465
64,133432.09,738.6,0.1444,24601.68,self_employed,debt_consolidation,0.1689041130367711
28,27706.93,711.2,0.2288,21474.91,unemployed,debt_consolidation,0.8398260768979804
59,56722.99,618.4,0.391,15984.19,employed,education,0.4846691434243892
43,70200.53,697.4,0.1989,12498.49,employed,debt_consolidation,0.2807803091473022
65,48775.37,675.3,0.2784,10585.13,unemployed,home_improvement,0.5746527205101594
42,40626.16,715.5,0.1407,11825.97,employed,business,0.2544878727342072
46,76661.2,749.6,0.3624,14727.7,employed,business,0.3101336117501211
48,27821.42,619.8,0.2085,19317.74,unemployed,home_improvement,0.7971563617074983
47,36779.6,641.3,0.2907,5367.14,employed,debt_consolidation,0.41960869921499544
59,128497.95,746.5,0.2376,29126.83,self_employed,debt_consolidation,0.27158432100266316
68,68561.66,694.5,0.3694,11953.52,employed,debt_consolidation,0.2944880730641314
36,22966.45,664.1,0.4198,19844.93,self_employed,education,0.7160969654747231
36,25949.68,686.2,0.1625,60000.0,retired,debt_consolidation,0.8636712996712788
25,24390.22,633.5,0.51,18514.25,employed,education,0.7936257848684486
29,38158.58,620.3,0.316,13794.08,employed,debt_consolidation,0.6579485344338137
66,36007.73,729.0,0.0872,5948.72,unemployed,debt_consolidation,0.37373918597898137
38,38706.16,751.4,0.1389,14486.58,employed,debt_consolidation,0.24811381656550968
33,51936.15,711.4,0.1796,10148.59,employed,debt_consolidation,0.2997875641267563
30,35359.58,578.5,0.0353,6136.26,employed,debt_consolidation,0.4149260813514796
42,49269.79,645.6,0.2074,6984.86,employed,debt_consolidation,0.36095100677168673
53,231587.85,611.9,0.2916,8254.3,self_employed,business,0.19947558620322528
59,61240.89,617.3,0.1901,9906.11,employed,home_improvement,0.24389716687518848
30,66719.45,694.4,0.0509,12488.29,employed,debt_consolidation,0.24445760279136847
36,72693.96,713.1,0.3874,15234.31,employed,business,0.4572332767563463
30,44370.45,664.5,0.3144,10441.74,employed,education,0.4561767443438774
50,37330.45,588.2,0.0644,1593.72,employed,education,0.22445819451482618
58,32231.85,702.5,0.1745,6968.69,employed,home_improvement,0.15604162549385878
35,61150.74,720.7,0.166,21045.65,employed,business,0.3434643332117129
53,69337.0,833.5,0.2065,32943.74,employed,debt_consolidation,0.21880643128958444
46,60006.82,691.8,0.2575,5575.24,employed,business,0.27040842368095996
26,50155.61,693.6,0.1851,28568.98,employed,debt_consolidation,0.5603766014623773
61,115858.24,733.1,0.2461,7032.07,employed,debt_consolidation,0.11689214129308279
35,16741.19,734.6,0.5581,8536.27,self_employed,medical,0.7493246691547306
30,23384.12,604.9,0.0567,27300.1,unemployed,medical,0.9167110369052053
63,41855.65,616.0,0.4406,5177.75,unemployed,debt_consolidation,0.8245469468950392
55,68179.88,593.3,0.1596,8544.88,employed,debt_consolidation,0.3275341026983746
36,146154.84,797.4,0.091,22294.71,self_employed,debt_consolidation,0.1412272964736294
58,44342.62,623.7,0.2585,12521.55,self_employed,debt_consolidation,0.4968695624825313
52,61542.97,735.5,0.4244,8202.84,self_employed,home_improvement,0.3076039488910525
56,37102.42,714.8,0.0489,6422.83,employed,education,0.10370264180185368
51,44928.08,685.1,0.4088,11817.59,self_employed,debt_consolidation,0.54465006054531
48,94821.83,633.2,0.0943,7053.22,employed,home_improvement,0.1502397720045581
49,36097.26,726.9,0.0816,6881.31,employed,debt_consolidation,0.1588836736875122
61,60954.26,697.8,0.2107,5379.86,employed,debt_consolidation,0.17960240723595472
21,104998.23,691.4,0.2831,22384.08,employed,debt_consolidation,0.5042151863098587
21,26337.85,699.8,0.3659,17430.72,self_employed,debt_consolidation,0.7221475002695813
53,53672.34,705.8,0.4204,17789.64,employed,home_improvement,0.38800873009759773
47,109319.65,741.1,0.1858,13765.29,employed,medical,0.20915073444874083
25,46323.43,646.7,0.0934,27485.84,self_employed,business,0.6326423007578917
56,38250.17,660.8,0.2232,7136.52,employed,debt_consolidation,0.3018004260898971
36,38152.68,658.9,0.137,7619.3,unemployed,debt_consolidation,0.7073754431811389
63,25627.38,715.1,0.0603,38715.3,employed,business,0.36300033952409105
31,42672.05,787.8,0.2841,20519.41,self_employed,debt_consolidation,0.4500379288367362
27,45568.04,629.7,0.2878,4902.07,employed,debt_consolidation,0.5241755041294144
65,70902.21,653.0,0.114,16101.73,self_employed,business,0.2741842569581868
66,62399.93,668.5,0.3601,28593.07,employed,home_improvement,0.4280909129494752
37,22679.16,620.9,0.4633,2368.86,employed,home_improvement,0.566900059975612
24,15000.0,676.7,0.2132,25003.31,employed,education,0.5875114367686697
52,22885.51,682.3,0.2711,12491.3,employed,debt_consolidation,0.4023304421293725
22,72456.33,691.5,0.1292,13405.41,unemployed,debt_consolidation,0.7087333328920986
54,19879.16,674.8,0.3822,14660.44,employed,education,0.4590859369472172
31,15730.37,695.7,0.1358,14260.48,employed,business,0.3997338549707175
24,45876.54,618.4,0.1906,28381.56,self_employed,debt_consolidation,0.7651883053899478
36,59029.25,679.4,0.1944,43403.92,employed,business,0.6663183137890621
49,39906.47,742.7,0.2126,14106.61,unemployed,education,0.5544606617195772
35,24128.1,717.6,0.2515,17720.42,self_employed,home_improvement,0.4452392682743904
34,90264.93,630.2,0.2114,7368.59,employed,debt_consolidation,0.35926490928753874
25,40960.68,586.1,0.3543,3910.39,employed,debt_consolidation,0.666256572349043
22,39119.29,650.5,0.1772,6030.19,employed,home_improvement,0.35315064935236784
39,264501.03,689.9,0.1464,15598.87,employed,debt_consolidation,0.08360897776769231
57,76367.29,709.9,0.2179,22111.76,employed,education,0.2312417182177792
62,72321.19,636.8,0.1793,9120.0,retired,business,0.3049649393107643
34,45822.39,645.7,0.1239,9355.11,employed,home_improvement,0.2826539962431632
28,18672.46,698.0,0.1396,5792.21,employed,debt_consolidation,0.33182240603324986
25,58844.56,642.4,0.2724,17674.34,unemployed,debt_consolidation,0.8784205108228011
57,61744.86,664.1,0.01,6835.94,employed,education,0.10733787173652232
28,48873.03,604.5,0.2138,10806.37,employed,education,0.48447679372625874
63,69532.17,722.6,0.1483,5076.37,retired,debt_consolidation,0.15280467129220765
54,45729.97,668.9,0.2192,13460.02,self_employed,business,0.4028296827460724
34,35964.76,692.4,0.0888,7334.79,self_employed,home_improvement,0.2472494424190301
23,50877.95,642.6,0.1221,12953.24,employed,debt_consolidation,0.4507452378970715
43,50382.04,696.4,0.3477,3043.04,employed,debt_consolidation,0.3428914693755591
31,55141.06,672.7,0.2682,31024.75,self_employed,home_improvement,0.6388914758424216
52,69789.31,686.6,0.208,17292.38,unemployed,debt_consolidation,0.6757874897776336
40,56178.52,669.6,0.3867,26384.87,employed,education,0.5984434772952197
53,26232.84,646.7,0.1294,12913.14,employed,debt_consolidation,0.34059240283500397
33,43715.48,705.6,0.0953,32127.56,self_employed,home_improvement,0.45348381163356205
28,25742.55,716.0,0.1218,13295.85,unemployed,medical,0.7758655199510713
29,83901.83,605.5,0.5683,21438.06,employed,home_improvement,0.7757247513426557
26,49340.73,843.8,0.0667,11820.12,employed,debt_consolidation,0.1211696982778637
42,35507.52,692.4,0.3407,22065.41,employed,debt_consolidation,0.5728093531525645
32,64717.12,681.0,0.1217,22130.01,employed,debt_consolidation,0.40054061817677455
64,93508.69,674.8,0.3711,20830.83,employed,debt_consolidation,0.38695553304216646
37,49290.36,689.7,0.242,14818.86,employed,debt_consolidation,0.41619659249538865
36,52117.8,655.6,0.2458,28743.65,employed,debt_consolidation,0.6251311712051818
23,38628.59,650.9,0.119,16288.08,employed,debt_consolidation,0.4918318941004882
29,43996.03,719.3,0.0852,28029.36,self_employed,education,0.41839681007182045
25,153138.1,621.3,0.1925,7840.18,unemployed,debt_consolidation,0.6663383061552178
52,31243.26,738.4,0.3388,25305.81,unemployed,home_improvement,0.7476670706042212
40,26101.14,691.3,0.3014,11503.54,employed,debt_consolidation,0.45957485171189916
62,75949.8,689.5,0.4869,4032.01,employed,debt_consolidation,0.33516618860383873
65,45499.41,700.6,0.3764,20707.64,employed,home_improvement,0.34406802163469324
45,100089.05,631.5,0.205,13221.83,employed,debt_consolidation,0.3358344415138455
30,28442.34,708.6,0.1766,6393.58,employed,debt_consolidation,0.32209096983005786
22,42073.29,622.9,0.1416,4289.91,employed,debt_consolidation,0.4364255966790929
21,37387.34,669.8,0.1111,41585.26,employed,home_improvement,0.6338292730973274
50,32874.14,693.9,0.0393,15851.16,employed,debt_consolidation,0.23318819309478309
60,37863.33,672.2,0.4135,11390.47,employed,education,0.39046449957870677
39,45810.54,760.7,0.4111,18013.62,employed,debt_consolidation,0.4622102196719638
55,28257.14,761.9,0.1592,11999.67,employed,debt_consolidation,0.18150380400169946
50,99317.63,719.9,0.1693,16788.97,unemployed,debt_consolidation,0.5349900202309144
21,45510.08,732.3,0.1243,6003.4,employed,business,0.25284703891953875
24,22695.99,738.1,0.3314,36057.9,employed,home_improvement,0.6539245546556011
67,27100.42,619.2,0.2179,17740.92,employed,home_improvement,0.34938236932202643
27,22769.39,735.5,0.1062,5457.77,employed,debt_consolidation,0.24610005001777518
49,54053.1,643.0,0.1801,11387.4,unemployed,business,0.7062093981706734
43,31831.8,780.5,0.2446,10874.29,self_employed,debt_consolidation,0.2962533010159117
56,58114.4,660.5,0.5822,8589.62,unemployed,education,0.8315401056863343
44,137378.06,604.7,0.2384,6526.91,employed,debt_consolidation,0.28460951507186866
24,22796.15,597.1,0.1074,43068.54,employed,debt_consolidation,0.825395066902408
42,48155.22,765.1,0.5144,24024.77,employed,debt_consolidation,0.5860023736274891
21,55069.04,761.9,0.2895,13921.13,employed,debt_consolidation,0.39139303191229924
37,49593.19,668.3,0.1364,4822.11,employed,debt_consolidation,0.2742320234044331
49,47181.23,619.0,0.2683,16292.55,employed,education,0.452479114652243
22,49535.48,642.4,0.0642,12734.65,employed,debt_consolidation,0.4070131356722584
69,37739.71,771.4,0.4022,7259.3,employed,education,0.1697839940212838
38,44765.1,680.8,0.2873,4322.44,employed,debt_consolidation,0.3681531836389246
61,107730.5,733.7,0.1372,15921.46,self_employed,debt_consolidation,0.15738131557270157
63,22157.37,660.2,0.0662,26577.33,employed,home_improvement,0.2767648865678313
68,45001.06,601.5,0.0372,1997.11,employed,education,0.13365103233334202
55,73780.34,666.5,0.4503,6757.05,self_employed,education,0.41302370776936004
33,48135.76,689.0,0.1877,6946.99,employed,debt_consolidation,0.3189830917067253
22,17655.81,704.1,0.2888,22894.53,employed,debt_consolidation,0.6537972659378672
52,30312.49,776.6,0.3919,10580.48,employed,home_improvement,0.23590505315276905
52,109497.01,732.1,0.1517,11693.71,employed,debt_consolidation,0.12960958427019884
52,87938.54,746.6,0.0702,60000.0,employed,home_improvement,0.3858390419127047
58,49215.65,683.8,0.2029,12491.24,employed,business,0.2670006896580486
67,78121.58,652.0,0.0731,16934.62,employed,education,0.15055026451687095
39,31169.52,787.7,0.221,3704.05,self_employed,debt_consolidation,0.22964714566422492
37,39333.91,697.9,0.2905,10129.43,employed,home_improvement,0.32880543887376634
60,18622.1,747.5,0.1517,16844.01,unemployed,education,0.5035123282417253
24,54072.51,615.1,0.2988,20353.12,employed,education,0.6467261540257511
68,50148.88,671.5,0.2297,20108.84,self_employed,debt_consolidation,0.39840431287470385
64,69248.07,622.4,0.2052,15447.84,self_employed,debt_consolidation,0.4024446873566661
58,166983.91,659.5,0.1373,17536.94,employed,debt_consolidation,0.14690243646511006
41,32168.49,678.6,0.385,21699.6,employed,debt_consolidation,0.641961205353811
37,38929.66,754.9,0.2104,11008.51,self_employed,home_improvement,0.25292134633758556
26,57110.19,731.6,0.3948,20435.32,retired,debt_consolidation,0.6535030185242002
23,57951.72,653.3,0.4273,51637.24,employed,business,0.9121090136951536
37,88662.49,701.7,0.2086,15640.82,employed,debt_consolidation,0.30524798062082714
41,23821.4,711.4,0.216,5560.28,retired,home_improvement,0.289527783425426
50,17583.99,742.2,0.4704,9832.47,employed,debt_consolidation,0.45882952380547487
22,60030.37,652.1,0.1401,10759.11,unemployed,education,0.7152540929673329
62,44857.95,592.8,0.1255,11913.67,employed,business,0.3351177620995182
67,15000.0,723.1,0.4966,3699.46,employed,debt_consolidation,0.3685609787493611
55,15100.97,610.1,0.1304,10552.29,employed,debt_consolidation,0.3915837553201278
54,35552.29,694.9,0.1561,10221.56,employed,medical,0.30828171483702843
40,59258.08,636.6,0.3212,13727.77,employed,education,0.4643162743459046
25,34720.49,700.6,0.1168,15006.72,self_employed,medical,0.5357106664644199
48,58039.5,654.0,0.2514,10641.43,employed,home_improvement,0.29065231997549795
56,70500.15,590.7,0.093,9488.12,employed,debt_consolidation,0.28199733219862605
35,191697.12,747.6,0.3847,45034.78,retired,business,0.5562594038462018
64,39933.38,710.5,0.1583,11258.81,unemployed,home_improvement,0.4350743247239725
24,29422.98,745.9,0.3791,11354.94,employed,debt_consolidation,0.5055334478185577
59,19900.76,725.3,0.1805,56399.58,employed,debt_consolidation,0.6645442745694633
67,29992.15,758.6,0.3203,15836.42,self_employed,business,0.31861480499396516
43,17139.25,677.6,0.156,3974.03,employed,debt_consolidation,0.2928202311741457
46,51790.35,771.4,0.2959,12657.42,self_employed,home_improvement,0.24354634232735056
37,18217.55,716.3,0.3096,13682.27,employed,business,0.46928485014465965
30,63951.1,647.1,0.0837,15057.11,self_employed,debt_consolidation,0.4402914160651696
37,42990.63,689.3,0.1124,56170.16,self_employed,debt_consolidation,0.7840758428702793
26,34707.42,753.1,0.3558,39761.06,self_employed,home_improvement,0.7152867164017779
45,57414.29,693.9,0.5111,7474.56,employed,debt_consolidation,0.5072004652051455
39,40476.12,635.8,0.2181,16137.83,employed,education,0.44345486044418253
51,63391.28,746.8,0.5046,3999.03,employed,debt_consolidation,0.32976475472142686
60,63280.8,660.9,0.0406,22868.03,employed,medical,0.3139728045940896
33,52378.45,734.1,0.3096,18559.91,employed,home_improvement,0.3596694765432694
32,44954.66,735.9,0.3589,13775.56,employed,home_improvement,0.3688261368199347
27,135668.47,569.2,0.134,7143.25,unemployed,debt_consolidation,0.7186034094909942
57,42162.03,713.3,0.3688,22326.96,self_employed,debt_consolidation,0.5406284650033022
38,74163.8,783.3,0.1702,13136.65,employed,debt_consolidation,0.17180865858713046
45,61703.2,576.1,0.3964,18578.39,employed,home_improvement,0.6371227167199893
24,39206.36,706.3,0.2384,3181.49,employed,home_improvement,0.2754953748120514
28,43664.28,633.3,0.02,29647.78,self_employed,debt_consolidation,0.6119917827916193
21,38516.55,599.9,0.192,24824.11,employed,home_improvement,0.65407788866007
58,46484.09,744.3,0.5959,5106.83,unemployed,education,0.7165179197131688
54,33258.6,676.9,0.2154,20782.33,self_employed,debt_consolidation,0.49109975359923896
29,15333.07,649.8,0.1908,35855.95,employed,debt_consolidation,0.7510000644455862
45,46503.88,759.7,0.2448,23509.72,employed,debt_consolidation,0.34677726414939475
50,38815.34,668.5,0.3423,26083.87,employed,home_improvement,0.5193543763815208
44,97337.71,645.8,0.194,50689.23,employed,home_improvement,0.6044391822502387
27,84534.83,688.8,0.0879,12883.69,employed,debt_consolidation,0.2656968804025666
61,63817.97,650.0,0.1563,43244.37,self_employed,business,0.6178603183925446
40,27774.16,714.9,0.3912,28937.4,self_employed,debt_consolidation,0.7293092254794727
37,69758.05,697.8,0.5878,24238.26,self_employed,debt_consolidation,0.7929509081807746
67,214573.4,738.0,0.045,25230.31,employed,home_improvement,0.036222787237849295
69,135441.53,712.8,0.3331,10391.82,employed,debt_consolidation,0.14745999281240638
45,25763.61,738.0,0.2942,15070.19,employed,education,0.31550534630249005
62,41630.37,761.5,0.2045,14716.71,employed,debt_consolidation,0.18417415888053534
45,52400.6,675.0,0.136,13813.25,self_employed,business,0.3604343920805278
34,15244.89,772.6,0.4125,10890.92,employed,business,0.4485424784896303
45,30098.23,588.0,0.1504,11251.31,employed,home_improvement,0.39029183260294514
22,28953.14,573.1,0.1274,3672.4,employed,debt_consolidation,0.5352086085724888
61,166038.96,593.0,0.01,9099.61,employed,business,0.10429182049505949
61,17846.0,642.0,0.1625,8843.03,unemployed,debt_consolidation,0.6827236586014892
67,54109.19,699.0,0.0433,16239.7,employed,home_improvement,0.1088271522540398
55,43551.46,758.8,0.2527,15374.91,employed,debt_consolidation,0.2433365080115788
64,64175.18,642.5,0.1929,8225.9,unemployed,debt_consolidation,0.6012270510636771
26,153989.89,703.7,0.0614,37916.82,employed,debt_consolidation,0.33227646582119397
67,30083.93,776.8,0.0991,4236.67,employed,home_improvement,0.0575480705189611
55,95674.41,676.5,0.385,8677.61,self_employed,education,0.32127939455666976
48,102233.18,597.2,0.1134,14916.14,employed,debt_consolidation,0.31844125425893255
65,95933.5,760.5,0.5096,12092.98,self_employed,home_improvement,0.25176640698447544
31,53393.87,592.7,0.0476,9325.75,self_employed,debt_consolidation,0.46431476298914043
35,66827.46,601.3,0.3413,8969.53,employed,debt_consolidation,0.580055011484632
50,119363.41,617.9,0.1965,3533.03,employed,debt_consolidation,0.21759201172798026
22,36153.17,732.8,0.3077,4289.82,employed,home_improvement,0.30889015270780856
69,30380.96,687.5,0.4518,27895.73,employed,debt_consolidation,0.6030931397318868
47,73480.82,638.7,0.2938,16005.77,employed,debt_consolidation,0.46538523736741544
27,35770.03,589.0,0.4158,12221.93,employed,business,0.770044496688802
65,21730.61,615.2,0.0804,6290.24,employed,debt_consolidation,0.2491727439150112
51,51182.79,683.3,0.364,41587.84,employed,education,0.6585748280222032
56,97368.5,720.8,0.4817,17063.51,employed,home_improvement,0.3113411420148499
61,57882.16,620.7,0.2988,9961.52,employed,business,0.39019741358042714
22,21234.46,752.6,0.0358,13099.52,employed,home_improvement,0.19491784148963795
40,77569.58,704.1,0.1137,58868.31,employed,debt_consolidation,0.6603665730997591
55,44567.43,622.1,0.2639,9828.87,employed,medical,0.4998193953062884
34,23403.27,688.9,0.3356,47891.68,self_employed,home_improvement,0.8295602901257456
41,88493.4,688.3,0.3944,6289.36,employed,debt_consolidation,0.36607111729007275
41,21615.83,694.2,0.3246,8235.19,employed,debt_consolidation,0.44387624506669376
28,16681.01,736.8,0.2789,2124.8,unemployed,education,0.6531306407373787
56,15000.0,705.0,0.5005,10675.05,self_employed,business,0.6012431871104822
66,57941.81,713.2,0.3212,10470.13,employed,debt_consolidation,0.24677822265093016
33,72239.81,733.7,0.1735,13168.85,employed,debt_consolidation,0.25559467556379256
28,76515.61,677.8,0.2367,8350.13,employed,medical,0.44102259472059757
40,181011.34,704.9,0.2583,3096.38,employed,debt_consolidation,0.1195674553858048
36,23175.84,602.9,0.4136,16226.78,employed,debt_consolidation,0.7675613369864983
69,144795.0,637.0,0.2469,5537.81,unemployed,education,0.37615189656734677
37,37653.28,673.3,0.1466,16974.69,employed,home_improvement,0.3238447933239207
34,88027.42,729.9,0.2282,10071.68,employed,home_improvement,0.18350314044230184
42,83398.15,692.1,0.3562,4029.24,unemployed,home_improvement,0.5986199538108561
59,51084.9,795.5,0.2125,4046.91,employed,debt_consolidation,0.10250257230510318
63,32217.65,837.6,0.1248,33225.49,employed,debt_consolidation,0.18229042311904894
55,24965.54,741.8,0.3725,24511.94,employed,home_improvement,0.3956594530438833
38,18026.71,756.9,0.1268,31684.21,self_employed,debt_consolidation,0.4969893568454991
46,92878.61,643.3,0.0565,9896.59,employed,debt_consolidation,0.1986162907167462
27,85707.46,677.3,0.0879,6632.04,employed,education,0.18410024762398566
64,46087.12,759.7,0.3508,13748.61,unemployed,medical,0.6894715915937693
42,39107.33,674.7,0.1791,5565.23,employed,debt_consolidation,0.29631569714609085
36,65110.28,740.0,0.3551,42242.07,unemployed,debt_consolidation,0.9079580857968825
24,22154.29,607.2,0.0296,25649.64,employed,debt_consolidation,0.6174730091098747
57,43794.21,671.8,0.2383,7491.54,employed,debt_consolidation,0.2853834798555167
64,45176.86,618.3,0.03,14386.49,employed,debt_consolidation,0.24466753042881698
49,21145.75,625.2,0.2422,3111.4,unemployed,business,0.7577523165325093
47,143834.77,650.5,0.408,8293.13,employed,debt_consolidation,0.3302279083461783
60,19886.59,799.0,0.2184,14030.06,retired,debt_consolidation,0.23209481200624857
66,41107.97,721.8,0.1628,20350.8,employed,business,0.22946451181047436
34,25954.89,830.3,0.4816,14087.76,unemployed,debt_consolidation,0.7750206900267145
61,37700.17,699.2,0.1098,7282.72,employed,debt_consolidation,0.16529874619251891
68,63317.06,657.3,0.185,22855.14,employed,debt_consolidation,0.3215579967305365
40,30759.63,706.5,0.3102,3107.56,employed,home_improvement,0.268915870604559
48,54903.52,676.3,0.1344,7887.15,self_employed,education,0.2343248177016306
26,32291.47,803.4,0.2055,26585.42,employed,home_improvement,0.3086461555444788
40,53610.24,679.5,0.3392,8970.03,employed,debt_consolidation,0.43371386413501617
63,23966.16,564.5,0.1885,11809.6,employed,business,0.4713323685604733
36,96940.01,746.0,0.1368,41316.95,employed,debt_consolidation,0.4090546569912202
62,58417.08,754.5,0.1656,8083.19,employed,education,0.0936012053226595
38,40798.9,646.8,0.2224,21232.77,employed,home_improvement,0.4646261629308729
47,26828.9,735.3,0.0805,15708.65,employed,home_improvement,0.16635426186536514
47,55968.83,658.8,0.01,4039.41,employed,debt_consolidation,0.16140760389323153
47,35817.06,610.2,0.5382,10444.46,employed,debt_consolidation,0.7302484460158655
54,114926.56,617.4,0.1593,10626.42,employed,debt_consolidation,0.23857132721050636
47,81526.74,720.5,0.1217,8819.2,employed,medical,0.1994143391419426
33,50525.18,724.2,0.3891,17106.75,employed,home_improvement,0.4327453984549526
63,107598.93,789.9,0.124,17208.23,self_employed,business,0.10409982924108657
54,39432.22,824.0,0.2417,6410.11,employed,debt_consolidation,0.12157663492980508
47,119908.55,626.9,0.1621,7909.23,employed,business,0.2232965760626269
56,54846.43,674.8,0.2356,8302.28,employed,home_improvement,0.2061280186763344
32,120433.87,618.0,0.1855,4925.47,employed,debt_consolidation,0.2936299194490353
33,55934.64,687.6,0.121,5178.83,employed,debt_consolidation,0.24628673504076698
30,21695.89,699.4,0.1382,10818.82,employed,medical,0.4384352185211247
58,121223.03,613.7,0.3427,12448.0,employed,debt_consolidation,0.365997108662434
66,58631.97,668.4,0.1684,3503.68,employed,business,0.16202062837896897
57,41310.33,747.9,0.174,29091.89,self_employed,home_improvement,0.29873759210944556
69,31300.92,698.2,0.1416,10901.79,employed,business,0.18310385042636845
61,46630.36,658.4,0.1358,22846.58,employed,home_improvement,0.266934620952101
45,47184.25,760.1,0.1379,38967.71,employed,business,0.403261455853161
57,180267.3,732.4,0.0979,30398.3,employed,business,0.11874099056851704
24,72147.47,679.4,0.1743,13390.95,unemployed,home_improvement,0.6745002242283263
46,15000.0,694.5,0.2117,28868.93,employed,business,0.5404499019674335
54,20169.27,683.3,0.3071,1244.91,retired,home_improvement,0.30901938729895845
61,103558.06,702.7,0.3322,22348.46,employed,home_improvement,0.24584930229719584
67,25382.49,635.4,0.3324,12689.38,employed,debt_consolidation,0.45733451316307827
36,74409.43,682.8,0.0801,8559.55,employed,debt_consolidation,0.21475531475702975
63,29108.27,639.1,0.2884,21370.18,employed,debt_consolidation,0.5172448974103132
27,76275.73,609.8,0.1718,21788.67,self_employed,home_improvement,0.5569118972248981
68,55725.25,668.0,0.1916,60000.0,retired,home_improvement,0.686559375434904
57,41561.8,613.7,0.1518,33986.42,unemployed,home_improvement,0.821420475853964
35,18140.16,694.9,0.3069,18080.24,employed,home_improvement,0.47796980121124033
44,40911.85,750.8,0.3388,8676.65,employed,education,0.2535870378521248
66,82926.38,600.7,0.1155,27385.23,employed,debt_consolidation,0.37898803055266134
38,40516.24,615.8,0.1145,10184.12,self_employed,debt_consolidation,0.47680493015373426
69,67869.47,691.4,0.1916,10410.17,unemployed,home_improvement,0.4087931655733927
36,24643.63,512.9,0.0626,4946.31,employed,debt_consolidation,0.5354903368604557
21,56324.56,693.5,0.1843,6743.59,employed,education,0.2886859353953741
36,50430.68,713.0,0.3158,58974.55,employed,business,0.8308423133770154
46,46937.12,580.4,0.2209,45668.78,employed,home_improvement,0.7591385276461293
45,36289.12,717.8,0.1702,7656.22,employed,debt_consolidation,0.23684367530802783
55,57131.97,633.0,0.3073,23564.2,self_employed,debt_consolidation,0.6265866702551403
56,75544.56,679.9,0.2397,12593.87,employed,home_improvement,0.2049295778723411
31,54415.81,750.3,0.146,8633.5,employed,debt_consolidation,0.2151847468057565
30,25658.0,657.8,0.167,15692.1,retired,education,0.5145863181273077
62,33209.15,739.4,0.0479,11780.76,employed,debt_consolidation,0.12660491561184622
37,47391.25,703.6,0.3283,7548.84,employed,home_improvement,0.3110249425614354
45,18187.62,703.9,0.0484,31486.33,employed,home_improvement,0.32796967111644915
46,55696.86,694.2,0.2485,60000.0,employed,debt_consolidation,0.786221418712393
30,19596.57,709.7,0.167,6820.05,unemployed,debt_consolidation,0.701894330651855
29,77700.13,581.7,0.1097,18276.04,self_employed,home_improvement,0.5040254010221693
24,54256.59,608.4,0.0398,14944.85,employed,business,0.44455537287137864
39,30909.15,606.4,0.142,28798.32,employed,home_improvement,0.5620005132295327
27,61645.78,644.0,0.2071,4757.65,unemployed,debt_consolidation,0.7554955992279705
61,31612.65,594.8,0.2165,10338.53,employed,medical,0.5071363816333188
61,103418.14,740.6,0.4828,29843.32,retired,debt_consolidation,0.5358663501883738
23,44245.05,731.7,0.4086,8873.17,employed,education,0.43665083210520916
65,39055.58,650.1,0.0331,6120.05,employed,education,0.12374405158400674
58,31773.98,632.7,0.2126,7394.8,unemployed,debt_consolidation,0.7119646630363106
27,41432.27,708.2,0.2435,10558.94,self_employed,home_improvement,0.39110340896979007
69,18802.33,694.8,0.4301,7225.33,employed,debt_consolidation,0.3803293422717848
33,32797.09,737.1,0.3083,6982.64,self_employed,home_improvement,0.34501695194236703
63,70561.71,620.7,0.0976,32350.39,employed,debt_consolidation,0.4175614328578244
60,38504.1,682.8,0.0803,28264.65,employed,home_improvement,0.2550449479536417
35,48240.55,694.9,0.1756,7157.62,employed,business,0.28819647452817615
61,16083.88,544.6,0.1812,19642.02,retired,home_improvement,0.6063980091824019
53,92191.6,662.1,0.3085,7129.52,employed,debt_consolidation,0.2866078730179934
35,56678.0,716.5,0.5009,17110.67,self_employed,home_improvement,0.5939312131737671
30,41376.12,667.9,0.1843,36112.46,employed,education,0.6092418511835094
49,20524.5,689.0,0.3963,8624.25,employed,debt_consolidation,0.47899639627395196
53,59445.98,644.9,0.3761,12929.85,employed,business,0.48304602449172845
21,68967.6,736.1,0.0554,31150.19,self_employed,home_improvement,0.36982574905095056
53,84976.88,725.0,0.3962,7686.51,employed,medical,0.33972180173572475
49,61742.81,737.7,0.3587,15513.2,unemployed,home_improvement,0.6394904097696599
43,81229.02,588.9,0.2379,8294.81,employed,debt_consolidation,0.43414030580497803
52,124725.8,628.2,0.1802,5814.22,employed,home_improvement,0.14549927896336562
48,44856.8,658.8,0.0827,19129.23,employed,debt_consolidation,0.33354094694639774
35,41208.11,653.4,0.2099,7495.03,employed,business,0.3997092810044837
42,23738.89,710.6,0.1846,40908.2,employed,home_improvement,0.5320344581815001
41,57281.23,632.2,0.2249,13265.45,employed,debt_consolidation,0.45296889714212474
29,72784.13,673.0,0.0567,8942.86,employed,debt_consolidation,0.24508490379559236
37,31868.04,624.5,0.2829,18129.33,employed,home_improvement,0.5493411229912009
30,56412.8,615.7,0.289,3803.31,self_employed,debt_consolidation,0.5745751344640483
23,111848.97,643.7,0.1789,25482.32,employed,debt_consolidation,0.5090161893910918
40,38784.14,649.1,0.473,10511.38,unemployed,home_improvement,0.8578899949740354
60,83361.15,653.3,0.08,7637.66,employed,debt_consolidation,0.15314831380076127
35,151836.35,692.4,0.2757,4326.11,employed,debt_consolidation,0.18983906485940294
22,53503.98,726.3,0.5656,10760.24,retired,education,0.667599203790275
57,100657.53,676.7,0.1981,7528.22,employed,debt_consolidation,0.17579735978069214
33,30519.45,745.6,0.0969,7712.69,self_employed,home_improvement,0.19818885938574912
61,51090.9,605.3,0.129,36816.76,employed,debt_consolidation,0.5688158908776916
32,61205.73,734.9,0.3829,13491.59,employed,home_improvement,0.3574475884395494
23,32081.52,739.6,0.2568,15987.74,employed,business,0.45272290378926205
39,44745.65,728.8,0.1682,32342.21,unemployed,home_improvement,0.736731031614345
60,39586.12,625.7,0.5058,26641.57,employed,business,0.7523311509014009
57,46191.22,593.0,0.1082,18997.44,self_employed,debt_consolidation,0.4914463715627105
48,18215.33,672.1,0.1264,17476.16,unemployed,medical,0.7995029768615449
48,66367.46,690.9,0.2573,16260.89,retired,home_improvement,0.344943007878459
69,37851.93,695.7,0.1934,7590.47,retired,debt_consolidation,0.24438587468421108
54,15000.0,693.4,0.0574,22222.24,employed,medical,0.3830605520395838
41,135524.48,664.4,0.0625,19467.14,employed,debt_consolidation,0.20460478610616192
60,41822.6,734.1,0.2315,5197.98,employed,debt_consolidation,0.1752858561233692
52,143710.83,614.5,0.1951,11059.78,self_employed,debt_consolidation,0.2917958547826283
52,42561.22,747.1,0.229,60000.0,unemployed,business,0.9126477130579203
42,158471.79,841.3,0.4741,37091.67,employed,home_improvement,0.2589568942522842
46,26440.85,702.0,0.3768,3014.75,employed,debt_consolidation,0.38554682106069
54,47980.96,650.5,0.5204,5979.98,employed,debt_consolidation,0.5495826085169894
41,54797.9,663.4,0.1282,21382.48,employed,debt_consolidation,0.40167013393332074
62,29956.02,688.2,0.305,8367.25,employed,home_improvement,0.24342492013187214
48,39595.56,708.3,0.2186,25453.68,employed,debt_consolidation,0.43199214290852983
29,77345.24,654.3,0.2892,27970.8,self_employed,education,0.6458653174707495
69,84235.06,743.5,0.1474,35203.61,employed,debt_consolidation,0.23406249757835368
44,34754.34,792.0,0.2203,9158.97,self_employed,debt_consolidation,0.24001240799402535
32,50607.04,772.4,0.1982,17690.36,employed,debt_consolidation,0.292095462906977
26,115085.04,712.6,0.2825,5046.39,unemployed,home_improvement,0.5320295531329395
37,34048.55,661.8,0.2701,6766.72,employed,education,0.3691226691098644
23,87042.44,678.8,0.2484,8335.45,employed,debt_consolidation,0.37687374080316394
29,50293.28,634.0,0.291,14299.74,self_employed,debt_consolidation,0.6644851548055034
47,62853.21,757.8,0.235,9582.5,self_employed,home_improvement,0.18462845728293903
56,35530.0,723.4,0.0382,19832.57,self_employed,home_improvement,0.18689524620468284
38,67274.79,686.9,0.2838,5379.84,self_employed,debt_consolidation,0.39212501358223617
49,127806.49,625.0,0.307,6082.17,self_employed,home_improvement,0.27770282155381126
58,60113.9,688.5,0.217,4969.61,self_employed,debt_consolidation,0.2534972596600554
32,54543.69,629.8,0.1747,7714.6,employed,debt_consolidation,0.4102338430648544
60,66488.8,633.6,0.2321,5537.84,employed,education,0.219274950441115
45,72289.69,754.3,0.1998,45166.95,employed,business,0.48239826310095557
42,68662.2,654.5,0.0816,20947.45,retired,debt_consolidation,0.4223440570443199
50,17649.76,708.8,0.3954,15744.81,employed,home_improvement,0.42543989942028115
40,62846.54,614.9,0.0567,19713.38,employed,home_improvement,0.3164852661147777
51,28527.16,653.4,0.3706,7238.74,self_employed,home_improvement,0.4626599259247942
61,38708.89,672.4,0.3475,10112.83,self_employed,business,0.4486792150505066
53,15000.0,693.3,0.2934,7406.14,employed,debt_consolidation,0.3608753005611763
24,35681.54,793.4,0.1404,17213.81,retired,home_improvement,0.26796998046646875
65,23151.19,655.3,0.1453,25873.17,employed,education,0.34389953763249487
61,77070.1,713.8,0.2311,11612.68,employed,home_improvement,0.14199818628903457
43,47728.58,800.2,0.2576,7389.82,employed,debt_consolidation,0.17781688733058498
48,135993.79,650.8,0.1592,6252.93,employed,home_improvement,0.11969279400588692
60,60290.15,778.3,0.0874,16567.42,employed,debt_consolidation,0.11397483769176059
53,78567.53,570.1,0.1363,17771.93,employed,home_improvement,0.34346817068177987
51,71947.49,691.9,0.1147,12395.93,self_employed,debt_consolidation,0.25080577506162555
55,28983.87,645.0,0.0574,7787.4,unemployed,business,0.5862779504763487
66,44124.67,675.5,0.4063,2931.02,self_employed,debt_consolidation,0.3889680390903974
45,98625.93,674.4,0.2155,6947.41,employed,debt_consolidation,0.228932877959541
49,27908.39,652.6,0.0502,20112.04,retired,debt_consolidation,0.4321139421503586
24,62271.12,676.6,0.132,16114.92,employed,debt_consolidation,0.40280423937192616
29,18287.49,602.6,0.1857,13242.48,employed,home_improvement,0.5237530258220237
46,109261.46,679.1,0.2444,11852.77,employed,debt_consolidation,0.2596618508601537
41,44976.88,625.9,0.105,35533.15,employed,debt_consolidation,0.6153198971455232
57,97449.54,701.6,0.317,15257.72,employed,debt_consolidation,0.2765602230080688
23,58927.24,678.0,0.2795,21405.71,employed,debt_consolidation,0.5949344449180604
67,41908.04,665.1,0.1617,32373.13,employed,home_improvement,0.3403648997913179
22,87325.96,653.6,0.1193,52170.62,employed,business,0.7439685071024519
54,76311.02,742.2,0.3684,25648.51,employed,debt_consolidation,0.398425751308265
39,26910.22,699.0,0.3579,26768.74,retired,home_improvement,0.646159594742551
43,42084.22,659.4,0.1134,11881.98,employed,education,0.25961714948518294
43,23095.35,694.7,0.4112,9845.25,self_employed,business,0.5882486054480907
25,41523.22,569.5,0.1678,19562.8,employed,business,0.6873892228088296
69,31783.76,691.1,0.0382,46371.23,employed,home_improvement,0.34006993576334565
38,15191.02,714.4,0.3134,22004.32,retired,education,0.5812912150386663
53,62511.75,735.7,0.1807,27559.61,employed,home_improvement,0.23530680133798051
56,53270.42,640.4,0.4124,19221.59,employed,education,0.5199021857446119
41,64441.17,666.0,0.4208,14307.81,employed,debt_consolidation,0.5587923408420521
33,19018.41,729.7,0.342,52716.28,employed,home_improvement,0.780556246255298
51,40205.24,649.7,0.0803,12121.07,employed,medical,0.34707721572757116
40,22164.29,736.9,0.456,36873.83,self_employed,debt_consolidation,0.8074945309205056
27,63634.67,741.8,0.2033,19255.04,self_employed,home_improvement,0.34447746611225966
41,26011.47,636.4,0.2359,24258.19,employed,business,0.6235514878423479
24,54241.19,682.1,0.2007,7222.11,employed,home_improvement,0.29527631634613805
55,111585.81,652.7,0.1727,8470.71,retired,debt_consolidation,0.24468214486235013
53,41422.24,734.3,0.0865,11213.14,employed,education,0.12599824982120042
58,17489.02,742.2,0.1204,16132.47,unemployed,business,0.556571576019046
24,56588.23,633.9,0.0789,9533.58,self_employed,home_improvement,0.3614168946950196
23,60020.87,755.5,0.275,25924.94,employed,home_improvement,0.4035834389601957
28,112357.66,574.7,0.1075,15714.9,employed,home_improvement,0.3556905441668297
42,207838.07,703.4,0.289,15453.19,unemployed,debt_consolidation,0.48482302508999314
21,42899.66,614.0,0.1947,18870.86,employed,debt_consolidation,0.651188176008385
24,27529.05,703.3,0.106,22993.22,employed,debt_consolidation,0.47052499953264004
49,20767.02,745.6,0.1445,16908.55,employed,business,0.25630470265175187
47,88969.77,606.7,0.4632,24058.88,self_employed,business,0.7645290526770996
22,94238.89,666.1,0.0157,4451.64,retired,education,0.20150710222731524
42,100478.7,635.5,0.3946,15675.46,self_employed,home_improvement,0.5115206530837776
47,26905.27,677.4,0.4029,21397.67,self_employed,debt_consolidation,0.7000819944948076
68,33712.77,707.9,0.1019,5432.25,employed,business,0.12633196790757592
25,103813.95,660.7,0.1616,9966.33,employed,home_improvement,0.24071053161937198
50,40280.87,625.2,0.2066,12169.24,self_employed,home_improvement,0.405773805067359
37,29058.57,711.8,0.4027,5550.95,retired,home_improvement,0.4501919824773365
68,54318.86,651.5,0.281,15905.74,employed,debt_consolidation,0.3573213852726543
56,24224.76,679.7,0.3902,8012.21,employed,home_improvement,0.351864837478452
50,37590.93,695.9,0.025,7197.38,unemployed,debt_consolidation,0.47450627146614077
30,54543.31,704.1,0.222,16708.57,employed,debt_consolidation,0.4193786595903417
26,67680.6,701.4,0.0981,3272.66,self_employed,debt_consolidation,0.26332968793075046
56,80036.09,718.6,0.1819,33966.27,employed,debt_consolidation,0.350658214159699
63,25983.53,650.8,0.0387,12656.82,employed,debt_consolidation,0.22517884117054165
28,70004.1,674.2,0.1964,13467.55,unemployed,education,0.7025442491434837
24,66762.8,713.6,0.4277,8679.02,unemployed,business,0.8253804631413246
57,43966.14,726.0,0.255,10695.69,employed,debt_consolidation,0.24470888890248196
50,61777.89,731.6,0.2861,5455.83,unemployed,home_improvement,0.4797241217707426
24,42935.0,672.9,0.338,14827.98,employed,debt_consolidation,0.6121839058189797
52,141310.55,787.0,0.115,19234.86,employed,debt_consolidation,0.08508204804527565
53,33635.0,671.2,0.1153,6305.97,employed,business,0.22239068853618413
48,71430.06,712.5,0.0378,10820.34,employed,education,0.10982621253830382
56,25393.97,729.9,0.228,7123.94,self_employed,education,0.2272960570610374
45,41258.16,764.2,0.4466,46988.87,employed,home_improvement,0.6688778957735684
25,79309.14,728.5,0.2045,7309.14,unemployed,debt_consolidation,0.6234734641567009
50,29419.24,665.4,0.2321,26222.22,employed,home_improvement,0.4486120404290518
47,23094.04,667.4,0.037,10005.98,retired,debt_consolidation,0.31607468136021694
42,40252.15,524.5,0.2276,19284.09,unemployed,home_improvement,0.8976276254863477
61,69768.71,680.8,0.0819,9013.73,employed,home_improvement,0.10622549021356349
68,22408.77,765.6,0.2108,39301.78,employed,home_improvement,0.30816080222043013
66,56769.63,715.9,0.3014,6485.12,employed,home_improvement,0.15053934237414526
49,50170.74,617.2,0.0342,9353.35,self_employed,debt_consolidation,0.32390343520516196
24,48654.62,589.1,0.0378,17242.62,retired,home_improvement,0.5111068759072478
23,65524.77,717.3,0.2787,56565.36,unemployed,debt_consolidation,0.9556165388127471
25,89178.62,627.8,0.2066,16823.47,employed,home_improvement,0.4150383023067849
64,105458.53,647.7,0.1035,4648.59,employed,debt_consolidation,0.12195768666103299
69,99699.57,661.9,0.2861,10786.83,employed,business,0.2197677934320275
30,15000.0,662.4,0.177,18323.78,employed,education,0.48034776569440435
40,56048.79,721.2,0.2143,8494.25,employed,debt_consolidation,0.2586031674324991
62,92302.05,691.9,0.1881,19502.64,self_employed,business,0.2763178305909771
29,35729.76,676.2,0.3022,8410.01,employed,debt_consolidation,0.4963164727798354
38,20116.93,717.2,0.2983,27655.62,employed,education,0.529809215637563
52,51052.22,736.7,0.4394,53062.98,employed,home_improvement,0.7122824936443053
24,51391.28,741.6,0.2138,26792.57,employed,home_improvement,0.3966405977847997
42,132045.71,593.7,0.2154,6987.58,self_employed,business,0.36664115989491636
53,29886.92,739.4,0.3744,15457.73,employed,debt_consolidation,0.3993668440327267
23,107343.97,772.1,0.1484,15312.0,employed,debt_consolidation,0.19585287489201095
53,139780.99,670.7,0.2538,19574.6,self_employed,home_improvement,0.2504655607172446
21,27065.79,720.4,0.2463,6107.44,employed,debt_consolidation,0.40320961078328704
53,34620.33,759.1,0.169,4963.46,self_employed,education,0.14859788543808272
59,80378.45,663.5,0.1579,11948.54,employed,home_improvement,0.16078213964391116
47,49198.7,739.5,0.0741,5565.69,unemployed,debt_consolidation,0.41396147893709745
62,58209.58,738.7,0.2275,13799.35,employed,debt_consolidation,0.19639840676308953
58,141711.98,626.9,0.2796,50060.99,unemployed,home_improvement,0.8501564012210375
61,60779.74,812.9,0.0754,10736.04,employed,debt_consolidation,0.06789716365763226
51,56948.68,669.1,0.039,5368.37,unemployed,home_improvement,0.38373693465001213
47,25550.61,663.2,0.1552,19298.83,self_employed,debt_consolidation,0.5013393238262576
47,30036.41,628.3,0.2639,14673.1,employed,debt_consolidation,0.5304740546820361
48,80638.22,633.2,0.1877,8084.51,unemployed,home_improvement,0.5757758590640615
35,15910.07,588.3,0.3932,38922.9,employed,debt_consolidation,0.9058195485167885
68,42478.55,674.6,0.2908,18962.44,employed,business,0.3716283576050192
58,36041.27,644.2,0.0408,18419.82,employed,debt_consolidation,0.28728705988198155
56,19521.38,637.2,0.5024,58671.16,employed,business,0.931217424365525
43,42242.61,593.6,0.1076,6258.31,employed,education,0.30598067124563166
36,65194.25,703.2,0.1128,23087.36,employed,debt_consolidation,0.3431580982662415
25,87289.79,722.3,0.3259,9226.46,employed,debt_consolidation,0.36343472655650305
23,25071.25,776.0,0.2448,24196.76,employed,business,0.47484670897767145
34,64820.68,698.3,0.1357,17034.41,employed,home_improvement,0.24837961343085568
23,38431.83,614.4,0.203,27383.23,retired,business,0.7873603234052603
39,52498.56,647.0,0.5782,17761.34,employed,debt_consolidation,0.770823814646774
36,18495.0,690.6,0.1355,5167.22,employed,debt_consolidation,0.29768022091340934
32,77645.51,690.4,0.2012,6525.37,employed,medical,0.34808068879205906
36,56075.6,635.8,0.5512,17958.2,unemployed,business,0.9413794376392917
39,116840.18,651.2,0.2775,7202.36,self_employed,business,0.3637706884406933
57,36612.07,725.5,0.1148,9633.49,employed,home_improvement,0.122504949281572
62,57868.07,635.3,0.187,3438.88,employed,business,0.22395665888378674
33,33341.7,662.5,0.3545,14092.85,employed,debt_consolidation,0.6084954243642898
42,85859.8,820.3,0.1642,23323.91,employed,home_improvement,0.12062846010019129
67,21417.16,637.0,0.4944,32395.52,employed,home_improvement,0.7064712144136609
41,68372.17,625.5,0.1739,13589.19,unemployed,business,0.7572206694609589
40,15196.49,724.0,0.1532,16803.54,employed,debt_consolidation,0.35084002613821547
66,58943.05,628.4,0.0449,45225.88,retired,medical,0.6570555865606197
67,162639.48,684.6,0.173,2770.04,retired,debt_consolidation,0.09384109605915832
39,23618.17,742.9,0.0362,3905.93,unemployed,education,0.38128259176152307
53,43018.42,626.5,0.2776,8009.04,employed,education,0.3508453414627799
36,46672.98,614.3,0.2507,43325.25,employed,debt_consolidation,0.8160489289994193
37,112989.26,610.4,0.281,16306.44,employed,debt_consolidation,0.48556021378878766
69,41692.3,690.8,0.3757,36726.51,employed,education,0.5305540612297669
21,39301.63,653.1,0.0382,23676.72,employed,education,0.43297780148809545
40,89000.56,704.2,0.1907,35340.8,employed,debt_consolidation,0.46399429176188195
68,25819.52,695.9,0.0445,10692.08,self_employed,debt_consolidation,0.1906881501443428
38,72211.58,570.9,0.3753,24077.4,employed,business,0.7631144786358746
58,20365.37,630.2,0.1912,15426.24,employed,home_improvement,0.344111768525281
40,58565.56,731.1,0.0972,4786.51,employed,debt_consolidation,0.15271384669223828
36,51800.9,731.8,0.1775,4711.99,employed,debt_consolidation,0.2143159972577206
42,53291.64,620.2,0.1782,10457.54,retired,home_improvement,0.39995873796618986
28,62412.01,564.6,0.1523,4951.63,employed,debt_consolidation,0.48729466425427975
32,42275.91,684.6,0.2231,17924.24,employed,debt_consolidation,0.48194304707908686
36,62621.69,629.9,0.2347,6653.64,retired,business,0.4901232431188843
69,52688.76,688.2,0.2504,12850.24,unemployed,home_improvement,0.5210373363119581
25,74460.37,621.9,0.1423,9644.98,self_employed,debt_consolidation,0.48756713948906644
32,106851.98,707.0,0.2405,27962.07,self_employed,home_improvement,0.41550530145198805
66,87865.2,752.2,0.4294,7386.33,employed,home_improvement,0.1470043307503992
36,34695.29,638.8,0.1958,20675.44,employed,debt_consolidation,0.564502238904963
67,71032.01,782.8,0.2495,3645.15,employed,debt_consolidation,0.09154575383075916
44,129574.64,705.8,0.1455,30712.2,employed,debt_consolidation,0.2853190819600845
21,80729.08,651.0,0.2142,11383.07,self_employed,debt_consolidation,0.5244082753316636
69,23466.95,547.8,0.2311,10183.4,employed,debt_consolidation,0.4969234535617268
28,70866.79,695.1,0.3664,8536.21,self_employed,home_improvement,0.43674249475311916
46,141574.75,591.1,0.2479,42468.15,employed,home_improvement,0.5690935035476778
61,69028.87,603.8,0.1645,25075.83,employed,business,0.438615166705223
23,54817.65,781.4,0.3591,13342.72,employed,debt_consolidation,0.39961853892699106
63,23224.55,596.4,0.1005,17500.63,unemployed,medical,0.8156955910585681
42,150583.25,631.3,0.111,60000.0,self_employed,debt_consolidation,0.7134228698997457
68,98654.39,766.1,0.4656,11132.14,employed,debt_consolidation,0.20770018729117354
69,19789.92,806.5,0.0422,3183.15,employed,debt_consolidation,0.05444597436323663
21,37550.64,661.9,0.1664,17682.3,self_employed,home_improvement,0.5223622082941763
44,15000.0,658.7,0.1943,7379.09,self_employed,debt_consolidation,0.4561835383042138
26,108153.12,614.5,0.389,23572.44,employed,debt_consolidation,0.7055600030340622
45,26503.07,634.9,0.0872,14846.77,self_employed,home_improvement,0.36770161884552754
63,33476.84,650.3,0.3842,11240.18,employed,home_improvement,0.3764978124170518
42,54580.42,670.6,0.175,8293.08,employed,debt_consolidation,0.2979262007327527
24,44329.21,693.5,0.2418,3079.39,unemployed,debt_consolidation,0.7341835429539038
67,45922.02,645.0,0.088,8360.41,employed,home_improvement,0.1403680326138964
23,33274.96,716.8,0.0561,44119.48,employed,debt_consolidation,0.6154539113245584
31,65255.25,639.0,0.1321,7541.85,unemployed,home_improvement,0.6309123779283784
46,73962.77,683.0,0.2661,29658.76,employed,home_improvement,0.41598596036328483
46,64658.47,718.1,0.0887,18117.21,employed,home_improvement,0.16342660335821213
59,128749.08,656.1,0.2006,27365.07,employed,home_improvement,0.234324016003835
40,80294.54,719.6,0.1402,5798.06,employed,home_improvement,0.12193462074209578
36,107197.01,644.5,0.2023,30539.87,employed,debt_consolidation,0.5197542368047589
63,23483.29,671.3,0.236,9112.18,employed,debt_consolidation,0.305026612756164
62,97789.02,575.2,0.358,20164.69,employed,medical,0.6309590545625705
64,58776.34,685.6,0.122,11063.73,self_employed,home_improvement,0.1647867723910073
24,66351.87,748.9,0.4135,9555.81,employed,debt_consolidation,0.4383470063223708
60,132802.54,714.1,0.2133,13900.68,employed,debt_consolidation,0.13930575910042323
30,48482.01,614.6,0.3495,11762.3,employed,education,0.5840810826774478
67,24609.38,622.9,0.0702,9458.16,employed,business,0.2399073490803158
30,16981.22,564.1,0.4669,4040.89,unemployed,home_improvement,0.9258051349613967
59,51211.68,701.7,0.3342,5251.69,employed,home_improvement,0.20332578720827346
33,69511.67,653.4,0.5145,18506.67,employed,debt_consolidation,0.7248439140886267
31,58677.76,728.1,0.3178,18529.8,employed,business,0.4579581293694665
22,66178.77,689.6,0.2526,22929.38,employed,education,0.48671501053514976
46,54048.48,646.4,0.1395,6173.82,employed,debt_consolidation,0.27396695742117116
55,47826.93,701.8,0.1413,39206.04,employed,debt_consolidation,0.4657979632346692
25,30193.64,617.9,0.1264,9709.09,self_employed,debt_consolidation,0.569056161207378
60,32081.14,620.4,0.0606,25776.24,employed,home_improvement,0.32454500907626843
34,61093.87,684.4,0.2139,11123.93,employed,business,0.3530563759033806
69,48879.59,614.3,0.1225,22650.73,employed,debt_consolidation,0.3626785846081858
50,33208.71,690.0,0.18,8516.23,employed,debt_consolidation,0.2732687777316839
23,43893.94,709.2,0.1412,6500.84,employed,debt_consolidation,0.3017684992509601
62,44726.2,612.8,0.0992,11189.02,employed,debt_consolidation,0.28277039532054665
52,48176.58,685.2,0.1085,44164.44,employed,medical,0.6142842438390617
56,54932.53,686.5,0.1909,3844.19,employed,debt_consolidation,0.19576191376258903
21,88390.43,737.4,0.419,12061.23,employed,debt_consolidation,0.46308672006239676
26,64453.85,674.0,0.2087,5006.43,employed,education,0.28536853062122886
69,35980.5,745.7,0.1496,19666.9,employed,business,0.1842562664428986
26,17499.93,705.9,0.2227,16995.57,employed,debt_consolidation,0.514198329498775
25,89950.58,665.8,0.4702,18928.0,employed,debt_consolidation,0.6793309543246562
31,19071.29,711.5,0.2954,8507.84,employed,home_improvement,0.36034558556582325
40,61789.17,802.5,0.5181,12934.15,self_employed,debt_consolidation,0.46173185864228755
55,40809.72,684.7,0.1095,10742.8,employed,education,0.17545507918159775
35,95630.99,691.5,0.2521,21891.73,employed,debt_consolidation,0.4149692972476052
23,79754.89,715.0,0.4783,24581.52,employed,debt_consolidation,0.6850327895246313
29,38009.81,696.8,0.2956,6819.04,self_employed,home_improvement,0.4136862059949894
28,16964.11,736.7,0.1017,31239.9,employed,business,0.48473321064917974
28,85123.61,838.5,0.2815,9790.89,unemployed,debt_consolidation,0.4884559178503442
36,45164.47,578.4,0.0668,37067.32,employed,home_improvement,0.6205107373820147
42,46931.19,636.1,0.266,18086.12,self_employed,debt_consolidation,0.6184790964496886
37,35703.13,698.4,0.0317,4642.07,unemployed,business,0.5172809774730142
53,132530.02,682.0,0.1007,5275.15,employed,business,0.09875827126419574
40,20176.81,645.9,0.0602,9199.46,self_employed,medical,0.4736215402220258
41,89058.16,701.1,0.0264,23762.0,employed,debt_consolidation,0.23024598431782045
61,28332.82,703.4,0.0874,27207.65,employed,home_improvement,0.2341957818591505
62,185071.11,643.7,0.184,10590.49,employed,debt_consolidation,0.1191556518727331
30,23076.87,769.7,0.4666,19120.24,employed,education,0.5284714617500161
52,64866.75,656.2,0.3155,25022.92,employed,education,0.465309637659608
25,70228.9,586.1,0.4998,60000.0,employed,business,0.9644906694489839
30,61359.47,603.3,0.2537,25425.04,self_employed,home_improvement,0.6835790832429306
41,53547.95,703.6,0.2461,12273.09,employed,home_improvement,0.2647482204589445
55,53492.53,625.0,0.0508,12187.18,employed,debt_consolidation,0.25607328477242014
64,101386.03,756.3,0.249,16465.47,employed,debt_consolidation,0.14959201314672854
31,16114.48,637.1,0.2168,24403.7,self_employed,debt_consolidation,0.741148470057167
43,38917.97,670.4,0.1482,18086.27,retired,home_improvement,0.3846979464350034
29,48751.47,651.0,0.0978,18916.95,employed,home_improvement,0.36004925420686473
48,94010.95,679.5,0.0458,33498.0,unemployed,debt_consolidation,0.6884141933408094
34,31988.67,645.4,0.2953,10240.4,employed,debt_consolidation,0.5465568149014032
48,40015.45,639.6,0.1457,5192.64,employed,home_improvement,0.22395873387200568
27,30290.35,647.8,0.0423,4494.45,employed,home_improvement,0.2382709809649494
31,15000.0,659.2,0.5325,19735.77,employed,home_improvement,0.7594600621984832
36,85071.77,781.4,0.1246,11371.08,employed,home_improvement,0.09947042437569542
35,33468.77,661.9,0.1103,12158.01,employed,business,0.3630590555875127
34,28150.68,751.1,0.2795,3791.41,self_employed,home_improvement,0.27594864988687995
50,92110.77,756.1,0.24,19662.64,unemployed,education,0.5032835651720214
66,34132.78,637.3,0.1685,12483.78,employed,business,0.3012763484696759
24,48572.64,635.5,0.028,33040.94,employed,debt_consolidation,0.5901611007426792
39,36092.63,680.2,0.1934,10727.0,self_employed,business,0.4304259142371005
47,73855.36,657.1,0.1166,18088.15,unemployed,debt_consolidation,0.6773383350288356
32,34840.93,554.8,0.4196,13651.0,employed,home_improvement,0.7485341404821768
28,53709.88,619.6,0.2159,17833.67,self_employed,home_improvement,0.5749930391878142
23,36462.2,690.1,0.1145,18066.25,employed,debt_consolidation,0.4386561876479063
44,53899.3,602.7,0.2418,5946.78,employed,home_improvement,0.3489256169558029
24,52090.94,671.6,0.5617,7495.72,employed,education,0.6423871845746109
66,67648.68,681.5,0.0846,13208.77,self_employed,home_improvement,0.14831780611406953
21,184021.93,626.2,0.2981,14527.89,employed,debt_consolidation,0.4000666880883158
28,40162.82,736.5,0.1295,10676.91,employed,debt_consolidation,0.27177251411253045
44,31745.17,613.0,0.2983,60000.0,unemployed,debt_consolidation,0.9794830175236889
64,46647.05,673.2,0.4685,8431.06,employed,debt_consolidation,0.4365662473839941
56,28157.99,620.8,0.4051,10669.9,employed,business,0.5745585175631448
48,42586.25,663.9,0.1975,24698.29,employed,business,0.4752930855622049
57,61272.18,652.6,0.4179,8937.92,employed,debt_consolidation,0.44447503849691455
64,32168.07,642.0,0.3045,14049.5,employed,education,0.36938764788754114
50,47378.23,621.8,0.1312,5269.61,employed,education,0.23519864118273578
26,158321.48,641.5,0.1697,10148.54,self_employed,debt_consolidation,0.3176425191246707
67,29983.47,631.5,0.1562,10306.56,employed,medical,0.36040324110843036
68,72361.96,712.9,0.3817,17744.06,employed,debt_consolidation,0.3200454823385412
29,71150.81,779.8,0.0261,27637.75,retired,business,0.285911328185237
47,37928.18,715.2,0.1651,11403.22,employed,debt_consolidation,0.2558125681337142
28,53206.04,645.2,0.1338,13400.41,employed,education,0.3613200982274216
41,66163.43,697.5,0.5397,30939.13,employed,home_improvement,0.6767279164752463
60,53705.75,662.3,0.2063,9560.13,self_employed,home_improvement,0.2515197386502449
49,52934.92,822.4,0.0817,7929.59,retired,debt_consolidation,0.10629799835682505
28,63073.42,666.4,0.2279,11399.8,employed,debt_consolidation,0.43220137551331866
62,22211.1,672.4,0.15,6709.38,employed,business,0.22673360386019545
52,15000.0,676.8,0.1065,3811.83,employed,business,0.22110189568035013
50,51506.65,717.4,0.3246,53403.5,employed,debt_consolidation,0.7440582563598338
61,94352.08,669.3,0.2594,38613.51,employed,debt_consolidation,0.4984172283103164
38,89369.95,675.6,0.0988,7172.72,employed,debt_consolidation,0.1981329193318562
29,74977.1,684.8,0.1756,15580.63,self_employed,medical,0.5210295762665759
51,47112.44,641.5,0.2036,21973.4,self_employed,home_improvement,0.45592434998196524
40,54340.42,717.1,0.1086,57129.74,employed,home_improvement,0.5732799489858263
25,104895.96,647.5,0.1022,11483.27,employed,education,0.24542615126196754
32,25777.24,624.2,0.0613,22652.95,employed,home_improvement,0.44249291541749297
45,50617.13,715.1,0.2795,14779.76,employed,debt_consolidation,0.3587698863124412
61,71528.84,771.9,0.082,16933.61,retired,debt_consolidation,0.14372168633165483
34,93590.33,729.8,0.0618,7573.49,retired,business,0.17515448061833613
50,133751.88,656.1,0.1267,6555.25,employed,medical,0.18683429632766632
62,56234.35,742.2,0.3118,2986.89,self_employed,medical,0.2769258677757619
55,110012.7,625.3,0.2391,23194.11,self_employed,business,0.46897222159658775
32,46167.05,678.0,0.2611,20781.17,employed,debt_consolidation,0.549623629779593
55,28604.9,700.3,0.3393,1201.17,employed,business,0.2893986500840864
48,73009.74,660.5,0.1123,18811.12,employed,debt_consolidation,0.30203815828113073
67,46750.25,717.3,0.071,11129.58,employed,debt_consolidation,0.12672918114863702
27,111354.11,694.5,0.423,15765.38,unemployed,business,0.8258613257941478
24,40223.44,702.5,0.3114,7983.13,employed,debt_consolidation,0.46956529122065804
24,59074.49,748.6,0.1115,1677.08,employed,debt_consolidation,0.17086389539731775
46,29581.28,785.8,0.2429,6490.87,employed,debt_consolidation,0.19228003738760224
24,42300.03,691.5,0.0603,8713.45,employed,home_improvement,0.21837611093154183
66,36221.03,764.5,0.11,22488.59,employed,debt_consolidation,0.1736432614939549
23,45876.59,652.1,0.2627,12733.31,unemployed,debt_consolidation,0.8594329841831646
39,67473.02,780.4,0.2048,14412.67,employed,debt_consolidation,0.20670031477603723
43,15000.0,651.7,0.337,11849.93,employed,debt_consolidation,0.5728243805904134
38,31732.18,690.9,0.2257,10139.48,employed,debt_consolidation,0.3814324659153598
34,53974.13,536.2,0.3075,8564.7,unemployed,medical,0.9352923230102044
27,25535.3,609.8,0.0687,2304.04,employed,debt_consolidation,0.3832751891045379
24,39978.14,666.8,0.3534,8004.53,employed,debt_consolidation,0.5726304621763213
46,68189.73,778.4,0.2328,25540.81,unemployed,debt_consolidation,0.6529416212187373
55,36655.28,742.4,0.2785,11830.04,self_employed,home_improvement,0.2515816915144878
48,47158.38,699.9,0.1838,26443.28,self_employed,debt_consolidation,0.4852905283356527
63,34873.23,746.8,0.2129,11294.76,self_employed,debt_consolidation,0.23712712406571806
61,46077.89,669.8,0.1231,8524.27,employed,debt_consolidation,0.20271129849045902
51,172688.64,671.9,0.1321,20169.01,self_employed,home_improvement,0.15120781571770875
51,114428.99,840.2,0.3222,11336.76,employed,business,0.10323111477604217
34,65766.95,629.7,0.0419,5990.9,employed,debt_consolidation,0.2623806758548508
32,160397.15,558.2,0.1829,6328.11,employed,debt_consolidation,0.3311991865993543
41,84856.6,680.4,0.3805,45768.02,self_employed,home_improvement,0.7453622207217396
56,47011.86,726.7,0.0716,8368.7,employed,debt_consolidation,0.13278831494073753
30,15000.0,652.0,0.2709,9872.76,employed,debt_consolidation,0.5642875728778919
23,84613.75,608.2,0.3504,5451.86,employed,debt_consolidation,0.5685391243743024
68,57934.61,761.1,0.2297,27235.57,unemployed,debt_consolidation,0.6042927947505683
23,26504.08,742.1,0.1063,34934.0,employed,debt_consolidation,0.5317980770418538
31,15000.0,776.6,0.3834,16270.13,employed,home_improvement,0.40417898619587467
23,111655.71,670.5,0.1039,32109.27,employed,home_improvement,0.3745685084155453
43,40984.36,623.7,0.01,37079.84,employed,debt_consolidation,0.551197598221021
27,41610.73,684.2,0.2692,10854.16,employed,debt_consolidation,0.4774255704402223
69,37493.44,705.4,0.3132,24873.24,retired,home_improvement,0.39700739815551545
27,187215.76,836.4,0.1904,23749.07,employed,education,0.08374515667289374
68,55706.29,635.1,0.0575,26923.61,employed,business,0.305125956113369
67,150539.42,698.5,0.3127,3751.59,self_employed,debt_consolidation,0.14401377960175732
23,63320.95,709.7,0.1617,3403.3,employed,home_improvement,0.1943828898431901
68,59289.38,656.8,0.1755,24471.51,employed,debt_consolidation,0.33705749086021025
54,49456.95,629.7,0.1915,7537.85,unemployed,debt_consolidation,0.6911855621463687
51,126886.35,716.6,0.4053,29169.72,employed,home_improvement,0.34339613141847003
41,28384.05,660.2,0.2592,18579.64,employed,debt_consolidation,0.5441760233233419
66,42147.43,610.9,0.0449,39298.53,employed,home_improvement,0.4109130481746651
38,72566.98,645.9,0.102,8811.52,employed,debt_consolidation,0.2759073929096215
50,28960.28,644.2,0.2659,8053.1,employed,debt_consolidation,0.4198739743860128
22,32719.59,680.3,0.183,13473.47,employed,debt_consolidation,0.48126219483870286
63,36465.06,683.1,0.165,27940.18,employed,business,0.378372102842116
36,29639.48,669.6,0.3887,8039.82,employed,business,0.5484502538555295
49,29714.76,722.9,0.1087,14615.85,employed,debt_consolidation,0.23752997119948807
48,43339.07,721.9,0.2186,5375.06,employed,debt_consolidation,0.22315339979054888
35,49512.62,715.2,0.1014,12008.63,employed,business,0.2457700516593091
69,50187.54,678.0,0.1766,35983.92,employed,home_improvement,0.34022246964833824
49,52449.63,690.2,0.3682,13688.65,employed,business,0.4362538201404562
56,107542.04,704.3,0.1652,5267.45,employed,debt_consolidation,0.1199733159883594
56,33867.83,713.5,0.0789,60000.0,employed,business,0.6214177676890658
59,69001.35,667.4,0.3129,13270.03,employed,home_improvement,0.2706984642635577
68,51934.04,661.5,0.1411,3255.74,employed,debt_consolidation,0.1591257180936719
66,72527.95,690.6,0.3352,4815.43,employed,debt_consolidation,0.22222333326620713
22,29380.1,673.2,0.2746,6744.59,employed,business,0.5047616120491748
25,53755.88,632.6,0.0938,8727.56,employed,debt_consolidation,0.38535568594814124
35,32211.84,682.1,0.2526,3747.07,employed,debt_consolidation,0.37029207378264856
45,81910.33,734.2,0.2911,12251.24,employed,debt_consolidation,0.2619576499817348
43,66111.24,671.4,0.1888,4742.34,employed,debt_consolidation,0.25406900811177646
25,60810.08,762.3,0.1863,4267.07,employed,debt_consolidation,0.20670725005709112
44,44016.66,645.0,0.2329,33064.78,employed,debt_consolidation,0.6493910651819352
59,26082.17,643.7,0.2049,11041.44,employed,education,0.29596508336529304
40,111072.89,686.0,0.2074,14636.49,self_employed,home_improvement,0.2555452397220904
43,15000.0,737.7,0.0436,6678.34,employed,business,0.16594004624360492
46,64556.63,680.5,0.2425,17849.87,self_employed,debt_consolidation,0.4589213863575473
35,15000.0,707.4,0.0295,9689.07,employed,home_improvement,0.18505382665280817
47,63800.63,622.3,0.0287,13103.41,self_employed,medical,0.4070786548667074
49,22353.03,690.1,0.0902,3445.46,employed,debt_consolidation,0.1979226158444185
55,32930.87,721.7,0.3295,22353.92,employed,home_improvement,0.35898858087926755
44,45451.64,641.3,0.1937,16499.56,employed,home_improvement,0.36169646530676064
68,208663.37,699.7,0.0739,28404.24,employed,home_improvement,0.06077711347935054
44,159294.78,561.4,0.1182,9103.28,employed,business,0.2472465539589915
37,43177.84,770.5,0.1329,13094.35,employed,home_improvement,0.15313541422786633
25,46611.45,695.9,0.1702,10147.49,self_employed,debt_consolidation,0.4360737625140751
41,25900.2,573.7,0.27,24809.38,employed,debt_consolidation,0.7570226614775694
65,98540.52,707.5,0.1575,7308.91,employed,debt_consolidation,0.11087031170018581
35,52458.53,622.0,0.1925,9448.49,unemployed,education,0.7408122726070121
69,56128.51,579.3,0.3574,7146.78,unemployed,home_improvement,0.7308302178887094
62,62761.22,692.7,0.3021,3485.61,employed,business,0.2141598627874526
48,32468.34,780.6,0.41,12223.9,employed,debt_consolidation,0.3462664845619015
55,29480.08,670.9,0.157,35469.43,employed,debt_consolidation,0.5337952486502504
45,28658.14,666.5,0.2225,18902.29,employed,home_improvement,0.3915401850395069
35,63208.66,758.6,0.2343,18643.62,employed,home_improvement,0.2407734410713202
26,142370.64,695.9,0.5813,21110.31,employed,education,0.5711856573889353
53,89114.93,775.1,0.2847,11963.69,employed,debt_consolidation,0.16741452965701145
45,31084.26,660.3,0.1925,32660.63,retired,home_improvement,0.5966419571968622
65,50254.53,745.9,0.2147,22060.67,employed,debt_consolidation,0.23825230429957722
43,24865.48,619.3,0.2662,14197.96,unemployed,education,0.8282913505646208
31,61550.45,645.2,0.2023,34840.37,self_employed,home_improvement,0.6574496821761424
42,85986.96,622.4,0.3273,10426.32,employed,debt_consolidation,0.46871074952626174
41,64520.36,660.0,0.3297,4802.96,employed,education,0.32638060263246
34,15000.0,638.6,0.2891,5519.89,employed,home_improvement,0.4464411869107536
29,50736.12,706.5,0.0485,27189.42,retired,education,0.3983088586118464
54,29968.44,699.7,0.1942,20422.42,employed,debt_consolidation,0.363279107976843
45,120873.35,690.5,0.4154,8152.07,employed,debt_consolidation,0.31922839043017776
61,41597.2,676.6,0.0724,27265.06,employed,home_improvement,0.24194744394737927
59,95715.78,690.4,0.2751,7856.33,employed,home_improvement,0.1501537257934223
22,66557.09,661.3,0.194,34789.74,employed,medical,0.7417449659095658
50,46161.05,696.1,0.2065,20730.87,employed,debt_consolidation,0.37287219311958925
24,16610.64,572.1,0.4487,9506.32,employed,debt_consolidation,0.828701829925079
39,16564.43,693.6,0.2632,10199.85,employed,debt_consolidation,0.43276677071343933
51,28644.35,657.4,0.2742,8791.48,self_employed,home_improvement,0.38852277908651145
65,15930.46,728.2,0.1971,10869.95,self_employed,home_improvement,0.2035443155799195
67,115052.91,652.5,0.2833,4598.95,employed,home_improvement,0.1314278467356693
63,41828.05,773.6,0.1446,17121.27,employed,debt_consolidation,0.1530940988202961
59,75150.99,618.4,0.1934,11357.93,employed,education,0.2505056548532535
27,81445.19,661.3,0.2051,15390.4,employed,business,0.42659236742351003
63,106262.83,632.2,0.3236,11755.57,unemployed,education,0.6216069478749914
54,78858.78,579.3,0.0177,35022.22,unemployed,debt_consolidation,0.8159526530072244
56,81583.47,719.5,0.4061,8191.8,unemployed,education,0.5838533683870233
30,21169.51,654.1,0.3109,21883.75,employed,debt_consolidation,0.6982654385383458
26,70012.2,621.7,0.1413,30999.12,self_employed,business,0.6973251202882079
59,29112.58,704.0,0.1159,31442.19,employed,debt_consolidation,0.37588658549956533
52,69409.11,774.2,0.0565,21022.71,employed,debt_consolidation,0.13701788144047608
64,102237.01,585.8,0.1825,14513.48,employed,debt_consolidation,0.31030575783019704
41,85310.55,707.7,0.2947,6655.82,unemployed,business,0.629017177869086
68,68801.79,594.7,0.0768,18670.09,unemployed,education,0.5953194690250516
27,32430.81,681.9,0.1921,3585.56,employed,medical,0.4372050650441075
41,35467.91,639.8,0.2521,10206.35,employed,medical,0.5546091837696502
47,25997.91,815.4,0.4514,10032.89,employed,debt_consolidation,0.31724050778207086
36,115919.13,630.2,0.258,19824.37,employed,debt_consolidation,0.46535614047198576
65,23662.72,669.8,0.0576,58476.78,employed,home_improvement,0.5554209633506594
65,27232.76,793.7,0.0835,6100.37,self_employed,medical,0.13623542655069462
40,48843.92,655.7,0.2352,37375.96,employed,education,0.6200035938125003
46,57253.03,680.0,0.2399,7956.84,employed,business,0.30044454679906013
59,115415.28,750.1,0.2352,7705.35,employed,home_improvement,0.07742256430040376
39,66496.06,683.0,0.3702,19037.17,self_employed,home_improvement,0.5212556377749733
28,26120.27,614.6,0.4374,7430.9,employed,home_improvement,0.6469869633974427
67,33921.3,592.5,0.0368,11336.31,self_employed,debt_consolidation,0.326711302740864
63,104710.22,669.9,0.1616,8286.26,self_employed,home_improvement,0.13856676271319524
39,67038.68,711.1,0.0277,13441.25,employed,home_improvement,0.13487625612947782
47,55322.37,685.0,0.2555,7411.26,self_employed,education,0.3047766265120523
54,37394.57,600.7,0.2444,46263.06,employed,home_improvement,0.7324490498515236
30,55654.88,667.9,0.1146,24031.99,self_employed,home_improvement,0.44782650476457575
28,144895.7,682.7,0.4448,10478.06,employed,medical,0.5010860665124911
26,19581.29,674.2,0.2289,4754.73,employed,debt_consolidation,0.4458290705810027
27,66142.88,706.8,0.3411,9865.63,employed,debt_consolidation,0.43998118614014203
47,24527.06,743.6,0.2567,11328.67,employed,business,0.2937758411166692
40,47105.21,780.6,0.2477,4786.44,employed,debt_consolidation,0.18844426627493183
36,115420.79,836.0,0.1401,9554.07,employed,home_improvement,0.053666807780782144
51,39892.89,725.5,0.6341,12442.43,employed,debt_consolidation,0.6092807528721994
66,51042.93,653.8,0.5604,18031.45,employed,debt_consolidation,0.6308948484659196
31,90445.09,678.3,0.0326,3349.16,employed,home_improvement,0.11564290042173697
27,78636.3,600.6,0.0578,2425.48,employed,debt_consolidation,0.2968802448157836
22,48431.87,651.1,0.2128,8148.08,employed,home_improvement,0.38471750472502264
49,35234.81,664.5,0.1795,48680.79,self_employed,debt_consolidation,0.7676047759092345
47,53196.67,691.8,0.1614,8495.24,employed,education,0.19209189177111033
22,49556.2,710.8,0.1398,9759.82,employed,business,0.31733284299752723
41,57927.92,694.9,0.1467,10817.84,employed,medical,0.32935843289354994
64,24924.65,701.6,0.227,9547.02,employed,home_improvement,0.18830134449370933
25,36941.32,711.6,0.2959,11144.51,employed,debt_consolidation,0.4733838980446606
55,40035.62,678.5,0.4111,3435.6,employed,business,0.3818488220052564
40,50183.17,682.5,0.1891,60000.0,self_employed,education,0.7961482867571433
57,25275.69,670.7,0.1231,32726.76,unemployed,education,0.7615700782226986
29,37991.52,725.3,0.1142,4094.92,employed,debt_consolidation,0.2248740342169604
43,24976.1,638.4,0.092,18908.99,employed,home_improvement,0.35016469705057895
59,36590.65,700.8,0.01,2760.74,retired,home_improvement,0.10404919349800529
55,38024.34,767.9,0.3989,39099.91,employed,debt_consolidation,0.5871117674315454
30,57845.94,615.3,0.1735,7671.43,employed,home_improvement,0.35174144383308287
40,68863.66,681.8,0.2812,46666.51,self_employed,home_improvement,0.7112170730707945
46,56832.1,643.4,0.261,7096.74,employed,home_improvement,0.29402859475995374
40,54833.71,546.8,0.3967,16847.5,employed,debt_consolidation,0.7752428368180895
64,36011.95,706.1,0.1634,11439.08,employed,education,0.16181250704800607
42,26021.35,651.6,0.5667,24922.34,employed,debt_consolidation,0.8298014625147911
67,37979.34,677.4,0.1558,18625.48,unemployed,business,0.6404790166361356
49,87687.18,579.7,0.2852,6499.56,employed,education,0.36047066017814094
49,44751.91,698.8,0.1022,7335.42,unemployed,medical,0.6088304349136511
24,129181.93,623.1,0.4638,13531.63,self_employed,business,0.6893718957567502
65,54032.73,592.4,0.3038,42420.06,employed,home_improvement,0.6779845784842524
22,26684.16,735.9,0.4214,4161.64,employed,debt_consolidation,0.5019433138439219
41,33698.81,718.2,0.1121,7556.07,employed,business,0.21452369750057967
53,28391.04,684.9,0.4611,25987.35,employed,home_improvement,0.5955197896501353
33,70816.41,570.4,0.1982,9671.45,employed,debt_consolidation,0.5225623397163516
64,38853.97,665.3,0.0497,48954.84,employed,medical,0.6035720705984622
53,94309.81,683.1,0.0786,2979.56,employed,home_improvement,0.08070713513497271
46,43303.57,810.9,0.1301,14931.12,employed,debt_consolidation,0.14535077680237427
58,33798.47,661.4,0.4201,13968.1,unemployed,business,0.8398790361395387
38,19073.14,751.1,0.479,10820.65,employed,medical,0.6020311389563908
45,133549.97,795.7,0.2087,8786.6,unemployed,business,0.30887183578131466
52,26244.74,755.8,0.258,16706.9,self_employed,debt_consolidation,0.36778195821487575
21,60596.67,712.2,0.2356,6872.55,employed,debt_consolidation,0.35365990477482817
66,30198.26,722.8,0.1148,26071.39,self_employed,medical,0.396779137307402
37,91014.98,719.4,0.1915,37392.13,employed,debt_consolidation,0.4704033043918112
44,107402.95,699.7,0.4061,4851.21,self_employed,business,0.35463252709820886
22,119064.66,717.1,0.2261,9538.08,employed,medical,0.32687961079062755
37,72623.61,692.9,0.2058,2203.59,employed,education,0.1839669310726078
45,53361.49,617.6,0.1725,13783.49,employed,debt_consolidation,0.42585017552390786
47,54495.98,764.8,0.3941,14469.23,retired,home_improvement,0.339190167793322
56,20872.95,737.2,0.2378,3781.85,employed,debt_consolidation,0.20494187935310232
67,52537.76,705.2,0.0362,8549.84,employed,home_improvement,0.07698051507920475
67,62095.88,674.1,0.511,28699.35,employed,business,0.6287548840986215
28,41698.32,642.0,0.4882,13385.51,unemployed,debt_consolidation,0.9327158465040924
22,85405.69,711.2,0.3455,23228.39,self_employed,debt_consolidation,0.6346352750909918
47,81821.27,706.8,0.4314,25911.45,employed,home_improvement,0.456044539363806
38,35794.64,665.9,0.0551,26105.64,employed,debt_consolidation,0.43552529278127894
46,59145.89,665.0,0.2716,30858.84,employed,business,0.5803049124054742
47,37681.12,677.7,0.2831,7203.23,employed,home_improvement,0.28550323352970525
54,75831.92,808.3,0.4187,10205.55,employed,home_improvement,0.1498047994441221
36,52848.5,677.8,0.1508,3028.77,unemployed,debt_consolidation,0.6181908879537544
30,134124.94,661.6,0.1556,12204.29,employed,medical,0.3228309729831711
42,29225.45,691.5,0.1384,14596.9,employed,debt_consolidation,0.33751680727881384
23,109066.54,704.6,0.102,7269.9,employed,home_improvement,0.14253853401063504
55,70731.07,789.5,0.356,6680.79,self_employed,debt_consolidation,0.21648940549464502
40,48307.69,667.6,0.2327,49102.84,employed,medical,0.817432580014532
63,61395.46,665.0,0.3218,12657.45,employed,business,0.3426343478143977
39,96332.41,693.9,0.1341,8486.98,employed,debt_consolidation,0.1929108916089811
35,95971.8,748.8,0.2858,22551.59,employed,education,0.28711148493496125
45,33333.75,724.0,0.0353,42536.39,employed,debt_consolidation,0.4498526744101685
68,75196.79,643.2,0.5401,7403.78,self_employed,home_improvement,0.4472298563805571
69,61766.12,589.2,0.1313,59677.7,employed,debt_consolidation,0.7513387081524389
21,56376.34,774.9,0.1083,9335.28,employed,home_improvement,0.14881048569257505
62,66044.98,781.1,0.3508,31588.23,employed,medical,0.43031914001863986
39,38765.25,722.9,0.3445,4985.52,employed,debt_consolidation,0.3550320473034308
23,29388.93,624.3,0.4832,17227.37,employed,home_improvement,0.766587824046085
58,47291.28,648.7,0.1941,8042.59,employed,debt_consolidation,0.2832088717654267
46,63381.34,795.8,0.1868,7177.91,employed,business,0.1224144944492976
49,64120.06,624.0,0.1039,33122.84,employed,debt_consolidation,0.513208484980058
34,35314.81,663.7,0.4061,17774.63,self_employed,debt_consolidation,0.7357499643672185
37,161420.19,640.9,0.0849,13628.28,employed,home_improvement,0.1375335771298978
25,42479.36,693.9,0.2676,4523.25,employed,business,0.3962392060435746
56,48731.97,679.2,0.3492,8272.85,self_employed,debt_consolidation,0.43183350227351364
26,35526.15,752.0,0.129,2180.65,employed,debt_consolidation,0.2012248770807364
58,61570.17,653.9,0.1897,14340.05,employed,debt_consolidation,0.30336165172496105
26,42995.16,689.0,0.2361,7562.59,employed,debt_consolidation,0.4086318977716474
68,28956.96,627.8,0.202,15157.98,employed,medical,0.4513526633865982
22,49030.02,715.7,0.0942,16368.68,employed,debt_consolidation,0.34150092556438105
33,55033.82,658.5,0.3904,15376.62,employed,business,0.6116728162828893
40,62051.65,763.9,0.218,5076.87,employed,business,0.1720132060629527
62,23764.25,557.3,0.1087,8933.59,self_employed,business,0.4636013859917034
46,30281.37,707.4,0.0681,12206.92,employed,education,0.1794483344186676
42,43082.07,631.0,0.4098,18422.91,retired,debt_consolidation,0.752202454428485
54,41997.38,688.8,0.2267,14946.93,unemployed,debt_consolidation,0.7031717109554072
41,50226.76,645.6,0.5848,10869.21,employed,home_improvement,0.6375303994900515
29,31147.68,705.8,0.2917,6993.25,employed,debt_consolidation,0.42708691225923656
42,43755.4,647.8,0.3668,5061.45,employed,debt_consolidation,0.48383405606986
33,28023.04,718.8,0.1746,18568.13,employed,debt_consolidation,0.40679961349440735
47,79720.38,752.5,0.3536,5068.6,employed,home_improvement,0.16159746125972588
33,54732.87,637.5,0.2822,8334.76,employed,home_improvement,0.3997494624039436
47,16347.32,732.0,0.2965,3372.31,employed,home_improvement,0.22035656037154047
56,50158.74,634.5,0.1282,11311.2,employed,education,0.2346150383804925
24,43553.9,703.0,0.2711,6483.53,employed,home_improvement,0.32663060179190784
47,40796.89,783.5,0.2267,14181.19,employed,home_improvement,0.16385718268573063
31,18860.91,646.3,0.1093,7731.43,self_employed,business,0.4650978216560184
30,36924.03,678.5,0.3081,17652.54,self_employed,debt_consolidation,0.6546087855973669
64,59345.66,698.0,0.4933,15188.81,unemployed,medical,0.8468225372038091
37,22945.26,783.3,0.1865,15089.61,employed,debt_consolidation,0.26788600408711344
24,75700.91,752.2,0.127,4857.11,employed,education,0.1375801421035572
31,41739.87,616.7,0.3442,11313.68,self_employed,home_improvement,0.6295425259545846
32,42713.35,705.9,0.4175,13158.76,employed,business,0.5560661976174398
39,91556.03,708.8,0.6539,7965.88,employed,education,0.5037004327510568
64,87048.07,682.3,0.2254,6189.08,employed,home_improvement,0.12368713676074163
64,74406.64,649.0,0.3533,23977.41,employed,debt_consolidation,0.4879989604704488
68,17399.02,618.3,0.2321,4964.2,employed,debt_consolidation,0.33632916306873073
21,48629.01,782.4,0.5005,6314.12,unemployed,home_improvement,0.7440074044920019
63,71214.24,663.0,0.2386,60000.0,employed,business,0.7274118621353216
44,17516.24,597.7,0.1101,5420.27,self_employed,home_improvement,0.3800569021036069
23,82774.5,618.8,0.1221,9003.0,employed,debt_consolidation,0.39159168337814987
50,52329.74,578.4,0.107,25004.31,self_employed,education,0.5349187108424063
48,89338.68,672.5,0.3506,3643.65,employed,business,0.2931444865200718
47,99094.42,734.4,0.2141,7054.32,employed,debt_consolidation,0.15369986009130868
55,68793.14,711.0,0.1494,9160.5,employed,home_improvement,0.12218540492760846
28,40971.24,658.2,0.1887,3006.63,employed,home_improvement,0.2903002718642515
35,28124.98,695.7,0.1322,8792.73,employed,debt_consolidation,0.3078695488592524
34,36235.05,687.9,0.0562,21122.79,self_employed,home_improvement,0.35033361276125285
45,37889.25,675.6,0.3034,22346.23,employed,business,0.5474032420713169
66,47828.8,636.7,0.2629,60000.0,employed,debt_consolidation,0.803121509322862
64,52741.75,714.1,0.2428,15482.73,employed,business,0.2447703292168586
52,115365.12,703.2,0.0513,6574.81,employed,debt_consolidation,0.09072596884445132
33,158382.38,779.6,0.0688,58355.98,employed,medical,0.44079062140490216
68,113628.69,682.1,0.1071,9026.24,employed,home_improvement,0.0723776464561151
63,42655.73,691.7,0.0849,7133.94,retired,home_improvement,0.1450404250286119
27,27678.15,711.6,0.2518,43139.09,employed,debt_consolidation,0.7525750524366123
35,65426.96,702.5,0.1267,6839.55,employed,debt_consolidation,0.22135457047279208
43,46530.13,644.2,0.1637,25706.84,employed,debt_consolidation,0.5179882955437218
60,99396.58,542.1,0.0519,13207.37,employed,business,0.28832446762504016
58,57822.03,661.2,0.3334,25583.78,employed,debt_consolidation,0.5303025260895365
61,60101.78,666.3,0.2156,16636.3,employed,debt_consolidation,0.3123330943033072
39,89418.19,765.0,0.1301,16874.85,employed,home_improvement,0.1266377350116389
29,47445.21,757.2,0.4222,21221.57,employed,business,0.5568780358408277
50,176361.82,644.9,0.1556,9037.89,employed,debt_consolidation,0.13654472805545018
35,86474.7,662.9,0.1794,17932.58,employed,debt_consolidation,0.38205551133075205
60,76818.72,783.8,0.5041,10499.98,employed,home_improvement,0.20087535702821985
21,22512.87,697.2,0.0203,12193.43,employed,debt_consolidation,0.326846230918283
50,74014.75,631.5,0.2199,23124.3,employed,debt_consolidation,0.4711726592262975
58,60515.65,688.3,0.313,19423.2,employed,business,0.3881696091500856
63,21413.12,684.2,0.0905,5150.28,employed,education,0.1340790408823843
31,31671.98,614.9,0.2854,7457.2,employed,medical,0.6575838112840463
62,49033.61,672.2,0.0632,6645.2,employed,home_improvement,0.11020880553553648
32,36832.11,723.0,0.1498,16831.55,self_employed,debt_consolidation,0.41992317229760723
35,33632.18,729.4,0.221,47671.28,employed,home_improvement,0.6165182897873441
61,35535.58,801.6,0.483,24519.42,employed,debt_consolidation,0.41945869367261807
48,39467.58,704.1,0.3131,6680.11,employed,debt_consolidation,0.33220095239507974
32,56211.64,647.3,0.1722,11282.58,self_employed,home_improvement,0.3921851898750142
22,61142.57,683.6,0.0928,27575.39,self_employed,debt_consolidation,0.5606834054371037
22,73915.07,722.5,0.5833,6739.66,employed,home_improvement,0.5105192281184355
47,30477.73,634.4,0.3985,7417.22,self_employed,home_improvement,0.5418762466315648
51,52652.14,715.2,0.4293,5828.75,employed,business,0.3538967841956357
32,88398.79,689.0,0.1845,10372.56,employed,home_improvement,0.21576585284264058
57,65070.02,803.0,0.111,7087.05,employed,debt_consolidation,0.07436329777830172
35,54630.02,552.8,0.0687,7436.74,self_employed,debt_consolidation,0.512549169951932
23,15000.0,684.0,0.1002,7851.85,employed,debt_consolidation,0.3750980799001058
32,63232.69,649.6,0.0919,16216.2,employed,education,0.31053486566985183
22,33359.4,611.5,0.4082,6929.76,employed,debt_consolidation,0.7201198535606494
22,59114.97,671.8,0.3336,7542.34,employed,home_improvement,0.4234414686298319
28,24844.2,689.3,0.1098,18510.12,employed,debt_consolidation,0.43657773809241307
36,31423.21,600.1,0.1901,18697.59,employed,debt_consolidation,0.6150632019133403
29,143879.8,713.4,0.2324,17649.13,unemployed,business,0.6282757642328957
64,119636.08,583.8,0.0905,12483.78,retired,debt_consolidation,0.26950560630816517
42,127458.03,754.8,0.1059,5891.21,employed,debt_consolidation,0.08301497169132163
55,27880.36,680.4,0.1449,12377.94,retired,home_improvement,0.27522501671102506
58,35960.19,665.5,0.2029,20486.95,employed,home_improvement,0.3151186525086528
47,37590.04,681.0,0.4313,19253.53,retired,debt_consolidation,0.686920446900688
37,26633.03,741.2,0.2839,4240.01,employed,business,0.29715709925368394
40,76609.05,695.8,0.3506,24089.05,employed,debt_consolidation,0.5262838885261601
60,37071.89,615.8,0.3472,17978.12,employed,debt_consolidation,0.576264726156236
51,36780.48,788.3,0.1327,9876.77,employed,education,0.10434323353082889
49,75566.95,702.2,0.1544,35106.26,self_employed,education,0.41388990512550833
64,91767.38,648.0,0.1941,15954.88,self_employed,business,0.3089170128910465
64,16902.64,705.9,0.0928,23130.79,employed,home_improvement,0.2091523323318427
30,29894.64,669.4,0.096,16631.66,employed,home_improvement,0.33499494645812644
56,22044.49,670.7,0.1752,8172.38,employed,business,0.2824073609631711
29,63605.52,744.8,0.0951,29762.49,employed,education,0.29744810278502604
22,45506.09,674.6,0.1524,10608.44,self_employed,debt_consolidation,0.48283364435015363
26,41665.32,616.1,0.1242,10097.2,employed,home_improvement,0.38385670936300564
28,121594.78,686.2,0.287,13307.89,self_employed,business,0.4190285144897163
34,22856.47,749.6,0.2619,14813.49,employed,debt_consolidation,0.3924800226654922
64,41704.87,799.6,0.3435,7424.3,unemployed,home_improvement,0.3905466598095991
41,59785.7,614.7,0.399,45274.44,employed,home_improvement,0.8190465745046321
27,47931.23,600.5,0.3832,5432.42,unemployed,debt_consolidation,0.9007562797629921
37,41539.21,650.3,0.0355,31969.81,unemployed,home_improvement,0.7679954444004957
60,33825.37,618.1,0.309,8817.92,unemployed,business,0.7904198154223043
37,39119.54,706.7,0.3624,16968.41,employed,debt_consolidation,0.532378662446478
60,27491.73,604.1,0.0842,5665.59,employed,education,0.22161843849765825
21,66936.25,587.3,0.3859,6901.8,employed,debt_consolidation,0.6899471405740862
36,96771.74,720.4,0.0503,4074.42,employed,debt_consolidation,0.11453947464043092
66,22704.69,752.1,0.3473,5758.24,employed,debt_consolidation,0.22613609150058134
33,47007.43,688.1,0.2916,44500.78,self_employed,business,0.8128608355398513
65,27670.65,661.9,0.3926,11749.29,self_employed,education,0.4596142069904975
52,32227.33,757.7,0.2367,8086.88,employed,home_improvement,0.15440445136265424
49,24751.66,750.1,0.3687,12371.34,retired,business,0.4501451208421699
48,24238.54,653.4,0.3406,5207.86,employed,home_improvement,0.3694775819317234
54,31366.0,611.9,0.2979,11716.68,employed,home_improvement,0.42775300044162523
53,54829.09,648.0,0.1988,3602.2,employed,education,0.2091629652886476
44,49085.71,613.2,0.2062,36865.46,employed,debt_consolidation,0.7062540559019977
23,107708.7,729.2,0.3369,5284.92,employed,business,0.2929471879928128
37,30615.57,643.7,0.2113,17443.11,employed,debt_consolidation,0.5380555245378127
22,43118.29,630.9,0.5523,7635.57,self_employed,debt_consolidation,0.8253824610235053
27,81222.3,631.0,0.0324,23367.52,employed,debt_consolidation,0.4213466906236465
69,115286.31,567.6,0.4425,24434.51,employed,debt_consolidation,0.6114904296120144
49,19198.67,567.6,0.1345,22192.02,self_employed,business,0.6779323487711026
63,26145.3,684.7,0.3109,8414.42,employed,debt_consolidation,0.32960378928581463
65,96624.22,656.2,0.3185,1319.8,employed,debt_consolidation,0.20210049258862012
36,65787.86,724.6,0.1529,22534.53,employed,debt_consolidation,0.3329958836006105
63,38318.61,716.1,0.1489,16503.07,employed,debt_consolidation,0.2195752445072363
48,64666.14,626.6,0.3317,8644.96,employed,education,0.3864072223969095
29,51995.28,681.8,0.5703,8953.06,employed,medical,0.7508699806550347
40,64488.99,675.4,0.2158,9490.49,employed,home_improvement,0.24951835357948215
42,59464.17,709.0,0.2062,9310.43,employed,home_improvement,0.19866635060510973
54,38159.51,601.1,0.2121,14924.68,employed,debt_consolidation,0.4838229947898563
27,68747.29,574.0,0.2827,5992.54,retired,debt_consolidation,0.6650811733171625
63,42986.15,796.2,0.198,10973.55,self_employed,debt_consolidation,0.15920147456144476
67,56080.63,666.1,0.335,21496.8,employed,home_improvement,0.3475810917559237
33,61455.12,598.1,0.4036,12297.44,employed,debt_consolidation,0.6881273328342284
25,45764.39,580.5,0.3333,14866.28,employed,debt_consolidation,0.7466861800198684
34,26855.97,681.8,0.3521,8800.19,employed,business,0.5182692464177521
28,57824.13,730.0,0.3608,49576.73,employed,home_improvement,0.731371752768183
36,47090.69,620.7,0.438,18151.71,employed,debt_consolidation,0.7387846329268491
35,69884.83,755.0,0.1277,20603.28,self_employed,education,0.2512402621783962
50,79808.32,661.8,0.3502,17020.93,employed,debt_consolidation,0.45405767496935395
60,33877.83,603.1,0.2781,7953.69,retired,home_improvement,0.4327428305775192
29,79394.84,680.4,0.2213,22725.16,employed,business,0.47519126440733156
55,38614.82,673.1,0.077,4240.05,employed,debt_consolidation,0.17565909154013407
42,70698.23,663.7,0.3764,27880.95,retired,education,0.6556128774588728
48,19511.89,775.7,0.2241,4549.95,employed,debt_consolidation,0.18669042894534676
43,60361.36,711.5,0.285,5863.24,employed,medical,0.34999784763130976
45,25468.89,705.7,0.162,49133.29,employed,home_improvement,0.5870307962915436
29,42317.91,620.8,0.3081,5388.61,self_employed,home_improvement,0.5407000086184467
56,83305.7,678.6,0.1255,41224.97,employed,education,0.37172611519304705
53,51498.11,715.6,0.2672,5027.33,employed,debt_consolidation,0.22826495296877294
66,40352.2,762.3,0.3069,6120.67,employed,debt_consolidation,0.17186804492385735
60,78415.41,824.3,0.1432,3629.81,unemployed,debt_consolidation,0.2094753427188849
40,45708.12,647.3,0.1757,12617.74,employed,debt_consolidation,0.4044830239628987
43,36376.73,786.9,0.2018,4603.25,employed,education,0.125517409186842
55,47594.72,607.8,0.1843,8305.33,unemployed,home_improvement,0.6458304508767653
63,71523.18,706.4,0.1789,18501.16,employed,business,0.21505859084870613
36,46653.09,728.8,0.4648,26117.48,employed,debt_consolidation,0.661967409026269
34,78172.29,619.3,0.0982,5979.12,employed,debt_consolidation,0.29777978065386135
36,35351.76,694.6,0.2906,21744.44,employed,debt_consolidation,0.5546008254473296
39,44568.0,619.7,0.2939,6407.17,self_employed,home_improvement,0.4822447166863874
29,25586.42,574.3,0.1681,15720.26,employed,debt_consolidation,0.6582944826380334
45,97732.3,578.2,0.2326,8209.82,self_employed,home_improvement,0.3879446859048618
46,26300.21,673.8,0.2591,36762.04,employed,debt_consolidation,0.6786817229164489
30,38039.86,625.0,0.1735,6902.26,unemployed,debt_consolidation,0.7962291940082421
59,38002.64,712.3,0.1438,29885.34,employed,debt_consolidation,0.3528806770005229
69,33832.95,668.7,0.4076,24294.93,employed,debt_consolidation,0.5556642980972024
50,50102.65,646.8,0.2175,20451.72,employed,debt_consolidation,0.4601977436620142
37,119819.57,748.6,0.4884,60000.0,employed,business,0.8029919632749689
27,63495.36,644.8,0.3775,23439.86,employed,debt_consolidation,0.7183824383908776
27,117281.29,642.3,0.3304,9809.69,employed,debt_consolidation,0.44773881743127125
61,21883.58,547.6,0.1215,56463.42,employed,business,0.8468938655400046
44,30387.25,631.4,0.01,12583.06,employed,debt_consolidation,0.30618920653817133
37,61706.24,719.5,0.0385,23392.24,employed,home_improvement,0.2011736664331325
53,26459.54,727.2,0.3262,38921.91,retired,debt_consolidation,0.7024120880068088
25,65963.31,677.0,0.0861,25300.14,employed,debt_consolidation,0.444426708649162
32,71155.51,597.0,0.1118,11455.29,employed,debt_consolidation,0.42165795033274894
27,61501.1,708.6,0.0429,9207.62,employed,debt_consolidation,0.21539478760482636
28,80250.63,655.3,0.1568,34611.71,employed,debt_consolidation,0.598240418361781
31,24682.99,628.1,0.145,26053.28,employed,medical,0.710598572046839
22,29813.93,638.5,0.165,15822.96,self_employed,medical,0.7130525561223681
45,64206.7,599.1,0.2123,60000.0,employed,business,0.8592223429846962
46,32249.34,656.2,0.1744,60000.0,employed,business,0.815350743197306
57,35670.07,715.0,0.3072,8721.17,employed,education,0.23778715272923845
61,56589.6,643.3,0.4038,16022.41,employed,debt_consolidation,0.5110035818603601
59,108920.45,585.0,0.2128,9636.99,employed,education,0.24583478145556192
34,29125.15,815.8,0.266,9469.08,employed,home_improvement,0.1745947623296154
60,32003.75,597.5,0.171,60000.0,unemployed,debt_consolidation,0.9602064797581397
47,32181.06,801.9,0.1592,9693.37,employed,medical,0.19276385637662644
36,87093.21,633.3,0.43,4003.51,unemployed,debt_consolidation,0.8264819715327839
59,42861.7,665.5,0.3804,4894.33,employed,home_improvement,0.2922887196905401
50,113200.05,640.6,0.069,21740.79,employed,debt_consolidation,0.2531569517853778
53,25315.3,639.2,0.2361,16865.97,employed,business,0.47971066155217
60,109577.19,802.1,0.1622,14450.58,employed,debt_consolidation,0.07986480802203058
32,43417.26,685.6,0.3794,16137.24,self_employed,home_improvement,0.5772962380293287
31,19694.04,755.2,0.0548,22037.67,unemployed,debt_consolidation,0.677494869664922
65,48177.8,720.2,0.3373,4077.66,unemployed,home_improvement,0.47675806374405344
23,48859.54,686.9,0.3749,7657.22,employed,debt_consolidation,0.5389379058167411
68,23771.77,675.1,0.1642,27720.93,employed,home_improvement,0.3100083246421806
66,48800.86,630.3,0.0608,4709.28,self_employed,home_improvement,0.15975317725143065
27,61235.97,586.0,0.0703,28670.42,employed,debt_consolidation,0.6295142225103585
33,87004.05,539.3,0.4104,16083.5,self_employed,debt_consolidation,0.8175677987402489
38,69386.77,733.7,0.303,42041.65,employed,home_improvement,0.5363273991137028
57,126597.51,750.9,0.2144,7877.31,employed,home_improvement,0.06946696443881455
67,17814.6,685.0,0.1576,10916.75,employed,debt_consolidation,0.23751154301981162
58,78168.39,725.7,0.269,10717.15,employed,debt_consolidation,0.20295749413676695
42,32615.27,729.6,0.2942,3763.59,employed,education,0.23569892734661785
56,23211.38,628.4,0.3331,8351.71,self_employed,debt_consolidation,0.5623632301541737
68,23754.6,672.7,0.4353,24793.51,employed,business,0.5962456124754051
26,115077.37,622.4,0.1421,24253.7,employed,debt_consolidation,0.4804994550789716
28,28459.07,696.6,0.3214,13164.36,employed,home_improvement,0.4536306411529729
38,184830.29,704.1,0.271,29335.79,employed,medical,0.3759719007347779
58,43454.16,684.6,0.2035,14047.61,employed,debt_consolidation,0.2934856301433651
37,65991.51,700.4,0.1683,25544.37,employed,business,0.40550641290309924
68,65650.29,687.2,0.1552,12654.23,retired,home_improvement,0.17462978243502447
35,72390.94,716.7,0.1387,24196.99,employed,home_improvement,0.26622793155054847
58,17581.36,680.9,0.2315,4867.73,employed,debt_consolidation,0.28230868855310304
34,45288.81,696.3,0.0498,10464.47,employed,home_improvement,0.1801812881403032
29,31150.27,634.6,0.0466,31871.52,employed,medical,0.6772424754262079
26,136069.23,647.7,0.2804,19693.13,employed,debt_consolidation,0.46564969639512355
44,45135.02,739.4,0.1113,3724.23,employed,debt_consolidation,0.14800324421828848
33,30318.8,682.7,0.1928,32062.7,employed,debt_consolidation,0.6230144792047451
45,29437.08,663.8,0.3166,29611.93,self_employed,business,0.7289890622588495
39,40258.25,618.3,0.4036,10774.69,employed,medical,0.7190626245120408
41,48563.1,665.1,0.3238,30240.64,employed,debt_consolidation,0.6676203871700243
67,43847.67,722.4,0.3047,14146.85,employed,business,0.26474603343165587
51,39636.14,717.6,0.1054,20573.18,employed,education,0.2148235748482262
67,92642.63,743.0,0.3488,14933.4,unemployed,debt_consolidation,0.551118702884328
49,29993.46,684.7,0.2872,8411.45,employed,debt_consolidation,0.37296422471615737
49,53889.85,676.8,0.2675,10349.17,retired,home_improvement,0.33800010941046704
42,58847.33,615.9,0.2363,18383.82,employed,debt_consolidation,0.5381160119339254
56,37853.56,685.0,0.138,31517.58,employed,home_improvement,0.3414693129758143
42,159950.64,612.0,0.1034,11400.21,employed,medical,0.2579253556263354
50,107302.7,657.6,0.3199,18736.05,employed,education,0.3337576896364582
36,65538.3,796.7,0.3975,10401.89,employed,debt_consolidation,0.2938832658145098
48,36442.89,714.8,0.2621,5773.05,employed,education,0.2216510882705762
51,37769.36,666.6,0.2634,6912.67,unemployed,home_improvement,0.63413513771213
54,39732.9,714.5,0.4525,4816.35,self_employed,debt_consolidation,0.44942315852752857
44,71692.59,737.1,0.0647,3470.05,employed,debt_consolidation,0.10731738316861744
69,45565.78,645.7,0.2396,10759.97,self_employed,debt_consolidation,0.36250610567031133
24,85985.76,603.6,0.0475,9700.15,employed,business,0.3470060049252333
50,49087.22,729.8,0.3308,16106.69,employed,debt_consolidation,0.3658387725288204
56,106887.63,694.2,0.1439,15431.38,employed,home_improvement,0.1270171172397646
66,22240.24,696.4,0.2267,16167.67,self_employed,debt_consolidation,0.3757927210237044
53,300000.0,664.3,0.6805,23875.84,employed,debt_consolidation,0.3618278488416335
65,20758.96,729.8,0.3814,14387.38,employed,home_improvement,0.2864257624856673
48,66407.65,610.5,0.0624,10207.37,employed,education,0.2248937247582889
69,31699.46,702.3,0.3115,6749.85,self_employed,debt_consolidation,0.3123605844163539
44,62893.24,645.8,0.2638,8932.6,retired,debt_consolidation,0.47222900720081934
52,40919.3,653.3,0.2154,7105.98,employed,home_improvement,0.2472994030515502
34,72809.48,725.7,0.2839,18618.1,self_employed,debt_consolidation,0.4685337731657752
60,82007.12,750.4,0.1967,3978.63,employed,debt_consolidation,0.10325613333038172
65,38907.18,624.7,0.5037,15846.16,employed,debt_consolidation,0.640715168117624
59,54822.2,723.9,0.2472,5506.24,employed,home_improvement,0.13547337387044806
22,43992.64,625.4,0.0222,29658.72,employed,debt_consolidation,0.5882541708186029
46,37086.24,628.6,0.1974,11949.68,employed,medical,0.515428093423996
47,126560.65,572.5,0.0536,5817.6,employed,business,0.20329779222825603
47,15863.73,671.8,0.0862,1636.76,employed,home_improvement,0.16439379048020314
44,100418.8,683.9,0.6334,6865.65,unemployed,medical,0.8875080863314796
21,79247.76,606.5,0.2147,14312.46,self_employed,home_improvement,0.5489852632614721
27,71102.34,801.3,0.1213,27170.93,employed,home_improvement,0.19912010524670593
35,38312.47,721.0,0.1959,31422.65,employed,home_improvement,0.4327051044023928
24,39239.27,604.2,0.0943,21702.76,employed,debt_consolidation,0.6051361783016731
25,82563.04,694.8,0.1438,21424.19,employed,debt_consolidation,0.3901265644629874
55,105143.99,701.5,0.01,11853.75,self_employed,home_improvement,0.09336929603226167
63,25471.4,576.4,0.1857,18892.15,employed,education,0.45301768708459783
55,45179.28,824.6,0.21,20382.86,employed,debt_consolidation,0.1716703145903678
27,60375.9,752.7,0.1412,12583.24,employed,business,0.241017719322646
36,205222.96,616.6,0.3256,38471.98,employed,debt_consolidation,0.5680147113647958
43,36380.86,656.9,0.254,16696.79,employed,business,0.49329907027775655
46,57204.89,754.6,0.248,22276.11,employed,debt_consolidation,0.32240494405575565
65,51739.82,684.6,0.2003,21275.8,employed,home_improvement,0.23667216537334798
27,21113.83,770.3,0.2831,33634.62,employed,debt_consolidation,0.60848241515759
40,94437.87,634.1,0.3568,6460.54,employed,debt_consolidation,0.42594259966121134
51,56171.03,659.2,0.3604,17141.03,employed,debt_consolidation,0.5104139652596855
34,55436.21,704.4,0.2717,16173.36,employed,debt_consolidation,0.433027119891543
29,54875.9,716.2,0.2752,6869.45,retired,debt_consolidation,0.4282655452418571
68,22469.84,703.3,0.3148,12973.13,employed,home_improvement,0.2518321094276952
49,104760.56,641.7,0.361,10893.58,unemployed,debt_consolidation,0.7545389487506625
37,59411.32,708.7,0.0875,28508.55,retired,debt_consolidation,0.4517173092542351
48,73162.46,652.3,0.3106,27696.19,employed,home_improvement,0.48115678769979664
37,53186.32,672.9,0.2954,12054.05,self_employed,education,0.4586845226047816
23,31079.14,585.2,0.2605,3865.35,employed,debt_consolidation,0.6197578028689157
34,55619.87,629.5,0.3241,8493.47,employed,business,0.5301002178949886
37,33147.36,746.2,0.1421,54160.2,unemployed,home_improvement,0.8653616825181228
47,53111.4,721.8,0.1512,8308.51,employed,debt_consolidation,0.1952935600798097
28,50089.93,673.3,0.0764,13199.65,retired,debt_consolidation,0.4147948396802253
35,43146.52,655.0,0.4907,8967.42,self_employed,debt_consolidation,0.7174178092932274
52,34049.19,596.3,0.0431,9613.07,employed,home_improvement,0.2429267933585247
64,70815.35,691.5,0.2217,13158.25,unemployed,debt_consolidation,0.5753426176429741
39,164091.75,723.0,0.4104,18230.17,employed,debt_consolidation,0.309047619781959
33,18598.48,683.5,0.2951,10047.63,unemployed,education,0.7846396287238375
36,61060.05,671.6,0.0537,8758.07,employed,debt_consolidation,0.23288734120609722
26,36702.27,736.1,0.3061,17777.31,employed,debt_consolidation,0.5016859894847853
51,23161.98,652.4,0.0968,15586.71,employed,home_improvement,0.2681366251038966
21,52583.11,601.7,0.044,22721.23,employed,debt_consolidation,0.5672997495662712
48,63494.24,617.0,0.0565,8396.55,employed,home_improvement,0.1914534787635538
23,77756.43,690.2,0.1638,14098.54,employed,debt_consolidation,0.3615680711771112
47,129808.06,632.0,0.2231,17284.76,employed,debt_consolidation,0.32503613829846395
66,20322.43,612.7,0.1125,60000.0,employed,education,0.728709736087382
68,43217.71,640.2,0.0896,9241.22,employed,debt_consolidation,0.20302854937481418
56,49883.47,674.8,0.2785,18168.09,employed,debt_consolidation,0.4068338603226683
45,76355.38,587.2,0.2481,18126.25,employed,home_improvement,0.45627172206349254
53,112849.89,682.5,0.3767,4212.0,unemployed,business,0.6035714256382633
66,42278.55,655.6,0.4423,23651.46,employed,debt_consolidation,0.6019379409218908
28,87673.91,790.8,0.1461,2219.7,employed,medical,0.14965938190982442
24,19901.66,598.5,0.0869,7160.16,employed,home_improvement,0.4058450021366246
66,94256.85,663.0,0.2303,5311.27,employed,home_improvement,0.12613996706254935
59,42706.42,755.1,0.2044,7100.72,employed,debt_consolidation,0.15387555082764584
21,49843.11,706.6,0.0958,12052.86,employed,debt_consolidation,0.32089731795959914
44,18470.71,660.9,0.0969,2820.4,self_employed,home_improvement,0.2460081597394698
49,50476.49,724.5,0.2883,7961.7,employed,medical,0.3390585780459289
29,17995.6,662.8,0.3509,19729.01,employed,home_improvement,0.6235599632197152
25,171511.74,574.5,0.2078,8583.46,self_employed,debt_consolidation,0.42952370969619397
66,27681.37,774.3,0.0856,27954.57,employed,home_improvement,0.1433435536698579
34,45466.12,541.6,0.1429,26332.18,employed,education,0.6688364536661772
29,89531.66,714.4,0.5,7271.66,self_employed,home_improvement,0.46234082976450913
22,62983.59,779.8,0.2779,7248.52,employed,debt_consolidation,0.2730025574248132
41,112989.24,644.5,0.1237,9413.1,employed,education,0.1788045560703466
62,23373.63,727.2,0.1467,13923.18,employed,debt_consolidation,0.2098205939288515
49,36249.26,641.3,0.2862,12449.32,employed,business,0.4735018229584516
25,106525.74,673.4,0.357,10221.09,employed,home_improvement,0.3618660397123953
68,41439.35,671.4,0.3328,4655.96,unemployed,medical,0.7222650065567103
43,89808.72,576.9,0.0322,12629.6,employed,home_improvement,0.24019597653231453
38,19934.71,707.8,0.1876,58386.61,self_employed,home_improvement,0.7865477598457783
45,45418.32,752.1,0.0545,33625.22,unemployed,home_improvement,0.5927708926175917
42,42469.58,697.9,0.1055,12052.06,unemployed,debt_consolidation,0.6236294990405297
43,61364.9,752.1,0.1094,50636.21,employed,business,0.4970572517319201
60,34832.26,717.3,0.0991,14344.1,employed,debt_consolidation,0.190044172433985
51,81897.9,716.4,0.1171,10880.31,self_employed,debt_consolidation,0.1962696488173898
32,23685.81,602.0,0.3268,3579.19,employed,medical,0.683985312063961
37,31547.01,673.7,0.0526,10031.53,employed,medical,0.34945122576361304
35,28819.38,688.4,0.0538,8693.91,employed,medical,0.3280432412502962
63,37983.97,596.7,0.3581,32004.02,employed,education,0.6722229451186394
44,50585.5,732.4,0.1554,6695.31,employed,debt_consolidation,0.18814090700042774
30,36104.97,736.9,0.1277,33458.78,employed,debt_consolidation,0.48766832695903106
32,47029.33,639.2,0.2281,8885.14,self_employed,debt_consolidation,0.5392233676449796
64,183214.74,668.6,0.1681,14191.22,employed,home_improvement,0.07692054807154135
66,44322.47,747.4,0.3939,10591.35,self_employed,home_improvement,0.2546646482951741
25,59602.75,700.9,0.3953,17286.97,unemployed,debt_consolidation,0.8758954123204116
40,89226.17,697.1,0.1194,8781.42,employed,debt_consolidation,0.18854559055217368
41,35476.29,586.3,0.2325,23430.6,employed,business,0.6799392792142385
44,43748.86,725.2,0.2079,15455.71,employed,education,0.2520493063956239
39,73225.16,694.5,0.1237,27778.84,employed,home_improvement,0.3003936636252588
69,72010.17,560.2,0.3452,4092.45,retired,debt_consolidation,0.4972128093619038
45,34793.84,579.9,0.5657,24381.5,self_employed,education,0.8767038698496523
62,42242.43,655.1,0.3126,7813.57,employed,home_improvement,0.27226218908818545
35,19405.76,633.8,0.2093,8129.54,employed,debt_consolidation,0.49000006202974666
28,19815.29,579.0,0.1037,10034.6,employed,home_improvement,0.46420144487124737
68,64254.27,553.3,0.5012,17307.09,self_employed,debt_consolidation,0.7660829980277502
23,97834.29,667.7,0.2843,29982.12,self_employed,debt_consolidation,0.6947296782541216
61,38590.94,769.1,0.4212,9081.54,self_employed,business,0.33071438617411436
58,33055.24,665.2,0.0677,10388.65,employed,medical,0.2770700205965756
48,43565.43,716.0,0.0684,16817.32,employed,medical,0.2832463119170859
44,96593.67,630.5,0.3483,12725.19,employed,debt_consolidation,0.46441286531562515
39,39741.58,687.7,0.0738,12924.63,retired,debt_consolidation,0.34787035654194326
31,54262.47,644.4,0.3452,35760.48,employed,medical,0.8394072546959791
39,30336.06,694.9,0.1287,9052.67,employed,debt_consolidation,0.286987147398035
22,51022.79,684.4,0.2249,22366.41,employed,debt_consolidation,0.5671186143095003
42,228286.98,640.4,0.3303,22884.98,employed,debt_consolidation,0.2986008295061136
52,51983.55,608.2,0.4325,5566.47,employed,business,0.5432561838672326
56,43834.67,628.9,0.2306,25665.52,employed,debt_consolidation,0.5392151896058447
30,69429.33,671.2,0.0637,9045.46,self_employed,debt_consolidation,0.3133513811421736
29,65857.57,599.8,0.1119,15563.07,employed,debt_consolidation,0.4858692369215831
25,52848.12,673.0,0.1001,14103.15,employed,business,0.3694087806607116
21,64334.52,677.3,0.1,30467.76,employed,home_improvement,0.4435918472385111
39,21026.14,692.1,0.0492,19235.16,employed,medical,0.4150943430998822
52,35963.24,484.7,0.1679,2998.2,employed,debt_consolidation,0.5501253224902712
45,35294.84,730.8,0.12,20610.26,self_employed,debt_consolidation,0.3549912568921545
36,32803.55,667.5,0.0933,17305.61,employed,education,0.32632578388782524
58,29855.48,752.9,0.1302,18544.59,employed,debt_consolidation,0.20677573038350933
69,15000.0,594.8,0.2696,8920.95,unemployed,education,0.7423419882039659
38,49260.66,646.5,0.2429,7925.81,self_employed,debt_consolidation,0.49168789366305077
56,37191.34,666.6,0.3356,38191.96,self_employed,debt_consolidation,0.753860416926913
59,91877.95,792.1,0.1565,12489.32,employed,debt_consolidation,0.09026564979367094
66,46311.75,661.2,0.0772,14224.27,employed,debt_consolidation,0.20781135603087686
58,23924.83,673.5,0.1975,38127.04,unemployed,debt_consolidation,0.8702470248749345
30,40905.05,647.6,0.0857,5510.81,employed,debt_consolidation,0.3212299694582888
43,119692.33,680.8,0.2073,9942.72,employed,home_improvement,0.16039276075419345
61,121313.77,624.8,0.25,12565.07,employed,education,0.21355963544730747
47,107117.41,662.3,0.2464,7533.38,unemployed,home_improvement,0.5211838055719742
42,133795.38,682.2,0.2737,60000.0,employed,business,0.7155834163841882
64,21702.51,531.3,0.1435,20108.44,employed,debt_consolidation,0.5845940719470425
31,53498.21,696.2,0.1704,8317.18,employed,medical,0.3799071905127523
37,171458.55,679.2,0.2959,13706.64,employed,home_improvement,0.18929865249597758
35,76808.32,616.4,0.2974,3750.47,employed,medical,0.5206741828875157
29,67851.68,674.2,0.1822,21316.44,employed,education,0.3965927357896127
66,86922.74,676.5,0.1839,16647.02,employed,medical,0.2742682106413577
69,43575.0,595.8,0.2623,16447.86,employed,debt_consolidation,0.4614996268651587
44,83747.13,583.7,0.2795,60000.0,employed,education,0.8537255433377878
61,42870.43,634.5,0.3434,37209.76,unemployed,debt_consolidation,0.9205627338518322
36,71070.33,710.0,0.0944,20857.48,self_employed,home_improvement,0.2732916485912183
34,51950.0,653.5,0.3819,6839.27,employed,home_improvement,0.4409815969685346
48,82167.74,687.0,0.2248,5626.24,retired,debt_consolidation,0.2825631721666611
50,45559.64,721.3,0.1394,11658.42,unemployed,debt_consolidation,0.5587152812415201
65,62593.48,648.5,0.1856,12588.72,employed,home_improvement,0.19677633716072118
50,53908.63,729.7,0.0763,11099.58,unemployed,education,0.39580112648689414
32,93359.88,611.5,0.4635,6566.98,employed,education,0.5361961639699415
34,131759.68,645.5,0.2867,14254.8,employed,debt_consolidation,0.3852433134306813
63,79067.43,751.0,0.0985,24680.48,self_employed,business,0.19560802142821482
42,22210.13,730.5,0.2798,26341.2,employed,education,0.4494791139861838
35,66345.51,740.4,0.1356,10633.38,employed,home_improvement,0.15164100438317704
59,35438.79,681.8,0.1658,42874.57,employed,debt_consolidation,0.56523368968933
44,26627.34,651.5,0.1578,26284.18,self_employed,debt_consolidation,0.610905319028997
26,119656.78,691.3,0.1146,6677.96,self_employed,debt_consolidation,0.2376666233891692
35,35887.09,682.9,0.2376,30386.18,self_employed,debt_consolidation,0.6885937244366809
29,19972.49,684.5,0.3173,23995.61,employed,debt_consolidation,0.6806065885226198
65,97514.71,684.5,0.1081,27140.71,employed,home_improvement,0.16644462710488453
40,101575.8,681.1,0.2783,14227.21,employed,debt_consolidation,0.34247261113363625
64,36348.01,566.2,0.1926,25747.94,employed,home_improvement,0.5024085513922674
59,40592.77,595.8,0.2562,10515.59,unemployed,home_improvement,0.7317488188423419
57,41204.02,680.5,0.3075,12246.65,employed,education,0.30908601468446645
21,36219.35,640.7,0.4402,11621.72,employed,business,0.7336911666137561
38,40387.3,773.9,0.0553,19735.4,employed,home_improvement,0.1507687667950616
49,83178.73,744.5,0.136,3153.26,employed,home_improvement,0.07565925530750396
42,41826.94,731.1,0.2508,12513.84,self_employed,home_improvement,0.3028878836403624
65,33433.0,683.4,0.014,60000.0,employed,business,0.5739794593748037
64,52188.78,619.1,0.0908,6234.39,retired,debt_consolidation,0.2720076913013317
57,41917.9,689.5,0.0794,10323.36,self_employed,debt_consolidation,0.23510230004598393
49,249467.54,656.1,0.2295,11418.44,employed,home_improvement,0.0763535868455701
35,145010.66,705.3,0.1916,17239.97,unemployed,home_improvement,0.4855127316010243
48,36577.63,645.5,0.1234,9296.49,self_employed,debt_consolidation,0.37642643673744935
65,58674.97,641.2,0.1806,12328.83,employed,home_improvement,0.20588065136533948
55,119541.7,659.1,0.2034,8306.11,employed,debt_consolidation,0.18694698653357442
51,191668.77,821.8,0.1628,7425.37,retired,debt_consolidation,0.047178184582244674
61,107608.97,693.7,0.2502,6111.39,employed,home_improvement,0.11340528325319191
32,50466.66,637.0,0.2267,34685.76,self_employed,debt_consolidation,0.7729349462204773
47,114447.22,714.2,0.1586,13433.64,self_employed,debt_consolidation,0.21217773489228917
40,22368.7,682.2,0.1772,28797.65,employed,debt_consolidation,0.556025332878871
31,108759.49,681.9,0.0732,47073.11,employed,debt_consolidation,0.5348552661165907
49,87117.82,641.1,0.3647,17109.89,employed,education,0.4260000261010923
43,41935.05,698.5,0.4022,7866.18,employed,home_improvement,0.36080862104390343
68,91073.21,593.1,0.3426,33268.74,employed,home_improvement,0.5329719291921929
53,102288.47,635.0,0.0665,3245.04,employed,home_improvement,0.10233146528913034
58,61736.24,782.8,0.0737,15431.79,employed,home_improvement,0.07482795550884223
49,86351.92,789.8,0.0932,21534.67,employed,business,0.13026365586624528
45,23445.15,615.1,0.2454,14171.19,retired,debt_consolidation,0.6370664707953702
69,23047.59,641.9,0.3727,39877.05,employed,debt_consolidation,0.7387236877730609
54,92257.34,589.7,0.2028,20716.57,employed,home_improvement,0.3621548691178296
24,97705.25,708.0,0.365,6044.21,employed,debt_consolidation,0.3747393114863021
23,33356.64,616.9,0.0695,6932.92,employed,debt_consolidation,0.4240720984526871
49,43795.17,684.4,0.0707,28357.55,unemployed,home_improvement,0.6542719275443253
28,23285.35,700.3,0.2692,5974.34,retired,debt_consolidation,0.5106175333278572
54,73933.24,719.5,0.2839,10371.67,employed,debt_consolidation,0.23800480589165265
22,41165.72,670.6,0.1647,35023.52,employed,debt_consolidation,0.683652057176875
57,38944.32,666.8,0.1768,30067.95,retired,education,0.4844001565518943
56,35270.17,765.8,0.1115,12225.79,employed,debt_consolidation,0.1454828678189832
69,23120.97,648.4,0.2559,30029.57,self_employed,debt_consolidation,0.6130717684890773
27,42323.87,752.5,0.3442,26269.93,employed,debt_consolidation,0.5767818178719692
68,66787.08,715.2,0.4044,60000.0,employed,medical,0.8103463386969346
44,42211.2,663.3,0.4869,10836.51,self_employed,home_improvement,0.59394225932564
23,95458.89,641.4,0.1177,28143.57,self_employed,business,0.5864462794143768
57,25286.35,777.2,0.2961,13542.19,employed,debt_consolidation,0.25092671610289796
69,18962.74,671.0,0.0647,25139.23,retired,debt_consolidation,0.37493741207548764
67,96760.71,677.6,0.1876,2302.31,employed,business,0.11725460192645633
59,44230.28,636.2,0.01,14399.02,retired,business,0.2882140196327908
46,138128.04,712.6,0.1556,2546.66,employed,debt_consolidation,0.09731554097706564
32,30401.95,678.4,0.2402,19901.94,employed,home_improvement,0.46109183991833497
22,36149.89,731.0,0.2828,25682.39,self_employed,home_improvement,0.5774952344322831
53,47624.85,710.5,0.2474,14191.48,employed,home_improvement,0.23125894835274002
41,27941.97,763.6,0.188,26450.54,self_employed,education,0.378520292224879
43,47272.69,703.0,0.151,34792.48,employed,medical,0.5725188737239055
43,52008.81,655.6,0.2801,16441.34,employed,debt_consolidation,0.49095754744203146
31,23700.67,624.9,0.0588,35732.79,employed,debt_consolidation,0.6702899411879552
36,50925.73,676.4,0.4186,38275.31,employed,debt_consolidation,0.7980609940016988
56,31880.61,729.8,0.088,33774.43,employed,debt_consolidation,0.34193039228429445
50,38006.99,724.0,0.3176,15896.26,self_employed,debt_consolidation,0.4548582765253428
61,25623.65,653.2,0.0784,11995.25,employed,home_improvement,0.1880968895708495
33,19799.6,791.4,0.2051,32152.03,employed,debt_consolidation,0.4572535260128652
30,79461.36,663.8,0.0888,31245.73,self_employed,debt_consolidation,0.552613268666003
35,39476.95,772.9,0.3975,14572.69,employed,home_improvement,0.33991108705744966
38,40036.71,644.6,0.1698,14982.1,employed,debt_consolidation,0.4502224419600958
25,45009.49,721.2,0.1369,12406.9,employed,education,0.2626023618956995
51,31639.66,663.5,0.0296,12620.5,employed,debt_consolidation,0.24100273040253514
36,49466.17,802.2,0.3031,10023.96,employed,debt_consolidation,0.24284033790884121
45,57358.59,674.7,0.0133,26789.38,unemployed,business,0.6822878201277164
46,54080.91,669.9,0.0245,19942.05,employed,education,0.22101295140635713
31,39648.29,570.7,0.0505,7959.27,employed,debt_consolidation,0.44725918887065014
23,56242.85,754.1,0.2481,16606.73,self_employed,debt_consolidation,0.45617530736884
23,65009.12,597.9,0.3201,29238.94,employed,home_improvement,0.7375806800071493
40,33617.26,761.7,0.1154,18540.3,employed,debt_consolidation,0.2496891372206443
63,73389.0,728.1,0.2177,58088.12,employed,debt_consolidation,0.5873518649906545
40,73601.47,641.8,0.1465,60000.0,employed,home_improvement,0.7217491587322369
62,45529.14,579.1,0.3934,12116.44,employed,home_improvement,0.5043828761950269
31,44526.41,668.3,0.1873,29537.78,employed,home_improvement,0.5118337717429965
39,32111.79,696.5,0.0622,9807.51,employed,debt_consolidation,0.24271498388583357
42,15000.0,717.0,0.039,3706.58,retired,business,0.22312461168808506
21,27799.38,573.6,0.1784,17583.86,employed,business,0.7125073793628561
63,56050.54,621.9,0.3285,8055.5,employed,home_improvement,0.3094129019478837
62,62250.13,601.0,0.261,22648.15,self_employed,home_improvement,0.4983854345128548
49,42737.23,767.9,0.4644,5343.27,employed,home_improvement,0.24794326447815523
24,83048.67,670.6,0.0163,60000.0,self_employed,business,0.767077343556151
35,65331.08,592.1,0.1787,12555.93,unemployed,debt_consolidation,0.8229901046900905
51,65858.19,582.9,0.3191,15100.8,employed,education,0.5032718707142533
24,33564.71,738.9,0.1485,14506.42,employed,home_improvement,0.2682695698053736
61,41619.53,713.4,0.1656,22575.43,employed,debt_consolidation,0.28553244698937863
27,25591.62,752.2,0.5343,19162.79,employed,education,0.6290887942969143
31,87367.9,686.2,0.1101,11456.32,self_employed,debt_consolidation,0.3110219577423727
39,28393.01,737.5,0.3967,21294.39,retired,home_improvement,0.5527879793229493
47,54485.72,663.1,0.1197,22756.05,employed,debt_consolidation,0.3783831446303547
46,161268.9,718.3,0.1289,27552.45,employed,debt_consolidation,0.18291359636126753
57,115359.54,672.4,0.3013,9951.22,employed,home_improvement,0.1776092655866299
33,53571.54,645.8,0.0973,17390.16,employed,education,0.3438235584120407
28,63668.77,632.0,0.1916,40428.07,employed,business,0.7397248023578852
27,47990.95,674.8,0.3548,20194.09,employed,business,0.6450596627634977
44,21083.94,550.0,0.3084,59916.51,employed,business,0.9463478424501218
36,26283.96,603.8,0.1946,10197.61,employed,debt_consolidation,0.5351547759177407
52,81982.5,636.9,0.3443,6936.91,employed,education,0.3120587525382666
25,37360.16,687.6,0.1644,6591.46,self_employed,business,0.4216232087931204
48,35506.41,611.3,0.448,8576.05,employed,education,0.571444598173842
43,40104.3,572.4,0.0876,41972.68,retired,debt_consolidation,0.8027077014103724
55,29644.47,637.2,0.4853,17945.12,self_employed,debt_consolidation,0.749104268509185
68,44689.52,775.7,0.4495,26830.22,retired,medical,0.5691717423760815
29,48412.59,701.5,0.2741,28955.52,employed,debt_consolidation,0.6134130042757759
69,34625.19,724.5,0.1713,8099.09,employed,debt_consolidation,0.1537192881811654
35,27509.6,640.2,0.5309,5355.26,employed,debt_consolidation,0.7029424050593717
49,60438.41,707.0,0.3519,4112.93,employed,debt_consolidation,0.29329855175148084
62,53112.01,680.6,0.2417,3620.33,employed,education,0.16773562478642629
51,108605.05,744.1,0.1506,10193.06,self_employed,debt_consolidation,0.1495846746854264
53,30735.59,651.2,0.2143,6872.78,employed,education,0.27475340605543924
31,24236.27,740.4,0.2118,15483.77,employed,business,0.38072488429804563
45,42786.6,598.4,0.264,2235.16,employed,debt_consolidation,0.4411473655214925
59,91095.82,608.5,0.3009,7221.83,employed,home_improvement,0.2636970313746209
65,16630.87,655.1,0.1411,17979.35,unemployed,home_improvement,0.6303553556787547
38,23775.86,676.4,0.2496,23790.53,employed,business,0.5793616685895301
67,71105.79,561.2,0.1848,21396.65,employed,home_improvement,0.37646301826410244
59,66708.19,727.3,0.0487,14941.37,employed,medical,0.1703989586004309
25,34165.54,813.6,0.3914,52771.86,self_employed,home_improvement,0.763352563703951
58,27347.49,832.0,0.241,38317.88,employed,debt_consolidation,0.3340075472131399
21,46290.72,751.4,0.1844,3794.15,employed,debt_consolidation,0.25188252507734304
46,31649.27,699.1,0.2564,9381.67,unemployed,debt_consolidation,0.7135835666028447
62,28992.41,647.5,0.1248,60000.0,employed,debt_consolidation,0.7460057561967511
57,73481.67,776.8,0.106,6775.67,unemployed,debt_consolidation,0.29508369069457996
26,41448.82,638.4,0.0911,17420.36,employed,debt_consolidation,0.4804519830665779
50,22018.57,675.1,0.1975,28461.83,employed,debt_consolidation,0.5300005627085519
64,26761.24,601.3,0.4429,3945.66,self_employed,business,0.6048343573661429
52,27953.86,623.1,0.1977,21495.83,employed,debt_consolidation,0.5305615944172616
28,46958.53,618.8,0.3665,15489.8,self_employed,business,0.7567729411033659
23,33457.04,652.9,0.026,13209.95,self_employed,debt_consolidation,0.4578631652956696
21,64883.9,734.4,0.3552,5982.36,employed,home_improvement,0.3131363172673742
64,35882.96,611.5,0.1524,3787.19,employed,home_improvement,0.20014406028214238
27,46629.38,596.2,0.0708,7453.89,employed,debt_consolidation,0.4209734112431774
53,149746.61,717.9,0.3309,12524.06,employed,home_improvement,0.13667734785477156
30,136009.15,633.0,0.1402,12133.15,employed,debt_consolidation,0.2838807505277306
58,44921.55,731.4,0.2063,52753.95,employed,home_improvement,0.5080579736529993
67,17728.25,730.0,0.0486,22799.6,employed,debt_consolidation,0.20063172532347257
35,113193.91,584.4,0.1683,23807.38,employed,education,0.45269558418698974
52,38005.23,740.3,0.0747,13588.08,self_employed,home_improvement,0.1594793460867154
52,28854.19,667.6,0.1907,13403.37,unemployed,debt_consolidation,0.7262749298902531
59,45612.83,599.6,0.2558,35258.8,self_employed,debt_consolidation,0.7463937427205147
32,26277.53,564.8,0.4323,10377.63,self_employed,home_improvement,0.7833526760353545
27,24065.7,697.0,0.5225,12017.65,unemployed,home_improvement,0.8889481479875078
58,49060.72,730.0,0.0894,4970.75,employed,home_improvement,0.08258000259774259
30,48394.66,690.3,0.2687,3596.43,employed,debt_consolidation,0.36328434290387657
53,48829.38,685.5,0.2802,12890.68,unemployed,debt_consolidation,0.7223047794283395
61,19882.51,635.5,0.0107,2852.93,employed,debt_consolidation,0.17642417922963835
38,126979.22,513.8,0.3015,10257.89,employed,debt_consolidation,0.5846991785331971
38,53396.76,577.1,0.097,27936.66,employed,debt_consolidation,0.6182220305686071
48,33734.01,761.8,0.0818,60000.0,employed,debt_consolidation,0.5860099716703631
59,55444.68,700.4,0.1295,10999.92,employed,debt_consolidation,0.18239280222476012
66,101445.6,676.6,0.3066,7978.49,employed,business,0.20256084657150902
59,43924.49,671.3,0.2132,5245.18,unemployed,debt_consolidation,0.6018123862219575
54,42162.32,790.2,0.274,17740.8,employed,business,0.23434582425344536
36,38190.88,662.3,0.2786,10718.08,employed,debt_consolidation,0.48261797829930225
62,61247.59,725.2,0.3706,6853.27,employed,medical,0.31039593412429
63,34513.66,654.4,0.3927,12239.06,employed,home_improvement,0.38433390337204787
31,21694.33,684.9,0.2693,4042.73,employed,debt_consolidation,0.4230709609182008
30,61032.63,708.2,0.1562,17582.04,employed,home_improvement,0.2751811337399376
46,46156.15,587.6,0.152,30326.48,self_employed,home_improvement,0.6243158653853227
41,15000.0,719.7,0.4707,7562.37,employed,home_improvement,0.4393906601708343
53,119191.49,633.5,0.1209,15349.12,unemployed,debt_consolidation,0.5807854454282183
31,33470.86,786.7,0.1893,20056.96,retired,medical,0.4730587905268249
28,26416.37,562.6,0.2548,14164.28,employed,home_improvement,0.6524123581344908
37,49475.53,600.1,0.3031,27684.65,employed,home_improvement,0.6706395708466176
27,78057.86,627.0,0.3999,22045.57,unemployed,medical,0.9453707278454638
44,29943.73,692.3,0.2039,9883.62,employed,debt_consolidation,0.3323909657536969
68,112375.19,614.8,0.2669,29713.09,employed,debt_consolidation,0.4388523257812428
69,29350.56,642.7,0.1215,4208.78,employed,business,0.194491732787149
58,78867.29,624.5,0.5358,9847.52,employed,debt_consolidation,0.568515585323003
61,73319.57,677.3,0.3715,4025.87,employed,medical,0.3467071325830601
47,61932.89,688.3,0.2409,33754.67,self_employed,home_improvement,0.5180364162800529
68,97302.15,612.1,0.1919,9403.77,employed,home_improvement,0.16944306237573278
46,49611.0,688.1,0.3755,16472.73,employed,debt_consolidation,0.5033938996011836
44,44078.74,541.2,0.5198,6712.72,self_employed,home_improvement,0.7705028027110602
38,45304.96,608.0,0.1204,2894.95,employed,business,0.33713670135128926
44,69252.54,763.8,0.4941,16482.73,employed,home_improvement,0.3523288585745398
52,55056.26,769.2,0.0624,7089.67,employed,debt_consolidation,0.09501610545208984
67,142693.33,785.7,0.2564,14121.73,employed,home_improvement,0.05799152483932345
37,36184.89,654.5,0.1946,17886.95,employed,business,0.4910776898207461
29,24766.56,709.9,0.3716,13182.62,retired,home_improvement,0.5580996942687085
34,34708.12,828.3,0.091,11328.06,employed,home_improvement,0.09737333732484668
69,54278.68,721.2,0.1475,7215.76,employed,debt_consolidation,0.1236867421056922
53,20136.95,664.3,0.2681,9082.37,self_employed,debt_consolidation,0.46933089406343287
41,40051.56,713.6,0.1537,11202.75,employed,debt_consolidation,0.2707380753103315
46,36366.74,688.1,0.3968,7934.56,employed,medical,0.5396520762753035
27,22176.33,710.8,0.1976,19577.15,self_employed,debt_consolidation,0.5684142692175956
69,33061.45,649.5,0.1529,34887.59,employed,debt_consolidation,0.4805326786403448
36,117831.12,738.9,0.1344,7965.6,retired,business,0.17061854564426643
57,19318.06,667.7,0.253,14547.96,employed,debt_consolidation,0.4145162091709471
21,99153.59,682.6,0.1949,60000.0,employed,home_improvement,0.7372208455465249
51,24597.34,727.4,0.1221,17575.06,employed,debt_consolidation,0.26287572765191924
34,29924.33,686.4,0.2418,28918.9,self_employed,business,0.6825999734350838
59,36532.95,630.1,0.2742,19792.05,unemployed,debt_consolidation,0.8322599644133742
36,24046.1,717.0,0.4426,53024.4,employed,debt_consolidation,0.8798425072500727
60,76962.5,765.7,0.1216,7951.44,employed,education,0.06804806090246471
63,27966.88,644.3,0.0939,33285.87,employed,debt_consolidation,0.46429500644796307
48,31738.52,730.6,0.0902,41389.28,employed,home_improvement,0.37170035474871443
38,73924.51,688.2,0.3313,22896.28,employed,debt_consolidation,0.527063596236422
25,150213.07,772.8,0.3276,28249.54,employed,education,0.28619415654615665
45,36036.63,735.7,0.2479,5556.18,employed,debt_consolidation,0.2467926468904807
66,34258.08,782.6,0.3608,5254.82,employed,medical,0.2319626246422302
24,67788.16,635.9,0.1285,8317.0,employed,debt_consolidation,0.38313069565995345
50,25941.09,718.2,0.1464,17262.17,employed,debt_consolidation,0.2932340583331482
41,27279.6,621.3,0.366,3092.93,employed,debt_consolidation,0.5494309913945739
58,44763.0,670.2,0.0977,8261.81,employed,home_improvement,0.14630392914012877
66,36490.02,719.3,0.3202,3906.33,employed,debt_consolidation,0.21926434618264043
40,78433.28,739.1,0.1241,9759.11,employed,business,0.16096147894136364
39,23732.94,682.6,0.2022,3480.0,employed,debt_consolidation,0.32244256565755947
32,57964.73,638.5,0.3187,18035.84,employed,home_improvement,0.5294260008935152
63,67929.57,688.2,0.2616,3755.65,employed,education,0.15164670568881436
23,26557.98,638.8,0.0376,3179.02,employed,business,0.33005082021131604
48,40027.57,743.8,0.3877,17979.21,self_employed,debt_consolidation,0.5083974347149486
46,52695.16,753.6,0.274,16201.84,employed,home_improvement,0.22613259288639637
55,25977.06,684.7,0.4316,36009.88,employed,debt_consolidation,0.740439367609383
34,24188.11,626.1,0.2033,12467.06,employed,debt_consolidation,0.5403763143856712
60,84401.6,712.4,0.0953,9015.12,unemployed,home_improvement,0.2980325263143948
33,73978.88,808.7,0.2008,6878.38,employed,debt_consolidation,0.1411229597268461
24,60983.81,698.9,0.1864,7757.38,self_employed,home_improvement,0.31388213661085784
40,59150.39,721.3,0.2106,7046.7,employed,business,0.23568444640678343
28,53893.39,715.8,0.1647,35275.79,employed,debt_consolidation,0.553630248090378
40,41995.85,691.5,0.1064,12266.93,employed,debt_consolidation,0.28039566224161083
31,40212.13,613.3,0.094,11468.25,employed,debt_consolidation,0.442448586259717
66,41021.93,750.1,0.439,34331.96,employed,business,0.5342669983933434
67,42046.3,580.0,0.5099,4135.18,retired,business,0.6636947064686584
66,88574.52,633.9,0.1505,15818.78,employed,debt_consolidation,0.2410058818923348
38,15000.0,620.6,0.3831,12939.97,employed,debt_consolidation,0.6984379799438734
26,60660.3,716.2,0.1363,5841.97,self_employed,home_improvement,0.2301703579994982
68,88942.97,756.9,0.224,37164.89,employed,home_improvement,0.2115223122944493
52,15000.0,565.4,0.1787,16838.51,employed,debt_consolidation,0.5962199296316174
48,46645.91,692.0,0.3393,18802.14,self_employed,debt_consolidation,0.5569703790415461
58,66463.44,637.6,0.3168,10635.3,employed,business,0.3815733490333384
56,82107.56,660.7,0.3844,38709.85,employed,debt_consolidation,0.6695709578536704
30,55239.01,604.3,0.2724,21870.25,unemployed,debt_consolidation,0.9133768686500695
58,32315.89,710.8,0.0993,18115.19,unemployed,home_improvement,0.5020626597762556
65,151540.89,627.8,0.245,7403.54,employed,debt_consolidation,0.16776520016020766
36,37274.18,774.0,0.1461,12978.67,employed,education,0.17587564529151173
28,54642.3,710.6,0.1887,6802.57,employed,education,0.2406379445079282
66,116808.54,689.1,0.373,8841.4,employed,debt_consolidation,0.21564782957448209
45,71659.57,661.0,0.1607,11569.94,employed,debt_consolidation,0.28914878693338164
50,52834.55,682.8,0.1533,3086.11,employed,debt_consolidation,0.1974302613968957
33,44911.18,713.9,0.296,26178.75,employed,home_improvement,0.47605412822980175
60,70092.75,682.7,0.3957,13423.69,employed,home_improvement,0.302080596176105
51,122395.76,689.7,0.1012,9174.65,self_employed,debt_consolidation,0.15961236202845486
46,27086.05,620.2,0.0862,30542.05,employed,business,0.561049442845443
36,37207.81,675.7,0.2448,8350.26,employed,home_improvement,0.32169917181610513
24,28138.52,724.7,0.1734,16900.34,employed,debt_consolidation,0.4254640994196482
38,51017.05,589.2,0.1939,8296.7,employed,debt_consolidation,0.481709563332678
62,90272.19,633.6,0.048,9479.92,employed,debt_consolidation,0.15476432075611238
46,41801.81,624.7,0.1094,6298.54,employed,debt_consolidation,0.30632980714150687
45,67063.07,649.6,0.3369,19984.23,employed,debt_consolidation,0.5482412892626528
58,15000.0,717.2,0.2918,4061.4,employed,debt_consolidation,0.2683144698380276
45,56169.66,689.2,0.0422,9529.23,employed,debt_consolidation,0.18435122868433484
31,31597.69,696.8,0.1221,13135.5,employed,home_improvement,0.27312533955642854
26,137432.82,675.9,0.137,4414.81,employed,debt_consolidation,0.18206192639899535
24,82610.54,748.6,0.1922,7802.74,employed,education,0.18078805990325833
55,71877.65,674.5,0.33,15018.51,unemployed,debt_consolidation,0.7455835966676995
32,48263.35,609.5,0.2069,60000.0,employed,education,0.8653830568625621
57,85868.19,684.3,0.3762,12924.15,employed,debt_consolidation,0.3471080742839854
53,105446.96,661.6,0.1661,6956.16,unemployed,education,0.43732569894003603
26,50637.47,561.1,0.142,7162.86,employed,education,0.47084340099452576
61,20116.05,689.9,0.1016,7282.68,self_employed,home_improvement,0.18045353968321995
47,56530.94,660.5,0.4416,30959.12,unemployed,home_improvement,0.897436698698555
25,94589.85,616.0,0.147,50268.49,self_employed,education,0.7809940689700215
50,45965.63,669.8,0.2195,23942.12,self_employed,business,0.5314731242976163
32,35471.34,728.0,0.1066,16531.66,employed,home_improvement,0.2361454182885561
49,97812.87,670.9,0.2935,20701.01,employed,medical,0.47669909177040953
23,22366.36,766.8,0.0717,10138.3,employed,debt_consolidation,0.23406201295773985
55,65865.72,695.9,0.0887,10364.94,employed,business,0.1602007654531083
65,65492.35,636.5,0.5951,6593.48,employed,education,0.48179316929867455
45,91332.57,713.3,0.1975,9157.25,employed,debt_consolidation,0.1954991064237809
33,54922.56,750.2,0.0946,24329.73,employed,business,0.29192012162973807
24,79646.52,670.9,0.3657,9962.88,employed,education,0.44706432877393526
35,31219.96,604.8,0.5089,15665.32,retired,home_improvement,0.8046907367379242
50,48517.61,588.5,0.3663,32806.35,employed,debt_consolidation,0.7901599868969604
57,35411.2,709.9,0.2437,45166.34,employed,debt_consolidation,0.614933406164247
37,31860.27,676.8,0.2506,7374.66,employed,debt_consolidation,0.40441475640820973
36,53869.46,661.7,0.4934,2755.11,employed,business,0.5514017042525707
33,57454.24,717.7,0.2176,7189.66,employed,business,0.2781570720262383
39,30327.66,620.8,0.2574,14327.83,employed,home_improvement,0.48622764999215046
21,30150.74,608.5,0.2871,8637.37,employed,education,0.5927635226930974
67,19457.81,605.4,0.4689,27621.75,self_employed,medical,0.8608015670791099
44,62946.57,642.3,0.1391,12897.37,employed,medical,0.4094273272477783
58,46003.76,731.1,0.3918,15759.86,employed,debt_consolidation,0.37531110493293846
36,30312.72,712.1,0.2057,12843.02,unemployed,education,0.6740476398788501
48,53785.93,764.3,0.2689,13341.08,employed,debt_consolidation,0.24365761912528483
54,83760.66,580.7,0.221,21528.47,unemployed,debt_consolidation,0.8302201643173233
27,29916.78,640.0,0.3072,8887.07,self_employed,debt_consolidation,0.662331949645048
65,33001.57,788.0,0.3305,15907.42,employed,debt_consolidation,0.23351616370253783
51,29363.38,595.7,0.0478,5881.76,unemployed,home_improvement,0.5843631093759836
61,29163.06,799.5,0.2677,36357.87,self_employed,debt_consolidation,0.4441254071716602
45,85458.68,643.7,0.2284,10268.87,employed,debt_consolidation,0.3322762549342036
46,80145.59,687.6,0.2134,25318.55,employed,debt_consolidation,0.3958356483509612
69,54922.58,738.9,0.2868,8025.81,self_employed,education,0.1732469535518178
47,44267.23,672.0,0.0724,39896.59,employed,medical,0.5978927234700512
69,26539.52,712.1,0.2388,39682.74,employed,business,0.497430245049852
21,21742.03,754.2,0.406,6338.38,self_employed,business,0.5597116957918421
51,34295.55,731.2,0.1102,14549.32,unemployed,education,0.4909459295958989
52,72831.61,724.7,0.2223,8142.89,employed,business,0.1848298038940799
35,19903.9,729.5,0.0382,17556.15,employed,home_improvement,0.21016824027068412
60,33907.06,624.4,0.1919,34597.44,unemployed,debt_consolidation,0.8782314106102346
61,58246.94,709.0,0.2181,46914.18,unemployed,business,0.8481583773622368
27,58484.86,606.5,0.3167,12447.57,employed,debt_consolidation,0.6420645851567527
60,25386.13,677.6,0.0221,4081.34,employed,debt_consolidation,0.1439901283764084
33,72326.89,715.0,0.4207,11257.57,employed,home_improvement,0.37512339048655746
52,24243.42,730.0,0.0553,16040.79,employed,home_improvement,0.1499213814396018
57,64599.84,676.5,0.1274,8340.22,employed,education,0.14715347891492533
33,37237.95,741.3,0.3756,2998.24,employed,education,0.2993822671805231
60,31716.34,676.8,0.2211,12111.92,employed,home_improvement,0.23911487609787743
62,91331.08,671.0,0.1182,8877.81,employed,home_improvement,0.10636134840950467
24,123139.92,726.9,0.111,9500.8,employed,debt_consolidation,0.16790522992958143
31,101747.16,664.8,0.1536,14650.07,employed,debt_consolidation,0.31916367072037055
30,95311.31,783.4,0.2596,30453.72,employed,home_improvement,0.290472633566458
49,48590.04,733.4,0.1023,41137.11,self_employed,home_improvement,0.4071391688349906
51,139516.14,766.2,0.277,12302.41,retired,debt_consolidation,0.1716010475708389
66,56330.68,720.9,0.0295,7165.97,employed,debt_consolidation,0.08920723676171569
57,46453.48,711.1,0.1814,14323.88,unemployed,business,0.5956830040913699
33,64525.48,642.9,0.1282,6481.38,self_employed,debt_consolidation,0.381642580064556
30,60657.7,678.3,0.097,2342.68,retired,debt_consolidation,0.2906618893825697
62,37892.78,670.3,0.3556,9455.51,employed,debt_consolidation,0.3836214954583651
42,88203.07,656.2,0.125,7440.86,employed,home_improvement,0.16856812237245525
21,67168.42,746.6,0.1147,16581.01,self_employed,debt_consolidation,0.3468075291528459
32,15000.0,721.1,0.241,5279.68,employed,home_improvement,0.2766835567175531
55,21876.55,655.5,0.0919,5450.15,employed,debt_consolidation,0.23508196158531408
64,22187.13,636.8,0.2196,29030.56,unemployed,education,0.8127726705130581
61,28944.04,696.1,0.3551,14480.45,employed,debt_consolidation,0.4102271115149795
69,85973.09,573.9,0.0714,13593.53,employed,home_improvement,0.18451604471218672
59,39466.13,685.7,0.1796,8988.08,self_employed,debt_consolidation,0.293221986963893
35,45645.09,618.1,0.3535,9856.63,employed,debt_consolidation,0.6099065793518496
51,23966.29,651.0,0.0275,23150.42,self_employed,home_improvement,0.3469602091739018
35,89436.02,596.5,0.1712,9088.02,unemployed,medical,0.8122890724009815
60,186589.58,565.7,0.2923,26330.79,employed,debt_consolidation,0.4132711401963633
50,72341.83,649.5,0.202,3727.93,employed,debt_consolidation,0.2473353505849018
30,57856.48,771.2,0.1984,10149.51,employed,home_improvement,0.17174052058455125
64,80945.3,735.8,0.167,8191.78,self_employed,debt_consolidation,0.14603750857358688
42,72703.67,589.9,0.272,10258.48,employed,medical,0.584998859934932
53,32474.06,743.3,0.4613,8282.18,employed,home_improvement,0.3056419113254562
48,67564.7,657.0,0.2433,12894.74,self_employed,business,0.42859493142318733
58,49067.91,726.8,0.2418,7214.3,employed,debt_consolidation,0.1997647595106489
53,37306.17,631.5,0.0967,41572.51,employed,home_improvement,0.5214586935169799
34,59698.85,768.0,0.2024,9895.28,employed,debt_consolidation,0.2173866330753984
41,79910.11,722.7,0.1248,11793.6,employed,debt_consolidation,0.18981512781757165
62,47349.0,779.4,0.0614,41097.69,employed,medical,0.3237404580389556
27,89370.73,597.7,0.093,12870.0,employed,debt_consolidation,0.41008438467254427
30,124823.04,760.9,0.1381,13845.35,employed,debt_consolidation,0.1520994139239237
67,51675.32,571.7,0.1452,8654.79,employed,debt_consolidation,0.32400759155755093
41,40560.22,779.3,0.0681,13782.16,employed,education,0.12360330633881485
55,74694.22,702.9,0.043,14727.71,employed,debt_consolidation,0.15036296488958004
30,32160.53,598.9,0.1438,15723.53,self_employed,business,0.641962303390411
53,43142.11,637.4,0.0862,15573.98,employed,education,0.25894566381645634
60,106825.35,635.5,0.2164,12600.87,self_employed,debt_consolidation,0.3135228031509028
37,78859.64,649.7,0.3874,13588.74,self_employed,home_improvement,0.527066133493147
66,19400.33,615.9,0.153,9788.28,employed,debt_consolidation,0.3296997831789279
43,30937.48,698.7,0.378,29818.72,employed,education,0.6064597344372904
25,58776.5,661.2,0.1627,20061.49,employed,education,0.42905166042731707
68,24142.91,693.2,0.3466,60000.0,employed,debt_consolidation,0.8063365622111848
52,39140.47,680.0,0.0444,6087.36,employed,debt_consolidation,0.17179641753409067
64,33477.29,767.5,0.1792,14750.47,self_employed,education,0.16924840721503437
67,36943.82,783.8,0.1093,3771.73,retired,business,0.09887749839893735
22,85333.43,719.2,0.2615,46651.91,self_employed,business,0.7610118564685407
56,66713.6,700.2,0.3838,25821.36,employed,medical,0.5785439733494339
23,45299.57,678.0,0.2284,22383.37,self_employed,debt_consolidation,0.6564572865139857
35,35940.26,704.1,0.1389,13602.2,employed,debt_consolidation,0.32987946443708643
27,142181.05,694.5,0.13,38242.64,employed,home_improvement,0.33846151905363225
60,96287.93,662.2,0.3299,14320.64,self_employed,business,0.38916208619688614
42,23345.04,618.6,0.1766,4867.18,retired,debt_consolidation,0.4925882468347769
53,72216.69,763.1,0.0744,11197.4,employed,business,0.10191861098557957
39,27094.87,609.9,0.3194,13181.77,employed,home_improvement,0.5549811471561472
58,20030.99,676.0,0.215,12196.47,employed,education,0.27852211823599976
63,41289.26,599.5,0.0677,16123.47,employed,debt_consolidation,0.32514879095112426
44,71656.39,737.2,0.1993,14380.9,self_employed,debt_consolidation,0.29018897312514935
24,41728.99,619.5,0.3508,9807.63,employed,debt_consolidation,0.66713145664688
35,21530.12,585.2,0.4012,15030.71,employed,education,0.7273288933566062
29,98109.97,615.8,0.3307,11252.31,unemployed,home_improvement,0.7931299028443525
52,32111.02,693.9,0.1442,16043.98,employed,medical,0.37116493470765055
40,46726.67,739.2,0.1104,8667.27,self_employed,debt_consolidation,0.23564977977095408
30,56178.07,726.1,0.0488,14522.72,employed,education,0.18442743216132454
57,44611.86,730.9,0.3359,15677.17,unemployed,debt_consolidation,0.7066598880438306
69,51852.05,652.3,0.2703,12015.43,employed,debt_consolidation,0.3108666749854224
60,52052.28,796.0,0.2826,3216.91,employed,business,0.1175759486999445
56,36981.75,675.7,0.1192,13956.79,employed,debt_consolidation,0.26547147581968566
55,34654.58,765.9,0.1883,30148.26,self_employed,debt_consolidation,0.3944424284544022
51,20823.61,713.3,0.391,36566.81,employed,education,0.6364226511711176
21,82782.47,646.9,0.1078,13194.73,employed,business,0.37674971528920237
44,20596.33,632.6,0.0416,7699.72,employed,debt_consolidation,0.3008416883449399
42,73289.8,721.1,0.0779,44967.08,employed,debt_consolidation,0.4551289019660276
43,29175.28,706.3,0.4079,2880.86,employed,debt_consolidation,0.41319911134691173
55,22922.82,619.4,0.2706,13432.99,employed,home_improvement,0.41944692654206484
66,44250.21,632.5,0.4325,15977.92,employed,business,0.5468583223227519
32,33956.22,695.1,0.3367,5769.7,unemployed,education,0.7452395958659137
24,46252.87,802.4,0.3099,18397.07,employed,business,0.37735270282505234
66,32321.15,709.3,0.0399,13966.93,self_employed,home_improvement,0.14205520819168657
65,29690.21,821.5,0.2362,4688.26,employed,debt_consolidation,0.09862886539411242
22,51388.6,655.3,0.1474,18971.26,employed,business,0.5108973637729188
60,31883.92,691.3,0.3216,12909.88,employed,business,0.36892557871523834
46,72609.68,752.7,0.1297,4618.22,employed,home_improvement,0.08509842488114779
29,86446.17,719.5,0.2666,9463.09,employed,medical,0.3788784890331923
54,32711.17,762.7,0.3828,24663.59,employed,debt_consolidation,0.4480686453444616
62,22173.28,666.5,0.3696,8873.61,employed,medical,0.5068629439217023
32,131255.03,513.8,0.1468,9861.36,employed,medical,0.5504936558649713
45,32489.68,650.4,0.3162,8776.5,retired,debt_consolidation,0.5626189658619652
52,62793.49,667.1,0.3681,11980.0,employed,home_improvement,0.3435028121491806
30,36439.49,677.6,0.261,31298.49,self_employed,debt_consolidation,0.7422288672780101
48,111229.09,656.3,0.2992,60000.0,self_employed,debt_consolidation,0.827781940939262
30,44459.37,693.0,0.1755,5255.07,employed,debt_consolidation,0.308410948651263
29,119245.35,720.1,0.2206,16832.19,employed,debt_consolidation,0.2818790756172453
41,76618.91,710.5,0.3774,10263.44,employed,home_improvement,0.29342158828313913
30,43702.52,697.4,0.2341,60000.0,employed,debt_consolidation,0.8417190403412302
21,110090.09,708.7,0.1777,30461.81,employed,debt_consolidation,0.4545124387194065
44,29055.29,742.1,0.0778,10456.04,employed,debt_consolidation,0.18578564572404258
28,60008.22,757.3,0.3403,27713.92,employed,education,0.46841464155134493
67,21005.56,682.2,0.0554,32517.93,employed,home_improvement,0.2709974084495534
45,45797.92,627.0,0.2057,8747.12,retired,education,0.4120553431664632
67,36648.15,655.7,0.0632,3551.18,self_employed,debt_consolidation,0.19052907845231307
46,46366.5,732.0,0.0342,11783.23,self_employed,debt_consolidation,0.19976688116211105
33,17083.92,640.1,0.1676,7579.57,unemployed,home_improvement,0.7296943634879028
22,74760.0,545.2,0.1718,10766.51,employed,debt_consolidation,0.607749902424081
23,72999.06,685.3,0.0375,10269.19,employed,debt_consolidation,0.2499285847878927
48,42218.28,644.8,0.0951,11442.42,self_employed,debt_consolidation,0.3650309246950704
56,61182.8,714.3,0.2865,7257.94,employed,debt_consolidation,0.2334164728011535
57,79685.54,762.6,0.2455,12434.61,employed,business,0.15899701299935268
64,21540.08,715.9,0.2144,29405.78,employed,education,0.338786292116839
41,65334.8,735.2,0.0912,5560.85,employed,home_improvement,0.10204254414537384
48,145366.56,630.2,0.0874,13345.03,employed,home_improvement,0.1333543153804388
43,36685.25,686.7,0.1243,10950.43,unemployed,debt_consolidation,0.6528904120046298
62,66258.55,601.4,0.436,16820.5,employed,home_improvement,0.5088087122332356
35,67056.19,722.6,0.0858,3906.65,employed,debt_consolidation,0.156267900330612
50,37892.6,599.1,0.1533,14580.36,employed,business,0.44869750772721145
28,43791.35,719.8,0.1154,20430.13,employed,debt_consolidation,0.37033827200536884
49,66627.53,651.1,0.2702,20736.99,employed,home_improvement,0.38447423637533223
58,35017.99,729.1,0.6613,23081.71,employed,home_improvement,0.6176638816677693
32,97778.54,634.3,0.4811,8083.04,employed,education,0.5166892018252548
47,24702.21,657.6,0.2078,9796.79,unemployed,home_improvement,0.6754852852079639
66,45261.46,686.4,0.3601,20845.86,employed,debt_consolidation,0.43916758606098993
43,49883.77,660.4,0.1045,60000.0,employed,home_improvement,0.6880535066746074
54,36412.08,574.6,0.1934,18606.34,employed,business,0.5523207590435671
41,62870.14,718.9,0.1479,4069.6,self_employed,debt_consolidation,0.22482840594590062
45,21428.29,724.3,0.0514,3686.87,employed,home_improvement,0.11394074643659015
43,34329.14,711.3,0.1155,5183.08,employed,debt_consolidation,0.2044136029292673
54,42324.07,667.9,0.2475,10774.94,employed,home_improvement,0.26720153835929933
46,64867.09,665.0,0.2522,18203.21,employed,education,0.3583770576039953
28,25127.62,707.8,0.2622,6825.86,self_employed,debt_consolidation,0.48593808022824314
61,55787.91,696.9,0.2353,7989.7,employed,business,0.21425530703177273
30,22214.37,629.0,0.114,12771.03,employed,debt_consolidation,0.48554144130203797
59,35882.17,681.2,0.181,6316.9,employed,home_improvement,0.1699966430189179
45,79400.27,721.4,0.1055,6886.41,employed,home_improvement,0.10290835376697084
43,69856.33,751.2,0.1919,18284.58,employed,home_improvement,0.1847679674835973
50,47212.25,719.1,0.0366,9610.9,self_employed,debt_consolidation,0.18712556422136511
38,51766.64,723.9,0.0909,3842.34,employed,debt_consolidation,0.16457810255771085
36,54079.88,728.9,0.0986,15178.03,self_employed,business,0.2965142912035921
48,61721.77,722.4,0.2681,21055.01,employed,home_improvement,0.28263094001105216
59,16242.59,697.0,0.3229,13186.74,unemployed,debt_consolidation,0.7615904808513625
31,34772.83,733.5,0.3267,11496.45,employed,education,0.3671871062645031
34,53425.27,581.5,0.0913,47300.78,employed,medical,0.8393706453059333
37,100634.09,710.8,0.4928,25968.06,employed,education,0.5403457437422453
59,47672.13,650.2,0.2965,9917.73,employed,debt_consolidation,0.3714393175206105
30,35429.88,769.2,0.2235,11158.67,employed,debt_consolidation,0.292534237746145
21,20223.12,725.8,0.0559,17930.16,employed,debt_consolidation,0.3658832771039656
35,20770.0,632.7,0.184,40851.31,employed,home_improvement,0.7059697335317398
43,109565.13,654.1,0.2407,13456.96,employed,business,0.3165500507089592
43,41494.07,681.0,0.1235,14619.22,employed,business,0.3118910325656119
23,15000.0,640.8,0.1528,21884.58,self_employed,home_improvement,0.6247668319115381
22,36295.66,760.4,0.4159,4526.35,employed,debt_consolidation,0.43689766904633676
57,51722.21,679.4,0.288,6352.28,self_employed,education,0.2885609689704332
51,81497.48,645.2,0.1151,11910.65,unemployed,home_improvement,0.5125850712157235
47,51376.89,678.0,0.2502,25951.66,employed,debt_consolidation,0.5026470225031645
35,87299.29,620.4,0.041,9672.46,self_employed,home_improvement,0.2536030743224614
37,61078.94,670.9,0.1689,16234.61,employed,debt_consolidation,0.379857293616573
44,52251.07,733.8,0.1819,19680.24,employed,debt_consolidation,0.30000965695065973
56,50783.01,634.7,0.4006,29839.48,self_employed,home_improvement,0.680922955600398
24,48025.48,717.8,0.1108,28266.33,retired,education,0.47455670746976025
42,241431.32,689.2,0.0933,10746.97,employed,medical,0.0880664700028754
55,80304.38,679.0,0.1213,12943.69,self_employed,debt_consolidation,0.24862224923129947
40,30394.04,669.6,0.277,22346.5,self_employed,debt_consolidation,0.6519334637115347
42,19323.78,644.2,0.2843,43337.81,employed,home_improvement,0.751535884110722
52,82024.11,771.4,0.5015,6764.0,unemployed,home_improvement,0.5576737834253056
47,25880.97,668.4,0.2674,4516.75,self_employed,home_improvement,0.347636366157977
53,49950.45,593.2,0.2056,7559.17,employed,debt_consolidation,0.3988383009974138
43,41494.62,684.2,0.2007,15955.34,employed,debt_consolidation,0.3861295622260399
48,52021.19,741.2,0.1536,13271.18,employed,education,0.1623067608650805
42,28827.66,648.1,0.4148,12669.52,employed,debt_consolidation,0.6317422380735273
58,62892.59,754.7,0.0357,15831.42,employed,debt_consolidation,0.11246201345222179
69,47884.72,620.6,0.1948,5854.34,employed,debt_consolidation,0.25845635927592253
68,112775.32,699.2,0.1802,15783.81,employed,home_improvement,0.1062250522385455
38,27453.47,789.1,0.1872,11090.36,employed,home_improvement,0.16270552930256288
28,29634.09,680.1,0.298,12844.58,self_employed,home_improvement,0.5310911545253323
51,76676.84,636.7,0.2851,16097.02,employed,business,0.42873137149367646
51,35380.83,599.9,0.1424,4751.81,employed,business,0.33967205039512854
57,51121.93,608.5,0.2851,5871.12,employed,debt_consolidation,0.3985677718948329
68,26086.43,733.0,0.3012,8291.79,employed,business,0.22463320321876515
69,88901.89,811.9,0.0753,16871.85,employed,debt_consolidation,0.05998576785580501
61,73872.49,680.3,0.5547,8686.07,employed,home_improvement,0.37474147268184194
23,30032.01,582.8,0.2419,12898.65,employed,debt_consolidation,0.6960735423141661
52,22426.0,691.5,0.3373,9431.66,employed,medical,0.4919714050140395
66,53668.32,619.5,0.1858,9376.7,employed,education,0.23224883480039638
23,72223.23,671.4,0.0628,19715.71,employed,debt_consolidation,0.37651366822895965
69,49328.91,709.4,0.1732,17176.13,retired,home_improvement,0.20481397712621024
58,61793.74,788.3,0.073,18991.34,employed,debt_consolidation,0.11486608307330715
29,58356.76,570.4,0.175,3571.78,employed,home_improvement,0.39449801009268237
49,15000.0,667.8,0.3254,21363.92,self_employed,debt_consolidation,0.6673216464763541
22,40397.47,749.0,0.2658,6742.94,employed,business,0.34070389567333514
29,91264.94,682.0,0.0978,3811.09,retired,business,0.24968047887830586
60,35082.89,549.4,0.2459,33416.71,unemployed,home_improvement,0.9084193080204116
49,74089.27,674.0,0.2566,26595.07,employed,debt_consolidation,0.4665395995193794
34,42955.42,669.6,0.0836,8578.03,employed,debt_consolidation,0.2905593422214227
25,32703.51,708.3,0.2776,41049.33,unemployed,business,0.9354392829735568
48,38390.41,727.0,0.0555,15329.72,employed,education,0.15629953810853311
54,51950.45,644.1,0.2675,11614.29,employed,debt_consolidation,0.39251156666567383
26,57236.22,595.5,0.4525,6637.16,employed,home_improvement,0.6372318576413942
32,36914.82,621.8,0.2581,13086.1,unemployed,home_improvement,0.8237500758557029
45,108637.8,592.9,0.2706,3966.72,employed,home_improvement,0.2710267120565639
55,39232.05,733.6,0.1411,10471.52,employed,debt_consolidation,0.1806911239677809
50,47727.24,622.2,0.1224,10239.83,employed,home_improvement,0.25189327800408595
38,102049.57,692.0,0.2823,27946.04,employed,debt_consolidation,0.4742832452886749
58,58136.94,648.5,0.01,13121.32,employed,home_improvement,0.14022783539539965
64,28769.64,564.4,0.0601,7190.41,employed,debt_consolidation,0.31113783205785184
34,50303.85,596.1,0.0723,9292.38,employed,business,0.3915052364300116
37,46401.41,598.0,0.303,20575.79,self_employed,business,0.7480624378870607
61,55693.6,737.8,0.0953,6898.9,employed,medical,0.14298973044367372
33,105699.53,649.0,0.3239,13590.56,employed,business,0.45362565186688314
31,26753.42,626.1,0.2738,20461.16,self_employed,debt_consolidation,0.7471563992685532
49,34317.23,665.3,0.0551,49417.04,self_employed,home_improvement,0.6042684567022202
62,144828.88,649.6,0.2032,9020.12,employed,home_improvement,0.11005534603069887
57,52753.07,676.1,0.1637,5879.39,employed,home_improvement,0.15219795935308608
30,32241.31,636.5,0.2407,6462.12,employed,debt_consolidation,0.49677681826596365
27,38689.56,593.1,0.2416,24085.31,self_employed,debt_consolidation,0.7955985048222148
56,49906.16,750.5,0.2099,22158.77,employed,debt_consolidation,0.26685638751509705
66,36313.43,643.5,0.4052,16311.57,employed,home_improvement,0.4365685930981377
53,43302.94,601.4,0.4044,5888.55,employed,home_improvement,0.46081332647562484
68,31862.55,746.4,0.2336,17648.14,employed,debt_consolidation,0.23072958787628953
57,54841.35,658.0,0.192,28729.7,self_employed,business,0.523791901925059
56,59174.5,622.8,0.1892,19367.71,employed,home_improvement,0.33264118896607847
40,49961.37,671.9,0.1187,9368.98,employed,debt_consolidation,0.28105712898148644
66,56993.57,725.2,0.2212,7852.32,employed,education,0.12523717115012864
68,32312.86,682.7,0.1088,24526.87,employed,debt_consolidation,0.2919550824231594
45,59355.19,614.1,0.5126,17361.5,employed,business,0.7311029009269547
52,35676.28,675.7,0.0879,15019.79,self_employed,business,0.3281913561252181
41,28837.85,709.8,0.0673,10196.26,employed,home_improvement,0.16988769133243928
59,40486.54,622.0,0.3213,11989.48,unemployed,home_improvement,0.7504610294979828
24,34429.32,651.2,0.095,8131.17,employed,debt_consolidation,0.3893120891837961
34,61807.25,758.6,0.1654,36323.15,employed,business,0.4323688809178669
44,25771.27,599.2,0.0944,7122.83,employed,debt_consolidation,0.3831876488492115
25,31457.76,762.5,0.5318,19479.2,employed,medical,0.7432725706427475
56,34720.91,661.7,0.2624,7019.14,retired,business,0.40720821166515575
45,89493.6,757.4,0.2962,18617.29,employed,debt_consolidation,0.2724265804013229
69,41728.93,755.9,0.1459,10672.03,employed,education,0.09440543216874969
41,75196.75,850.0,0.4672,23475.3,self_employed,debt_consolidation,0.4087904816729168
46,51798.39,722.1,0.0515,15337.32,employed,debt_consolidation,0.19139291782658147
37,63007.43,725.0,0.0781,26757.06,employed,business,0.3085811121074893
61,93371.22,650.7,0.1898,11412.01,retired,debt_consolidation,0.2860445939082175
26,89940.11,713.1,0.3964,6306.93,employed,debt_consolidation,0.3988626816647789
53,30926.26,774.3,0.2468,5394.01,employed,home_improvement,0.12872004041668705
55,94463.59,689.8,0.5409,15836.87,employed,debt_consolidation,0.5009015197995433
41,77669.34,701.9,0.2671,19618.21,employed,debt_consolidation,0.38909781859173176
26,72905.11,622.0,0.0591,18800.88,self_employed,home_improvement,0.4171573435654852
66,98659.21,645.7,0.3037,13947.09,employed,debt_consolidation,0.29837614253009487
22,48993.49,690.2,0.1455,26393.03,employed,home_improvement,0.4419217994175341
54,97042.13,697.7,0.364,7422.63,retired,home_improvement,0.2569295453218425
59,51381.99,695.0,0.1362,13070.76,self_employed,debt_consolidation,0.264227733364003
69,37381.41,741.3,0.1772,24653.67,unemployed,business,0.5973195154920962
36,36272.21,683.6,0.1022,7902.69,unemployed,debt_consolidation,0.6466924451247321
49,63710.23,721.2,0.1839,13919.17,employed,debt_consolidation,0.23350559466569656
34,142915.65,760.8,0.0871,5344.34,self_employed,debt_consolidation,0.100579318427859
35,39114.51,668.0,0.2689,4991.86,employed,debt_consolidation,0.4080833242233906
22,39517.43,717.0,0.2078,32613.34,employed,debt_consolidation,0.6202362135291989
45,55170.86,612.2,0.1179,7890.81,employed,debt_consolidation,0.32905101176561685
63,57056.1,693.8,0.2756,35471.83,employed,debt_consolidation,0.4974636495276772
62,56965.54,688.6,0.2124,8975.88,employed,debt_consolidation,0.2168606583272186
54,30643.36,777.5,0.3824,12836.04,employed,business,0.30494960826931555
63,64561.82,707.0,0.1205,11755.09,employed,debt_consolidation,0.15339024279583408
58,29499.84,684.3,0.1084,34849.04,self_employed,debt_consolidation,0.5168754188567694
44,36935.11,673.6,0.1191,7599.2,employed,business,0.26261715488597004
39,66283.59,643.3,0.2904,4525.72,employed,home_improvement,0.3094459032059098
25,101344.17,811.7,0.2597,35922.79,employed,business,0.38490953828180835
69,15000.0,724.4,0.1765,15824.2,self_employed,medical,0.35685569713345244
49,106738.83,740.7,0.1911,5993.43,self_employed,home_improvement,0.11350007653336902
37,36473.49,646.7,0.1367,60000.0,self_employed,home_improvement,0.8228472918610479
50,116524.16,542.8,0.29,10973.17,employed,debt_consolidation,0.4848259500374233
42,90883.47,577.2,0.1885,21233.77,employed,debt_consolidation,0.534110270999161
24,114608.35,594.0,0.1937,8527.09,employed,debt_consolidation,0.4255492926510977
35,66564.82,699.8,0.1152,39299.4,employed,debt_consolidation,0.5190214982128922
59,32083.74,653.7,0.099,6448.2,employed,debt_consolidation,0.21966397133102072
52,25355.35,628.2,0.2443,34579.24,employed,home_improvement,0.6110112896790156
47,37820.52,662.7,0.0217,13355.26,employed,home_improvement,0.1873740022963797
30,20715.49,655.7,0.2082,3928.99,employed,home_improvement,0.3427797516155558
60,40993.23,704.4,0.0502,10965.1,employed,business,0.14919272972364409
55,32173.07,774.2,0.1736,3448.4,employed,debt_consolidation,0.1259935118825895
66,116958.77,620.1,0.1532,21946.38,self_employed,education,0.2698235534034513
69,42455.87,701.5,0.3936,13635.89,self_employed,debt_consolidation,0.42776591223746174
32,89807.07,759.8,0.398,20909.67,employed,home_improvement,0.34681817108518964
55,80515.19,712.0,0.1648,6435.45,employed,home_improvement,0.10596010155361836
64,66770.35,670.5,0.2588,27683.36,self_employed,medical,0.5731566641992629
45,47336.43,655.1,0.01,3288.24,employed,home_improvement,0.1293298383038769
28,27854.51,596.4,0.2455,9347.76,employed,debt_consolidation,0.6224909001972913
55,57048.49,725.9,0.1792,6576.93,employed,debt_consolidation,0.16439858368974614
41,34827.95,694.4,0.3227,26918.5,unemployed,debt_consolidation,0.8808529320541548
32,71447.34,712.6,0.4331,11788.1,employed,business,0.48621121937680567
50,77438.38,552.8,0.378,9840.08,employed,education,0.5378105298655316
40,49861.88,731.5,0.0265,20424.6,employed,business,0.22046628167335905
35,36401.11,654.2,0.1566,11998.86,retired,debt_consolidation,0.4962080726943973
52,54858.03,631.6,0.0581,25772.0,employed,debt_consolidation,0.3858704943844264
69,25331.99,586.9,0.4382,11178.7,retired,business,0.6817722975275241
37,26453.0,791.5,0.2584,11503.12,employed,home_improvement,0.2044189011847896
68,140491.46,694.5,0.1442,10511.06,employed,business,0.08946683430382953
48,71599.57,722.1,0.1998,3132.45,self_employed,medical,0.2658284923004846
46,69669.46,657.0,0.306,19743.65,employed,education,0.42368100578540396
57,55496.21,604.1,0.233,17000.68,self_employed,debt_consolidation,0.5409773575160123
53,32616.66,799.7,0.2424,24796.78,employed,business,0.27461176789299685
51,31280.75,659.6,0.2082,8527.03,self_employed,education,0.34250140271801
60,16619.95,733.4,0.263,5821.21,employed,home_improvement,0.17171306447271167
65,60136.71,608.8,0.1634,9380.36,employed,home_improvement,0.21314329427353584
26,39447.13,621.1,0.1744,52618.41,unemployed,home_improvement,0.9536432476752958
34,72490.59,666.8,0.0554,12078.52,employed,debt_consolidation,0.2576219476777357
54,29778.11,715.8,0.4007,12568.37,employed,business,0.4237345066265325
54,66117.87,716.1,0.3054,23877.06,employed,home_improvement,0.3098908021216648
23,31832.36,662.4,0.3458,12165.14,employed,debt_consolidation,0.636357114976704
45,92735.17,774.0,0.249,37115.03,employed,home_improvement,0.2918021915732661
28,76171.79,684.8,0.0817,9210.84,employed,education,0.19720964362821947
63,83260.33,684.5,0.0526,14598.07,employed,business,0.13783930179677942
47,50741.38,771.5,0.2158,40381.75,unemployed,business,0.7923761681996623
61,70076.68,663.5,0.1719,7787.5,employed,debt_consolidation,0.20216349171751966
24,36172.28,624.0,0.4003,15118.28,self_employed,debt_consolidation,0.801606149686572
26,94695.76,692.5,0.1891,3707.55,employed,debt_consolidation,0.2436432946626368
27,76754.53,677.7,0.5201,17003.85,self_employed,debt_consolidation,0.7524559804692896
50,26709.02,719.0,0.3774,33832.03,self_employed,business,0.7078273074979209
21,19825.2,647.1,0.2163,29920.98,employed,home_improvement,0.6760261246923525
53,68697.77,722.9,0.1624,15431.51,employed,education,0.16449236031264552
52,45466.95,632.6,0.2837,10226.68,unemployed,business,0.781089066440258
66,35037.21,763.2,0.4149,34793.95,employed,debt_consolidation,0.511676805660141
42,38292.76,640.3,0.1182,22192.03,self_employed,home_improvement,0.45190092323845854
62,22427.64,716.3,0.029,14332.66,employed,education,0.12791809821841493
26,43532.63,650.4,0.2103,9855.23,employed,debt_consolidation,0.4793529893609837
40,72388.55,714.5,0.1897,20050.83,self_employed,debt_consolidation,0.3915153550175856
58,71709.29,671.2,0.2722,4548.1,self_employed,debt_consolidation,0.2956906321295698
39,108379.23,651.0,0.3407,21068.77,unemployed,debt_consolidation,0.8318673617093857
29,27705.75,647.4,0.3015,8186.09,employed,business,0.5562746249010785
34,42329.36,678.8,0.357,3100.56,employed,education,0.3749543968999098
30,96019.54,704.1,0.2074,10021.01,employed,business,0.26683440674315845
30,64961.02,714.5,0.2898,11024.88,employed,debt_consolidation,0.38094600568869424
37,20769.25,644.6,0.205,5277.77,retired,debt_consolidation,0.5060318827585354
57,69246.77,699.2,0.3447,8327.99,self_employed,home_improvement,0.27144719378620397
56,63636.1,735.8,0.4478,38563.44,employed,home_improvement,0.5366417551941954
63,31041.21,732.2,0.248,11901.77,employed,debt_consolidation,0.23600645111713137
48,42646.68,691.3,0.0821,11519.0,employed,debt_consolidation,0.22498175406419177
31,63728.01,689.1,0.254,18404.46,employed,medical,0.5495136314138223
58,68800.81,678.7,0.2111,18300.27,self_employed,home_improvement,0.2881852323778975
37,22516.58,715.5,0.2554,12318.42,employed,home_improvement,0.3226367819102549
45,40906.09,748.0,0.2707,20662.85,employed,education,0.3065500106810427
27,34505.15,750.7,0.2143,18837.59,employed,home_improvement,0.32073789377776524
23,53819.88,669.0,0.1666,19048.38,employed,home_improvement,0.40831379970757253
37,21085.08,719.0,0.2833,8587.43,employed,debt_consolidation,0.38983324894149246
57,77330.02,752.6,0.447,36565.08,employed,debt_consolidation,0.5429675244756128
43,81334.05,680.1,0.1611,16905.32,unemployed,business,0.6640803833418668
65,125999.74,712.2,0.013,9943.83,employed,debt_consolidation,0.06114454632631748
45,65346.56,727.2,0.0477,16522.09,employed,home_improvement,0.13067595332173085
66,217684.21,733.4,0.1538,22219.84,unemployed,debt_consolidation,0.25479030636585165
57,15141.47,633.0,0.2421,9664.69,employed,business,0.41995874541246253
24,32422.24,607.2,0.2391,10649.87,employed,debt_consolidation,0.6232004232926087
32,49800.68,655.9,0.2092,9919.58,retired,education,0.43612712714165786
30,91286.92,784.3,0.1572,9775.85,employed,education,0.11768993170373394
57,84733.55,663.6,0.3913,15779.57,employed,home_improvement,0.3399370889004206
63,52791.52,728.6,0.1417,16140.72,employed,home_improvement,0.132055734837993
45,33250.26,653.6,0.3342,21572.71,employed,education,0.5508500716227568
62,138036.21,595.9,0.3101,11637.62,employed,business,0.30772839886543796
51,64687.8,681.8,0.0826,11165.38,employed,debt_consolidation,0.1946900733121651
36,21422.13,645.5,0.2739,6739.51,retired,business,0.5776956669735387
25,63334.26,637.2,0.1639,21121.0,employed,business,0.5413377914294386
40,96759.98,733.5,0.0695,11252.64,employed,business,0.1319140275338825
22,15000.0,565.5,0.3376,7929.25,employed,business,0.7687024525717764
48,47826.21,763.6,0.1675,4000.49,self_employed,debt_consolidation,0.1772185131664638
68,33234.2,582.7,0.207,17909.29,employed,education,0.4080888957931401
54,56982.48,573.0,0.2102,12814.34,employed,debt_consolidation,0.4746400460932414
24,35332.03,743.3,0.1383,7378.02,unemployed,debt_consolidation,0.6308692263573702
47,63142.64,702.4,0.1776,6968.57,employed,education,0.1678346085606395
59,105370.71,656.7,0.2318,18465.81,employed,business,0.2840740201108624
33,68967.71,595.4,0.2668,4791.98,self_employed,debt_consolidation,0.5620353141553719
58,20181.58,700.1,0.0612,50398.67,employed,debt_consolidation,0.5544096068277153
31,85859.85,767.1,0.395,10996.66,employed,debt_consolidation,0.3331486655205882
49,32620.98,724.3,0.2512,16158.77,employed,home_improvement,0.2686845866544273
47,25655.94,633.2,0.1138,36846.79,self_employed,medical,0.7580771984886923
54,20428.3,658.7,0.7254,12248.19,employed,home_improvement,0.7257856933287127
55,54525.97,710.6,0.116,46992.1,employed,home_improvement,0.40515237311070884
42,42232.59,710.9,0.1009,23110.79,employed,debt_consolidation,0.33286684974325703
22,54071.86,774.8,0.314,12832.86,retired,home_improvement,0.36723836878467997
34,119939.23,713.8,0.3441,13403.88,employed,debt_consolidation,0.3289389267182323
28,47431.97,752.0,0.2182,12039.76,unemployed,debt_consolidation,0.682443624577316
48,67083.03,644.8,0.1109,9854.09,employed,business,0.2535733600377738
21,80447.16,662.6,0.1986,25157.14,self_employed,debt_consolidation,0.6313158422928579
39,37916.28,702.5,0.2245,12948.94,unemployed,business,0.7318121160912708
40,135214.13,762.1,0.3638,35283.49,employed,home_improvement,0.3316478131397334
45,44775.93,735.8,0.07,13762.59,employed,debt_consolidation,0.18754590162920454
51,15000.0,770.9,0.1333,7152.19,employed,home_improvement,0.11485386216334399
56,38099.15,609.4,0.3121,4930.28,employed,home_improvement,0.3532902618046874
30,56190.48,712.7,0.477,14223.55,unemployed,medical,0.9061534358000636
55,30069.86,628.8,0.2,7137.77,employed,debt_consolidation,0.3550843022079539
35,80627.98,772.1,0.6052,10239.2,employed,business,0.47650565239367965
21,29694.37,598.0,0.2075,22930.4,unemployed,debt_consolidation,0.9319576642758933
34,91401.69,624.4,0.1532,6191.34,employed,debt_consolidation,0.3103409113414531
57,58623.23,745.3,0.0619,60000.0,employed,debt_consolidation,0.5016230302480088
23,51682.26,615.0,0.0477,10846.98,unemployed,education,0.7148768234438736
52,22079.42,651.4,0.3465,5456.79,employed,home_improvement,0.3639386677430556
65,49360.41,714.4,0.1026,9589.77,employed,home_improvement,0.09916156795431298
32,32135.37,720.3,0.1874,10454.27,self_employed,debt_consolidation,0.40091987930724876
39,91408.37,749.6,0.3395,11150.9,unemployed,business,0.6362785025075134
47,35830.64,608.5,0.2549,7416.74,employed,debt_consolidation,0.4715717878105547
58,55586.52,665.8,0.5676,7773.31,self_employed,home_improvement,0.5264909982568361
66,82053.49,732.6,0.1156,26074.9,self_employed,home_improvement,0.16924973703761606
62,36745.53,766.7,0.1472,12781.5,self_employed,debt_consolidation,0.18585822507189975
54,117926.69,590.8,0.1115,9810.72,employed,debt_consolidation,0.23331488533152311
49,24665.19,737.6,0.5111,13879.72,employed,debt_consolidation,0.5367980593167642
30,131532.55,746.7,0.0644,52239.03,employed,home_improvement,0.3363503662384513
22,49562.13,632.6,0.186,17868.32,self_employed,debt_consolidation,0.6531208808865444
36,52775.03,709.9,0.3306,6830.3,employed,debt_consolidation,0.3732936335670206
51,25491.68,635.7,0.017,5380.69,employed,debt_consolidation,0.22425125681804342
57,84410.02,538.2,0.0224,16541.32,employed,home_improvement,0.26954581155055124
56,33888.14,593.9,0.1098,60000.0,self_employed,home_improvement,0.8083568225935114
66,63954.77,767.9,0.1651,9187.68,employed,home_improvement,0.07328290058975764
25,28921.6,691.5,0.1463,37479.13,employed,home_improvement,0.5792092090299572
45,41014.26,556.4,0.5327,12231.9,self_employed,medical,0.8878910512183344
63,32557.46,770.7,0.2175,6064.7,employed,business,0.13611316372182183
39,15906.19,658.6,0.3918,26283.69,employed,home_improvement,0.6800272176647464
37,52040.86,610.3,0.1394,7209.11,employed,home_improvement,0.30582769684202454
26,43294.76,752.5,0.1758,9227.75,employed,debt_consolidation,0.27216887288028263
31,168562.72,728.2,0.2154,4821.62,employed,debt_consolidation,0.12426204853502303
69,50617.03,625.7,0.3556,12035.45,self_employed,business,0.4950682934783963
42,38961.98,628.8,0.2762,37119.39,employed,medical,0.8124873495612497
55,68907.13,682.5,0.2593,26597.94,self_employed,debt_consolidation,0.5041919692938827
24,51106.97,655.3,0.1132,9142.73,employed,debt_consolidation,0.37601851411021325
55,126115.7,683.9,0.1708,5957.45,employed,debt_consolidation,0.12799902056349477
50,55495.03,605.5,0.2706,5665.5,unemployed,home_improvement,0.701826620389522
31,25221.35,709.4,0.2671,9106.79,employed,medical,0.5024011179920961
56,51115.96,552.2,0.4049,28093.52,self_employed,debt_consolidation,0.8421647688074607
51,57049.8,675.2,0.3351,3390.9,self_employed,debt_consolidation,0.3877778590854433
47,18404.92,745.7,0.0584,7407.38,employed,home_improvement,0.11424812340889896
65,22555.81,685.5,0.1876,16871.01,employed,debt_consolidation,0.3081543600164732
23,23706.81,589.6,0.349,10596.42,employed,education,0.6947838023010708
26,54630.01,629.1,0.1567,18477.56,unemployed,home_improvement,0.7938212873489224
35,18501.92,730.9,0.0636,7546.76,employed,business,0.21223241973223791
48,100461.08,674.7,0.0466,17375.15,self_employed,home_improvement,0.17871200277361501
25,188394.14,685.4,0.2782,15147.41,unemployed,debt_consolidation,0.6331040433350554
55,31462.66,673.6,0.1224,9822.85,unemployed,debt_consolidation,0.6118796136047709
58,98190.38,629.2,0.3946,13264.47,self_employed,debt_consolidation,0.5071672431661847
69,122096.7,654.6,0.1552,20509.1,self_employed,business,0.2407167981564318
55,36066.34,769.7,0.2427,21562.71,employed,debt_consolidation,0.28273411043179153
40,79909.49,675.7,0.1251,5964.41,employed,debt_consolidation,0.20990058153619676
57,48633.28,533.6,0.0772,4229.09,self_employed,debt_consolidation,0.4150064441499672
45,88178.26,676.3,0.097,28549.84,employed,debt_consolidation,0.3420076072145068
54,22025.27,679.5,0.2487,18873.29,employed,home_improvement,0.35680921115422193
50,46766.65,669.7,0.1297,10300.97,employed,debt_consolidation,0.2616877057833858
23,23595.27,798.3,0.2742,3902.93,employed,education,0.22021363618595652
50,43132.63,629.4,0.3831,11517.37,employed,education,0.48636087911085296
38,31740.99,745.4,0.5913,22154.78,self_employed,debt_consolidation,0.7677040293221294
58,46473.68,707.2,0.1057,11340.15,retired,debt_consolidation,0.23260180157489294
51,43936.94,631.6,0.2168,30310.53,employed,business,0.590885545582529
57,88145.72,645.8,0.1368,60000.0,self_employed,debt_consolidation,0.7436089468031349
66,35702.95,677.7,0.2845,16724.92,unemployed,education,0.6739015609145782
37,15000.0,727.4,0.1507,23048.96,employed,debt_consolidation,0.420629890869836
41,44519.44,751.3,0.6396,8579.96,employed,business,0.5663778462601666
38,165468.12,718.2,0.0584,30238.89,employed,home_improvement,0.1350424495641894
26,50555.49,703.0,0.2973,8128.02,employed,home_improvement,0.3404213081541435
30,24503.23,658.8,0.2473,32717.86,employed,medical,0.7914280283072016
42,84819.38,710.7,0.1272,21296.24,employed,debt_consolidation,0.2658895449739471
45,64063.46,670.9,0.2807,5264.7,employed,debt_consolidation,0.31954983211865146
49,52757.59,630.8,0.3541,9708.28,employed,home_improvement,0.4063959392570908
43,25483.17,628.0,0.148,36067.24,employed,debt_consolidation,0.6767498634524385
67,73202.37,793.8,0.2747,8208.32,employed,debt_consolidation,0.10780665788374344
